ISO-10303-21;
HEADER;
/* Generated by software containing ST-Developer
 * from STEP Tools, Inc. (www.steptools.com) 
 */
/* OPTION: using custom renumber hook */

FILE_DESCRIPTION(
/* description */ ('STEP AP242',
'CAx-IF Rec.Pracs.---Representation and Presentation of Product Manufa
cturing Information (PMI)---4.0---2014-10-13',
'CAx-IF Rec.Pracs.---3D Tessellated Geometry---0.4---2014-09-14','2;1'),

/* implementation_level */ '2;1');

FILE_NAME(
/* name */ '681680a0e73fa14b51bb7a46',
/* time_stamp */ '2025-05-03T20:46:25Z',
/* author */ (''),
/* organization */ (''),
/* preprocessor_version */ 'ST-DEVELOPER v20',
/* originating_system */ 'ONSHAPE BY PTC INC, 1.197',
/* authorisation */ '  ');

FILE_SCHEMA (('AP242_MANAGED_MODEL_BASED_3D_ENGINEERING_MIM_LF { 1 0 10303 442 1 1 4 }'));
ENDSEC;

DATA;
#10=SHAPE_REPRESENTATION_RELATIONSHIP('','',#4164,#11);
#11=ADVANCED_BREP_SHAPE_REPRESENTATION('',(#4162),#9760);
#12=SPHERICAL_SURFACE('',#4383,0.003);
#13=SPHERICAL_SURFACE('',#4411,0.002);
#14=TOROIDAL_SURFACE('',#4358,0.00590640646055101,0.003);
#15=(
BOUNDED_SURFACE()
B_SPLINE_SURFACE(3,2,((#6954,#6955,#6956),(#6957,#6958,#6959),(#6960,#6961,
#6962),(#6963,#6964,#6965),(#6966,#6967,#6968)),.UNSPECIFIED.,.F.,.F.,.F.)
B_SPLINE_SURFACE_WITH_KNOTS((4,1,4),(3,3),(-5.17164436275586E-17,0.00294911131336865,
0.00589822262673735),(0.618730807595029,1.),.UNSPECIFIED.)
GEOMETRIC_REPRESENTATION_ITEM()
RATIONAL_B_SPLINE_SURFACE(((0.907812740064286,0.925502933744288,1.),(0.910174308147886,
0.927411330784335,1.),(0.915059561321558,0.931359132569622,1.),(0.920190857680047,
0.935505763297801,1.),(0.92268692981895,0.937522853855005,1.)))
REPRESENTATION_ITEM('')
SURFACE()
);
#16=(
BOUNDED_SURFACE()
B_SPLINE_SURFACE(3,2,((#6978,#6979,#6980),(#6981,#6982,#6983),(#6984,#6985,
#6986),(#6987,#6988,#6989),(#6990,#6991,#6992),(#6993,#6994,#6995),(#6996,
#6997,#6998),(#6999,#7000,#7001),(#7002,#7003,#7004),(#7005,#7006,#7007),
(#7008,#7009,#7010),(#7011,#7012,#7013),(#7014,#7015,#7016),(#7017,#7018,
#7019),(#7020,#7021,#7022),(#7023,#7024,#7025),(#7026,#7027,#7028)),
 .UNSPECIFIED.,.F.,.F.,.F.)
B_SPLINE_SURFACE_WITH_KNOTS((4,1,1,1,1,1,1,1,1,1,1,1,1,1,4),(3,3),(0.0413763092287829,
0.0426639558957394,0.0433077792292177,0.0436296908959569,0.0437906467293265,
0.043951602562696,0.0442735142294352,0.0445954258961743,0.0452392492296526,
0.0465268958966092,0.0478145425635658,0.0491021892305224,0.0516774825644356,
0.056828069232262,0.0619786559000884),(0.,1.),.UNSPECIFIED.)
GEOMETRIC_REPRESENTATION_ITEM()
RATIONAL_B_SPLINE_SURFACE(((1.,0.804607695193521,1.),(1.,0.804506954153277,
1.),(1.,0.804260531132032,1.),(1.,0.804298823863037,1.),(1.,0.803906781483244,
1.),(1.,0.804339405548476,1.),(1.,0.800845517019339,1.),(1.,0.797912505804846,
1.),(1.,0.792613095605685,1.),(1.,0.784066365259161,1.),(1.,0.772618056193929,
1.),(1.,0.760173960295181,1.),(1.,0.744915215164717,1.),(1.,0.721071851318294,
1.),(1.,0.694701377024953,1.),(1.,0.680766579319089,1.),(1.,0.676421498535682,
1.)))
REPRESENTATION_ITEM('')
SURFACE()
);
#17=(
BOUNDED_SURFACE()
B_SPLINE_SURFACE(3,2,((#7305,#7306,#7307),(#7308,#7309,#7310),(#7311,#7312,
#7313),(#7314,#7315,#7316),(#7317,#7318,#7319)),.UNSPECIFIED.,.F.,.F.,.F.)
B_SPLINE_SURFACE_WITH_KNOTS((4,1,4),(3,3),(0.,0.785398163397448,1.5707963267949),
(0.,1.),.UNSPECIFIED.)
GEOMETRIC_REPRESENTATION_ITEM()
RATIONAL_B_SPLINE_SURFACE(((1.,0.837337209273131,1.),(1.,0.837337209272695,
1.),(1.,0.811937323886218,1.),(1.,0.744340660502469,1.),(1.,0.707106781186548,
1.)))
REPRESENTATION_ITEM('')
SURFACE()
);
#18=(
BOUNDED_SURFACE()
B_SPLINE_SURFACE(3,2,((#7349,#7350,#7351),(#7352,#7353,#7354),(#7355,#7356,
#7357),(#7358,#7359,#7360),(#7361,#7362,#7363),(#7364,#7365,#7366),(#7367,
#7368,#7369)),.UNSPECIFIED.,.F.,.F.,.F.)
B_SPLINE_SURFACE_WITH_KNOTS((4,1,1,1,4),(3,3),(0.157842077211207,0.235459068699306,
0.313076060187406,0.390693051675505,0.468310043163604),(0.,1.),
 .UNSPECIFIED.)
GEOMETRIC_REPRESENTATION_ITEM()
RATIONAL_B_SPLINE_SURFACE(((1.,0.929814858239861,1.),(1.,0.93716683471502,
1.),(1.,0.945782731367253,1.),(1.,0.937269320609004,1.),(1.,0.909052053047425,
1.),(1.,0.880960633717752,1.),(1.,0.865736746609679,1.)))
REPRESENTATION_ITEM('')
SURFACE()
);
#19=(
BOUNDED_SURFACE()
B_SPLINE_SURFACE(3,2,((#7399,#7400,#7401),(#7402,#7403,#7404),(#7405,#7406,
#7407),(#7408,#7409,#7410),(#7411,#7412,#7413),(#7414,#7415,#7416),(#7417,
#7418,#7419)),.UNSPECIFIED.,.F.,.F.,.F.)
B_SPLINE_SURFACE_WITH_KNOTS((4,1,1,1,4),(3,3),(1.66990692193947,2.0626060036382,
2.45530508533692,2.84800416703565,3.24070324873437),(0.,1.),
 .UNSPECIFIED.)
GEOMETRIC_REPRESENTATION_ITEM()
RATIONAL_B_SPLINE_SURFACE(((1.,0.721099174293706,1.),(1.,0.739340277949925,
1.),(1.,0.773663513180972,1.),(1.,0.812787741295486,1.),(1.,0.835704484283843,
1.),(1.,0.838803451647218,1.),(1.,0.837241236432472,1.)))
REPRESENTATION_ITEM('')
SURFACE()
);
#20=(
BOUNDED_SURFACE()
B_SPLINE_SURFACE(3,2,((#7464,#7465,#7466),(#7467,#7468,#7469),(#7470,#7471,
#7472),(#7473,#7474,#7475),(#7476,#7477,#7478),(#7479,#7480,#7481),(#7482,
#7483,#7484)),.UNSPECIFIED.,.F.,.F.,.F.)
B_SPLINE_SURFACE_WITH_KNOTS((4,1,1,1,4),(3,3),(1.5707963267949,1.96349540849362,
2.35619449019234,2.74889357189107,3.14159265358979),(0.,1.),
 .UNSPECIFIED.)
GEOMETRIC_REPRESENTATION_ITEM()
RATIONAL_B_SPLINE_SURFACE(((1.,0.707106781186548,1.),(1.,0.729109290687967,
1.),(1.,0.770981162297221,1.),(1.,0.820368252006865,1.),(1.,0.851740408583461,
1.),(1.,0.858900820331475,1.),(1.,0.858900820331155,1.)))
REPRESENTATION_ITEM('')
SURFACE()
);
#21=(
BOUNDED_SURFACE()
B_SPLINE_SURFACE(3,2,((#7488,#7489,#7490),(#7491,#7492,#7493),(#7494,#7495,
#7496),(#7497,#7498,#7499),(#7500,#7501,#7502)),.UNSPECIFIED.,.F.,.F.,.F.)
B_SPLINE_SURFACE_WITH_KNOTS((4,1,4),(3,3),(5.57766108321184,6.25218298392199,
6.92670488463213),(0.,1.),.UNSPECIFIED.)
GEOMETRIC_REPRESENTATION_ITEM()
RATIONAL_B_SPLINE_SURFACE(((1.,0.858900820331154,1.),(1.,0.885402644787094,
1.),(1.,0.914518326474869,1.),(1.,0.890234503938762,1.),(1.,0.865910064430307,
1.)))
REPRESENTATION_ITEM('')
SURFACE()
);
#22=(
BOUNDED_SURFACE()
B_SPLINE_SURFACE(3,2,((#7510,#7511,#7512),(#7513,#7514,#7515),(#7516,#7517,
#7518),(#7519,#7520,#7521),(#7522,#7523,#7524)),.UNSPECIFIED.,.F.,.F.,.F.)
B_SPLINE_SURFACE_WITH_KNOTS((4,1,4),(3,3),(6.50493783255421,7.17945973326435,
7.85398163397448),(0.,1.),.UNSPECIFIED.)
GEOMETRIC_REPRESENTATION_ITEM()
RATIONAL_B_SPLINE_SURFACE(((1.,0.980928162711979,1.),(1.,0.982880563408061,
1.),(1.,0.99301495965711,1.),(1.,0.99999999999972,1.),(1.,1.,1.)))
REPRESENTATION_ITEM('')
SURFACE()
);
#23=(
BOUNDED_SURFACE()
B_SPLINE_SURFACE(3,2,((#7526,#7527,#7528),(#7529,#7530,#7531),(#7532,#7533,
#7534),(#7535,#7536,#7537)),.UNSPECIFIED.,.F.,.F.,.F.)
B_SPLINE_SURFACE_WITH_KNOTS((4,4),(3,3),(0.765869031596118,0.827973373853736),
(0.,1.),.PIECEWISE_BEZIER_KNOTS.)
GEOMETRIC_REPRESENTATION_ITEM()
RATIONAL_B_SPLINE_SURFACE(((1.,0.974180932763445,1.),(1.,0.978383542726835,
1.),(1.,0.980610867851779,1.),(1.,0.98092816271198,1.)))
REPRESENTATION_ITEM('')
SURFACE()
);
#24=(
BOUNDED_SURFACE()
B_SPLINE_SURFACE(3,2,((#7541,#7542,#7543),(#7544,#7545,#7546),(#7547,#7548,
#7549),(#7550,#7551,#7552),(#7553,#7554,#7555),(#7556,#7557,#7558),(#7559,
#7560,#7561)),.UNSPECIFIED.,.F.,.F.,.F.)
B_SPLINE_SURFACE_WITH_KNOTS((4,1,1,1,4),(3,3),(3.14159265358979,3.53429173528852,
3.92699081698724,4.31968989868597,4.71238898038469),(0.,1.),
 .UNSPECIFIED.)
GEOMETRIC_REPRESENTATION_ITEM()
RATIONAL_B_SPLINE_SURFACE(((1.,0.974180932763444,1.),(1.,0.974180932763684,
1.),(1.,0.977017291065634,1.),(1.,0.987195979637775,1.),(1.,0.997248073959873,
1.),(1.,1.00000000000008,1.),(1.,1.,1.)))
REPRESENTATION_ITEM('')
SURFACE()
);
#25=(
BOUNDED_SURFACE()
B_SPLINE_SURFACE(3,2,((#7562,#7563,#7564),(#7565,#7566,#7567),(#7568,#7569,
#7570),(#7571,#7572,#7573)),.UNSPECIFIED.,.F.,.F.,.F.)
B_SPLINE_SURFACE_WITH_KNOTS((4,4),(3,3),(1.47451495458029E-17,0.0192681535520831),
(0.,1.),.PIECEWISE_BEZIER_KNOTS.)
GEOMETRIC_REPRESENTATION_ITEM()
RATIONAL_B_SPLINE_SURFACE(((1.,0.988616546805046,1.),(1.,0.988195387188516,
1.),(1.,0.988015924946723,1.),(1.,0.987868886864814,1.)))
REPRESENTATION_ITEM('')
SURFACE()
);
#26=(
BOUNDED_SURFACE()
B_SPLINE_SURFACE(3,2,((#7575,#7576,#7577),(#7578,#7579,#7580),(#7581,#7582,
#7583),(#7584,#7585,#7586),(#7587,#7588,#7589),(#7590,#7591,#7592),(#7593,
#7594,#7595),(#7596,#7597,#7598)),.UNSPECIFIED.,.F.,.F.,.F.)
B_SPLINE_SURFACE_WITH_KNOTS((4,1,1,1,1,4),(3,3),(-3.55618312575245E-17,
0.00222415569959033,0.0044483113991807,0.00667246709877107,0.00778454494856625,
0.00889662279836144),(0.,1.),.UNSPECIFIED.)
GEOMETRIC_REPRESENTATION_ITEM()
RATIONAL_B_SPLINE_SURFACE(((1.,0.815135318203879,1.),(1.,0.83851049144881,
1.),(1.,0.880962762400372,1.),(1.,0.9312338391347,1.),(1.,0.96221535460033,
1.),(1.,0.979909001650895,1.),(1.,0.986303225926358,1.),(1.,0.988616546805046,
1.)))
REPRESENTATION_ITEM('')
SURFACE()
);
#27=(
BOUNDED_SURFACE()
B_SPLINE_SURFACE(3,2,((#7600,#7601,#7602),(#7603,#7604,#7605),(#7606,#7607,
#7608),(#7609,#7610,#7611)),.UNSPECIFIED.,.F.,.F.,.F.)
B_SPLINE_SURFACE_WITH_KNOTS((4,4),(3,3),(-9.54097911787244E-18,0.000807500299178625),
(0.,1.),.PIECEWISE_BEZIER_KNOTS.)
GEOMETRIC_REPRESENTATION_ITEM()
RATIONAL_B_SPLINE_SURFACE(((1.,0.806838062912773,1.),(1.,0.80957244099792,
1.),(1.,0.812335751035638,1.),(1.,0.81513531820388,1.)))
REPRESENTATION_ITEM('')
SURFACE()
);
#28=(
BOUNDED_SURFACE()
B_SPLINE_SURFACE(3,2,((#7613,#7614,#7615),(#7616,#7617,#7618),(#7619,#7620,
#7621),(#7622,#7623,#7624),(#7625,#7626,#7627)),.UNSPECIFIED.,.F.,.F.,.F.)
B_SPLINE_SURFACE_WITH_KNOTS((4,1,4),(3,3),(-3.33934269125535E-17,0.00318368150424844,
0.00636736300849692),(0.,1.),.UNSPECIFIED.)
GEOMETRIC_REPRESENTATION_ITEM()
RATIONAL_B_SPLINE_SURFACE(((1.,0.806838062912773,1.),(1.,0.785923311030963,
1.),(1.,0.722899299191975,1.),(1.,0.658450262910185,1.),(1.,0.642756104947452,
1.)))
REPRESENTATION_ITEM('')
SURFACE()
);
#29=(
BOUNDED_SURFACE()
B_SPLINE_SURFACE(3,2,((#7629,#7630,#7631),(#7632,#7633,#7634),(#7635,#7636,
#7637),(#7638,#7639,#7640),(#7641,#7642,#7643),(#7644,#7645,#7646),(#7647,
#7648,#7649),(#7650,#7651,#7652),(#7653,#7654,#7655),(#7656,#7657,#7658),
(#7659,#7660,#7661),(#7662,#7663,#7664),(#7665,#7666,#7667)),
 .UNSPECIFIED.,.F.,.F.,.F.)
B_SPLINE_SURFACE_WITH_KNOTS((4,1,1,1,1,1,1,1,1,1,4),(3,3),(0.00587156187634744,
0.00727900921034208,0.00798273287733939,0.00868645654433671,0.00939018021133403,
0.0100939038783313,0.01044576571183,0.0107976275453287,0.0111494893788273,
0.0113254202955766,0.011501351212326),(0.,1.),.UNSPECIFIED.)
GEOMETRIC_REPRESENTATION_ITEM()
RATIONAL_B_SPLINE_SURFACE(((1.,0.642756104947444,1.),(1.,0.646153401457432,
1.),(1.,0.652036614654842,1.),(1.,0.662713750703928,1.),(1.,0.67273005641453,
1.),(1.,0.685712842613136,1.),(1.,0.700509641553862,1.),(1.,0.716853875747405,
1.),(1.,0.733151944805972,1.),(1.,0.751214873388041,1.),(1.,0.774376809528656,
1.),(1.,0.789426271601573,1.),(1.,0.804645413424821,1.)))
REPRESENTATION_ITEM('')
SURFACE()
);
#30=(
BOUNDED_SURFACE()
B_SPLINE_SURFACE(3,2,((#7678,#7679,#7680),(#7681,#7682,#7683),(#7684,#7685,
#7686),(#7687,#7688,#7689)),.UNSPECIFIED.,.F.,.F.,.F.)
B_SPLINE_SURFACE_WITH_KNOTS((4,4),(3,3),(-8.13151629364128E-18,0.000281593146489331),
(0.,0.286533298619301),.PIECEWISE_BEZIER_KNOTS.)
GEOMETRIC_REPRESENTATION_ITEM()
RATIONAL_B_SPLINE_SURFACE(((1.,0.996779351815967,0.995404349527661),(1.,
0.996668359004318,0.995245970177252),(1.,0.996530675871782,0.995049505516439),
(1.,0.996351622625162,0.994794008457965)))
REPRESENTATION_ITEM('')
SURFACE()
);
#31=(
BOUNDED_SURFACE()
B_SPLINE_SURFACE(3,2,((#7694,#7695,#7696),(#7697,#7698,#7699),(#7700,#7701,
#7702),(#7703,#7704,#7705)),.UNSPECIFIED.,.F.,.F.,.F.)
B_SPLINE_SURFACE_WITH_KNOTS((4,4),(3,3),(-1.46063716677247E-15,0.00924746649351331),
(0.,1.),.PIECEWISE_BEZIER_KNOTS.)
GEOMETRIC_REPRESENTATION_ITEM()
RATIONAL_B_SPLINE_SURFACE(((1.,0.988134743585797,1.),(1.,0.988024915292515,
1.),(1.,0.987941006131711,1.),(1.,0.987870256887558,1.)))
REPRESENTATION_ITEM('')
SURFACE()
);
#32=(
BOUNDED_SURFACE()
B_SPLINE_SURFACE(3,2,((#7707,#7708,#7709),(#7710,#7711,#7712),(#7713,#7714,
#7715),(#7716,#7717,#7718),(#7719,#7720,#7721),(#7722,#7723,#7724),(#7725,
#7726,#7727),(#7728,#7729,#7730),(#7731,#7732,#7733),(#7734,#7735,#7736)),
 .UNSPECIFIED.,.F.,.F.,.F.)
B_SPLINE_SURFACE_WITH_KNOTS((4,1,1,1,1,1,1,4),(3,3),(-2.08166817117217E-17,
0.00129644898898209,0.00194467348347314,0.00259289797796419,0.00324112247245524,
0.0038893469669463,0.00453757146143735,0.0051857959559284),(0.,1.),
 .UNSPECIFIED.)
GEOMETRIC_REPRESENTATION_ITEM()
RATIONAL_B_SPLINE_SURFACE(((1.,0.953523066381822,1.),(1.,0.958796208276203,
1.),(1.,0.966569454436409,1.),(1.,0.976426459536176,1.),(1.,0.983635723163192,
1.),(1.,0.989431034177072,1.),(1.,0.994251529451432,1.),(1.,0.99342433155264,
1.),(1.,0.989961846136815,1.),(1.,0.988134743585987,1.)))
REPRESENTATION_ITEM('')
SURFACE()
);
#33=(
BOUNDED_SURFACE()
B_SPLINE_SURFACE(3,2,((#7741,#7742,#7743),(#7744,#7745,#7746),(#7747,#7748,
#7749),(#7750,#7751,#7752)),.UNSPECIFIED.,.F.,.F.,.F.)
B_SPLINE_SURFACE_WITH_KNOTS((4,4),(3,3),(-5.72458747072346E-17,0.00472070846377),
(0.,1.),.PIECEWISE_BEZIER_KNOTS.)
GEOMETRIC_REPRESENTATION_ITEM()
RATIONAL_B_SPLINE_SURFACE(((1.,0.858291655390582,1.),(1.,0.897431460063753,
1.),(1.,0.929076506976447,1.),(1.,0.953523066381824,1.)))
REPRESENTATION_ITEM('')
SURFACE()
);
#34=(
BOUNDED_SURFACE()
B_SPLINE_SURFACE(3,2,((#7754,#7755,#7756),(#7757,#7758,#7759),(#7760,#7761,
#7762),(#7763,#7764,#7765),(#7766,#7767,#7768)),.UNSPECIFIED.,.F.,.F.,.F.)
B_SPLINE_SURFACE_WITH_KNOTS((4,1,4),(3,3),(0.464089756845089,1.03221159836099,
1.60033343987689),(0.,1.),.UNSPECIFIED.)
GEOMETRIC_REPRESENTATION_ITEM()
RATIONAL_B_SPLINE_SURFACE(((1.,0.858291655390953,1.),(1.,0.856950302559817,
1.),(1.,0.852683302994026,1.),(1.,0.846358936134135,1.),(1.,0.843140919022436,
1.)))
REPRESENTATION_ITEM('')
SURFACE()
);
#35=(
BOUNDED_SURFACE()
B_SPLINE_SURFACE(3,2,((#7776,#7777,#7778),(#7779,#7780,#7781),(#7782,#7783,
#7784),(#7785,#7786,#7787),(#7788,#7789,#7790)),.UNSPECIFIED.,.F.,.F.,.F.)
B_SPLINE_SURFACE_WITH_KNOTS((4,1,4),(3,3),(0.0142250972184325,0.0307497827265093,
0.0472744682345861),(0.,1.),.UNSPECIFIED.)
GEOMETRIC_REPRESENTATION_ITEM()
RATIONAL_B_SPLINE_SURFACE(((1.,0.988234293776639,1.),(1.,0.988361859667125,
1.),(1.,0.988728879411934,1.),(1.,0.989499623098695,1.),(1.,0.990814589350884,
1.)))
REPRESENTATION_ITEM('')
SURFACE()
);
#36=(
BOUNDED_SURFACE()
B_SPLINE_SURFACE(3,2,((#7791,#7792,#7793),(#7794,#7795,#7796),(#7797,#7798,
#7799),(#7800,#7801,#7802),(#7803,#7804,#7805),(#7806,#7807,#7808),(#7809,
#7810,#7811),(#7812,#7813,#7814),(#7815,#7816,#7817),(#7818,#7819,#7820),
(#7821,#7822,#7823),(#7824,#7825,#7826),(#7827,#7828,#7829)),
 .UNSPECIFIED.,.F.,.F.,.F.)
B_SPLINE_SURFACE_WITH_KNOTS((4,1,1,1,1,1,1,1,1,1,4),(3,3),(0.0546829533712246,
0.0644388919092723,0.0693168611782962,0.07419483044732,0.0790727997163439,
0.0839507689853677,0.0863897536198796,0.0888287382543916,0.0912677228889035,
0.0924872152061594,0.0937067075234154),(0.,1.),.UNSPECIFIED.)
GEOMETRIC_REPRESENTATION_ITEM()
RATIONAL_B_SPLINE_SURFACE(((1.,0.987946940028899,1.),(1.,0.988020907466634,
1.),(1.,0.988153130346941,1.),(1.,0.988419108380563,1.),(1.,0.988686761808619,
1.),(1.,0.98906658019188,1.),(1.,0.989532422883517,1.),(1.,0.990095312787034,
1.),(1.,0.990583110914168,1.),(1.,0.99119199063616,1.),(1.,0.991002240266883,
1.),(1.,0.990188663301487,1.),(1.,0.987615089633542,1.)))
REPRESENTATION_ITEM('')
SURFACE()
);
#37=(
BOUNDED_SURFACE()
B_SPLINE_SURFACE(3,2,((#7834,#7835,#7836),(#7837,#7838,#7839),(#7840,#7841,
#7842),(#7843,#7844,#7845),(#7846,#7847,#7848),(#7849,#7850,#7851),(#7852,
#7853,#7854),(#7855,#7856,#7857),(#7858,#7859,#7860),(#7861,#7862,#7863),
(#7864,#7865,#7866),(#7867,#7868,#7869),(#7870,#7871,#7872),(#7873,#7874,
#7875)),.UNSPECIFIED.,.F.,.F.,.F.)
B_SPLINE_SURFACE_WITH_KNOTS((4,2,2,2,2,2,4),(3,3),(0.0524172440754127,0.0736721766532905,
0.084308175495869,0.0896261749171583,0.0909556747724806,0.0922851746278029,
0.0923366689884866),(0.,1.),.UNSPECIFIED.)
GEOMETRIC_REPRESENTATION_ITEM()
RATIONAL_B_SPLINE_SURFACE(((1.,0.987437005002876,1.),(1.,0.987611461878268,
1.),(1.,0.987778197014915,1.),(1.,0.988518937503227,1.),(1.,0.988850538148003,
1.),(1.,0.989734831940427,1.),(1.,0.990343585188152,1.),(1.,0.990219436967029,
1.),(1.,0.990157142389324,1.),(1.,0.989159565816088,1.),(1.,0.988506072139637,
1.),(1.,0.98460841358079,1.),(1.,0.984457307660415,1.),(1.,0.984300273757712,
1.)))
REPRESENTATION_ITEM('')
SURFACE()
);
#38=(
BOUNDED_SURFACE()
B_SPLINE_SURFACE(3,2,((#7880,#7881,#7882),(#7883,#7884,#7885),(#7886,#7887,
#7888),(#7889,#7890,#7891),(#7892,#7893,#7894),(#7895,#7896,#7897),(#7898,
#7899,#7900),(#7901,#7902,#7903),(#7904,#7905,#7906),(#7907,#7908,#7909),
(#7910,#7911,#7912),(#7913,#7914,#7915),(#7916,#7917,#7918),(#7919,#7920,
#7921)),.UNSPECIFIED.,.F.,.F.,.F.)
B_SPLINE_SURFACE_WITH_KNOTS((4,2,2,2,2,2,4),(3,3),(0.0558624865673188,0.0766649934214466,
0.0870739612918302,0.092278445227022,0.0935795662108199,0.0948806871946179,
0.0948960222352223),(0.,1.),.UNSPECIFIED.)
GEOMETRIC_REPRESENTATION_ITEM()
RATIONAL_B_SPLINE_SURFACE(((1.,0.988126480421955,1.),(1.,0.988303367328342,
1.),(1.,0.9884677747315,1.),(1.,0.989225500300729,1.),(1.,0.989553581353904,
1.),(1.,0.990521288763728,1.),(1.,0.991077263739135,1.),(1.,0.991376560545772,
1.),(1.,0.991421380974073,1.),(1.,0.990995510313825,1.),(1.,0.990809409058295,
1.),(1.,0.98834758122241,1.),(1.,0.988318512969844,1.),(1.,0.988289046323892,
1.)))
REPRESENTATION_ITEM('')
SURFACE()
);
#39=(
BOUNDED_SURFACE()
B_SPLINE_SURFACE(3,2,((#7926,#7927,#7928),(#7929,#7930,#7931),(#7932,#7933,
#7934),(#7935,#7936,#7937)),.UNSPECIFIED.,.F.,.F.,.F.)
B_SPLINE_SURFACE_WITH_KNOTS((4,4),(3,3),(0.00866121984819879,0.0303254495058049),
(0.,1.),.PIECEWISE_BEZIER_KNOTS.)
GEOMETRIC_REPRESENTATION_ITEM()
RATIONAL_B_SPLINE_SURFACE(((1.,0.988405745222205,1.),(1.,0.988572645922557,
1.),(1.,0.988758730183462,1.),(1.,0.989349765778843,1.)))
REPRESENTATION_ITEM('')
SURFACE()
);
#40=(
BOUNDED_SURFACE()
B_SPLINE_SURFACE(3,2,((#7938,#7939,#7940),(#7941,#7942,#7943),(#7944,#7945,
#7946),(#7947,#7948,#7949),(#7950,#7951,#7952),(#7953,#7954,#7955),(#7956,
#7957,#7958),(#7959,#7960,#7961),(#7962,#7963,#7964),(#7965,#7966,#7967),
(#7968,#7969,#7970),(#7971,#7972,#7973),(#7974,#7975,#7976)),
 .UNSPECIFIED.,.F.,.F.,.F.)
B_SPLINE_SURFACE_WITH_KNOTS((4,1,1,1,1,1,1,1,1,1,4),(3,3),(0.0517802520932098,
0.0617630408769527,0.0667544352688242,0.0717458296606957,0.0767372240525671,
0.0817286184444386,0.0842243156403743,0.0867200128363101,0.0892157100322458,
0.0904635586302137,0.0917114072281815),(0.,1.),.UNSPECIFIED.)
GEOMETRIC_REPRESENTATION_ITEM()
RATIONAL_B_SPLINE_SURFACE(((1.,0.98734730748106,1.),(1.,0.987420661555312,
1.),(1.,0.987551718379357,1.),(1.,0.987814369640515,1.),(1.,0.988077818857752,
1.),(1.,0.988449248279253,1.),(1.,0.988899870762862,1.),(1.,0.98942850755492,
1.),(1.,0.989855442200912,1.),(1.,0.990329307522243,1.),(1.,0.989671352629182,
1.),(1.,0.987759174879252,1.),(1.,0.983780725552128,1.)))
REPRESENTATION_ITEM('')
SURFACE()
);
#41=(
BOUNDED_SURFACE()
B_SPLINE_SURFACE(3,2,((#7981,#7982,#7983),(#7984,#7985,#7986),(#7987,#7988,
#7989),(#7990,#7991,#7992),(#7993,#7994,#7995),(#7996,#7997,#7998),(#7999,
#8000,#8001),(#8002,#8003,#8004),(#8005,#8006,#8007),(#8008,#8009,#8010),
(#8011,#8012,#8013),(#8014,#8015,#8016),(#8017,#8018,#8019)),
 .UNSPECIFIED.,.F.,.F.,.F.)
B_SPLINE_SURFACE_WITH_KNOTS((4,1,1,1,1,1,1,1,1,1,4),(3,3),(0.0508766885251949,
0.0606743022203031,0.0655731090678572,0.0704719159154112,0.0753707227629653,
0.0802695296105194,0.0827189330342964,0.0851683364580735,0.0876177398818505,
0.088842441593739,0.0900671433056276),(0.,1.),.UNSPECIFIED.)
GEOMETRIC_REPRESENTATION_ITEM()
RATIONAL_B_SPLINE_SURFACE(((1.,0.987946917468224,1.),(1.,0.988021197748768,
1.),(1.,0.988154044248341,1.),(1.,0.988421916995916,1.),(1.,0.98869187288041,
1.),(1.,0.989076160387118,1.),(1.,0.989548019846143,1.),(1.,0.990122031214032,
1.),(1.,0.990613682386484,1.),(1.,0.99123771007835,1.),(1.,0.99093505179895,
1.),(1.,0.989791637578477,1.),(1.,0.986409248581488,1.)))
REPRESENTATION_ITEM('')
SURFACE()
);
#42=(
BOUNDED_SURFACE()
B_SPLINE_SURFACE(3,2,((#8024,#8025,#8026),(#8027,#8028,#8029),(#8030,#8031,
#8032),(#8033,#8034,#8035),(#8036,#8037,#8038),(#8039,#8040,#8041),(#8042,
#8043,#8044),(#8045,#8046,#8047),(#8048,#8049,#8050),(#8051,#8052,#8053),
(#8054,#8055,#8056),(#8057,#8058,#8059),(#8060,#8061,#8062)),
 .UNSPECIFIED.,.F.,.F.,.F.)
B_SPLINE_SURFACE_WITH_KNOTS((4,1,1,1,1,1,1,1,1,1,4),(3,3),(0.0508766916380931,
0.0606741743147086,0.0655729156530163,0.070471656991324,0.0753703983296317,
0.0802691396679395,0.0827185103370933,0.0851678810062472,0.087617251675401,
0.088841937009978,0.0900666223445549),(0.,1.),.UNSPECIFIED.)
GEOMETRIC_REPRESENTATION_ITEM()
RATIONAL_B_SPLINE_SURFACE(((1.,0.987946917627105,1.),(1.,0.988021196916512,
1.),(1.,0.988154041451104,1.),(1.,0.988421908249524,1.),(1.,0.988691856781344,
1.),(1.,0.989076130465107,1.),(1.,0.989547969878948,1.),(1.,0.990121947948096,
1.),(1.,0.99061358104066,1.),(1.,0.991237581882829,1.),(1.,0.990935267839786,
1.),(1.,0.989793135939631,1.),(1.,0.986413563302087,1.)))
REPRESENTATION_ITEM('')
SURFACE()
);
#43=(
BOUNDED_SURFACE()
B_SPLINE_SURFACE(3,2,((#8067,#8068,#8069),(#8070,#8071,#8072),(#8073,#8074,
#8075),(#8076,#8077,#8078),(#8079,#8080,#8081),(#8082,#8083,#8084),(#8085,
#8086,#8087),(#8088,#8089,#8090),(#8091,#8092,#8093),(#8094,#8095,#8096),
(#8097,#8098,#8099),(#8100,#8101,#8102),(#8103,#8104,#8105)),
 .UNSPECIFIED.,.F.,.F.,.F.)
B_SPLINE_SURFACE_WITH_KNOTS((4,1,1,1,1,1,1,1,1,1,4),(3,3),(0.046991042760837,
0.0570164183386915,0.0620291061276187,0.067041793916546,0.0720544817054732,
0.0770671694944004,0.0795735133888641,0.0820798572833277,0.0845862011777913,
0.0858393731250231,0.0870925450722549),(0.,1.),.UNSPECIFIED.)
GEOMETRIC_REPRESENTATION_ITEM()
RATIONAL_B_SPLINE_SURFACE(((1.,0.987436936777965,1.),(1.,0.987510544383443,
1.),(1.,0.987642162101702,1.),(1.,0.987906792738276,1.),(1.,0.988173019220617,
1.),(1.,0.988549487172236,1.),(1.,0.989009713577509,1.),(1.,0.989551251158248,
1.),(1.,0.989997216153342,1.),(1.,0.990468217930106,1.),(1.,0.989746131625702,
1.),(1.,0.987250433497147,1.),(1.,0.982443128501067,1.)))
REPRESENTATION_ITEM('')
SURFACE()
);
#44=(
BOUNDED_SURFACE()
B_SPLINE_SURFACE(3,2,((#8110,#8111,#8112),(#8113,#8114,#8115),(#8116,#8117,
#8118),(#8119,#8120,#8121),(#8122,#8123,#8124),(#8125,#8126,#8127),(#8128,
#8129,#8130),(#8131,#8132,#8133),(#8134,#8135,#8136),(#8137,#8138,#8139),
(#8140,#8141,#8142),(#8143,#8144,#8145),(#8146,#8147,#8148)),
 .UNSPECIFIED.,.F.,.F.,.F.)
B_SPLINE_SURFACE_WITH_KNOTS((4,1,1,1,1,1,1,1,1,1,4),(3,3),(0.0474263702933355,
0.0572255023474386,0.0621250683744901,0.0670246344015417,0.0719242004285932,
0.0768237664556447,0.0792735494691705,0.0817233324826963,0.0841731154962221,
0.0853980070029849,0.0866228985097478),(0.,1.),.UNSPECIFIED.)
GEOMETRIC_REPRESENTATION_ITEM()
RATIONAL_B_SPLINE_SURFACE(((1.,0.988126414289168,1.),(1.,0.988200388371689,
1.),(1.,0.98833272813445,1.),(1.,0.988599979412148,1.),(1.,0.988869676401838,
1.),(1.,0.989254318736011,1.),(1.,0.989728512072367,1.),(1.,0.990308717850173,
1.),(1.,0.990814771707361,1.),(1.,0.991462067613373,1.),(1.,0.991259981239715,
1.),(1.,0.990293279216887,1.),(1.,0.987216826300967,1.)))
REPRESENTATION_ITEM('')
SURFACE()
);
#45=(
BOUNDED_SURFACE()
B_SPLINE_SURFACE(3,2,((#8153,#8154,#8155),(#8156,#8157,#8158),(#8159,#8160,
#8161),(#8162,#8163,#8164)),.UNSPECIFIED.,.F.,.F.,.F.)
B_SPLINE_SURFACE_WITH_KNOTS((4,4),(3,3),(0.0517258001430509,0.073390030417802),
(0.,1.),.PIECEWISE_BEZIER_KNOTS.)
GEOMETRIC_REPRESENTATION_ITEM()
RATIONAL_B_SPLINE_SURFACE(((1.,0.988405745215303,1.),(1.,0.988572645915426,
1.),(1.,0.988758730089018,1.),(1.,0.989349765768167,1.)))
REPRESENTATION_ITEM('')
SURFACE()
);
#46=(
BOUNDED_SURFACE()
B_SPLINE_SURFACE(3,2,((#8165,#8166,#8167),(#8168,#8169,#8170),(#8171,#8172,
#8173),(#8174,#8175,#8176),(#8177,#8178,#8179),(#8180,#8181,#8182),(#8183,
#8184,#8185),(#8186,#8187,#8188),(#8189,#8190,#8191),(#8192,#8193,#8194),
(#8195,#8196,#8197),(#8198,#8199,#8200)),.UNSPECIFIED.,.F.,.F.,.F.)
B_SPLINE_SURFACE_WITH_KNOTS((4,1,1,1,1,1,1,1,1,4),(3,3),(0.0542754553047631,
0.0643590069319256,0.0694007827455068,0.074442558559088,0.0794843343726693,
0.0845261101862505,0.0870469980930411,0.0895678859998317,0.0920887739066223,
0.094609661813413),(0.,1.),.UNSPECIFIED.)
GEOMETRIC_REPRESENTATION_ITEM()
RATIONAL_B_SPLINE_SURFACE(((1.,0.987347254765568,1.),(1.,0.987421341905031,
1.),(1.,0.987554678393717,1.),(1.,0.987819568523913,1.),(1.,0.988094904914604,
1.),(1.,0.988452082685119,1.),(1.,0.988992460205361,1.),(1.,0.989388777701917,
1.),(1.,0.990290809496274,1.),(1.,0.989082026735125,1.),(1.,0.991881151753829,
1.),(1.,0.978797704071481,1.)))
REPRESENTATION_ITEM('')
SURFACE()
);
#47=(
BOUNDED_SURFACE()
B_SPLINE_SURFACE(3,2,((#8205,#8206,#8207),(#8208,#8209,#8210),(#8211,#8212,
#8213),(#8214,#8215,#8216),(#8217,#8218,#8219),(#8220,#8221,#8222),(#8223,
#8224,#8225),(#8226,#8227,#8228),(#8229,#8230,#8231),(#8232,#8233,#8234),
(#8235,#8236,#8237),(#8238,#8239,#8240),(#8241,#8242,#8243)),
 .UNSPECIFIED.,.F.,.F.,.F.)
B_SPLINE_SURFACE_WITH_KNOTS((4,1,1,1,1,1,1,1,1,1,4),(3,3),(0.0502222721614198,
0.0599080129292743,0.0647508833132016,0.0695937536971289,0.0744366240810561,
0.0792794944649834,0.081700929656947,0.0841223648489106,0.0865438000408743,
0.0877545176368561,0.0889652352328379),(0.,1.),.UNSPECIFIED.)
GEOMETRIC_REPRESENTATION_ITEM()
RATIONAL_B_SPLINE_SURFACE(((1.,0.988233512459552,1.),(1.,0.988308174344126,
1.),(1.,0.988441748262821,1.),(1.,0.988711682737157,1.),(1.,0.98898416959345,
1.),(1.,0.989373474412058,1.),(1.,0.989853545374731,1.),(1.,0.99044578993664,
1.),(1.,0.990963884262714,1.),(1.,0.991652851657699,1.),(1.,0.991513958987024,
1.),(1.,0.990767317800439,1.),(1.,0.987787025990809,1.)))
REPRESENTATION_ITEM('')
SURFACE()
);
#48=CONICAL_SURFACE('',#4297,0.005,0.436332312998582);
#49=CONICAL_SURFACE('',#4425,0.00225,0.523598775598311);
#50=CONICAL_SURFACE('',#4426,0.00225,0.523598775598311);
#51=CONICAL_SURFACE('',#4427,0.00225,0.523598775598299);
#52=CONICAL_SURFACE('',#4428,0.00225,0.523598775598311);
#53=CONICAL_SURFACE('',#4429,0.00225,0.523598775598311);
#54=CONICAL_SURFACE('',#4430,0.00225,0.523598775598299);
#55=CONICAL_SURFACE('',#4431,0.00225,0.523598775598311);
#56=CONICAL_SURFACE('',#4432,0.00225,0.523598775598311);
#57=CONICAL_SURFACE('',#4473,0.00225,0.523598775598299);
#58=CONICAL_SURFACE('',#4474,0.00225,0.523598775598299);
#59=CONICAL_SURFACE('',#4475,0.00175,0.523598775598306);
#60=CONICAL_SURFACE('',#4476,0.00175,0.523598775598306);
#61=CONICAL_SURFACE('',#4477,0.00225,0.523598775598283);
#62=CONICAL_SURFACE('',#4478,0.00225,0.523598775598298);
#63=CONICAL_SURFACE('',#4479,0.00225,0.523598775598274);
#64=CONICAL_SURFACE('',#4480,0.00175,0.523598775598299);
#65=CONICAL_SURFACE('',#4481,0.00175,0.523598775598292);
#66=CONICAL_SURFACE('',#4482,0.00175,0.523598775598299);
#67=CONICAL_SURFACE('',#4493,0.0020640451725332,0.534124878248198);
#68=CONICAL_SURFACE('',#4496,0.00890640646055101,0.534124878217467);
#69=CONICAL_SURFACE('',#4498,0.00292593852418398,0.554782391549617);
#70=CONICAL_SURFACE('',#4501,0.00206404517216134,0.534124878217469);
#71=CYLINDRICAL_SURFACE('',#4226,0.000689);
#72=CYLINDRICAL_SURFACE('',#4229,0.000689);
#73=CYLINDRICAL_SURFACE('',#4236,0.000689);
#74=CYLINDRICAL_SURFACE('',#4240,0.00068900000000003);
#75=CYLINDRICAL_SURFACE('',#4252,0.00175);
#76=CYLINDRICAL_SURFACE('',#4256,0.00175);
#77=CYLINDRICAL_SURFACE('',#4260,0.00175);
#78=CYLINDRICAL_SURFACE('',#4264,0.00175);
#79=CYLINDRICAL_SURFACE('',#4268,0.00175);
#80=CYLINDRICAL_SURFACE('',#4272,0.00175);
#81=CYLINDRICAL_SURFACE('',#4276,0.00175);
#82=CYLINDRICAL_SURFACE('',#4280,0.00175);
#83=CYLINDRICAL_SURFACE('',#4287,0.001625);
#84=CYLINDRICAL_SURFACE('',#4288,0.001625);
#85=CYLINDRICAL_SURFACE('',#4289,0.001625);
#86=CYLINDRICAL_SURFACE('',#4292,0.001625);
#87=CYLINDRICAL_SURFACE('',#4295,0.005);
#88=CYLINDRICAL_SURFACE('',#4298,0.002);
#89=CYLINDRICAL_SURFACE('',#4299,0.002);
#90=CYLINDRICAL_SURFACE('',#4318,0.0035);
#91=CYLINDRICAL_SURFACE('',#4319,0.0035);
#92=CYLINDRICAL_SURFACE('',#4320,0.005);
#93=CYLINDRICAL_SURFACE('',#4321,0.005);
#94=CYLINDRICAL_SURFACE('',#4337,0.00890640646055101);
#95=CYLINDRICAL_SURFACE('',#4355,0.003);
#96=CYLINDRICAL_SURFACE('',#4357,0.003);
#97=CYLINDRICAL_SURFACE('',#4360,0.003);
#98=CYLINDRICAL_SURFACE('',#4362,0.003);
#99=CYLINDRICAL_SURFACE('',#4363,0.003);
#100=CYLINDRICAL_SURFACE('',#4365,0.003);
#101=CYLINDRICAL_SURFACE('',#4369,0.003);
#102=CYLINDRICAL_SURFACE('',#4371,0.003);
#103=CYLINDRICAL_SURFACE('',#4374,0.003);
#104=CYLINDRICAL_SURFACE('',#4376,0.003);
#105=CYLINDRICAL_SURFACE('',#4379,0.003);
#106=CYLINDRICAL_SURFACE('',#4385,0.003);
#107=CYLINDRICAL_SURFACE('',#4387,0.008);
#108=CYLINDRICAL_SURFACE('',#4390,0.008);
#109=CYLINDRICAL_SURFACE('',#4391,0.008);
#110=CYLINDRICAL_SURFACE('',#4394,0.008);
#111=CYLINDRICAL_SURFACE('',#4395,0.008);
#112=CYLINDRICAL_SURFACE('',#4398,0.008);
#113=CYLINDRICAL_SURFACE('',#4401,0.008);
#114=CYLINDRICAL_SURFACE('',#4404,0.008);
#115=CYLINDRICAL_SURFACE('',#4417,0.002);
#116=CYLINDRICAL_SURFACE('',#4418,0.00193336240405643);
#117=CYLINDRICAL_SURFACE('',#4433,0.00175);
#118=CYLINDRICAL_SURFACE('',#4437,0.00175);
#119=CYLINDRICAL_SURFACE('',#4441,0.00175);
#120=CYLINDRICAL_SURFACE('',#4445,0.00175);
#121=CYLINDRICAL_SURFACE('',#4449,0.00175);
#122=CYLINDRICAL_SURFACE('',#4453,0.00175);
#123=CYLINDRICAL_SURFACE('',#4457,0.00175);
#124=CYLINDRICAL_SURFACE('',#4461,0.00175);
#125=CYLINDRICAL_SURFACE('',#4465,0.00175);
#126=CYLINDRICAL_SURFACE('',#4469,0.00175);
#127=(
BOUNDED_CURVE()
B_SPLINE_CURVE(3,(#6144,#6145,#6146,#6147,#6148,#6149,#6150,#6151,#6152,
#6153,#6154,#6155,#6156,#6157,#6158,#6159,#6160,#6161,#6162,#6163,#6164,
#6165),.UNSPECIFIED.,.F.,.F.)
B_SPLINE_CURVE_WITH_KNOTS((4,2,2,2,2,2,2,2,2,2,4),(0.0558470576806793,0.0766649934214466,
0.0870739612918302,0.092278445227022,0.0935795662108199,0.0948806871946179,
0.0961818081784158,0.0968323686703148,0.0971576489162643,0.0973202890392391,
0.0974829291622138),.UNSPECIFIED.)
CURVE()
GEOMETRIC_REPRESENTATION_ITEM()
RATIONAL_B_SPLINE_CURVE((1.,1.,1.,1.,1.,1.,1.,1.,1.,1.,1.,1.,1.,1.,1.,1.,
1.,1.,1.,1.,1.,1.))
REPRESENTATION_ITEM('')
);
#128=(
BOUNDED_CURVE()
B_SPLINE_CURVE(3,(#6466,#6467,#6468,#6469,#6470,#6471,#6472,#6473,#6474,
#6475,#6476,#6477,#6478,#6479,#6480,#6481,#6482,#6483,#6484,#6485,#6486,
#6487),.UNSPECIFIED.,.F.,.F.)
B_SPLINE_CURVE_WITH_KNOTS((4,2,2,2,2,2,2,2,2,2,4),(0.0558470576806793,0.0766649934214466,
0.0870739612918302,0.092278445227022,0.0935795662108199,0.0948806871946179,
0.0961818081784158,0.0968323686703148,0.0971576489162643,0.0973202890392391,
0.0974829291622138),.UNSPECIFIED.)
CURVE()
GEOMETRIC_REPRESENTATION_ITEM()
RATIONAL_B_SPLINE_CURVE((1.,1.,1.,1.,1.,1.,1.,1.,1.,1.,1.,1.,1.,1.,1.,1.,
1.,1.,1.,1.,1.,1.))
REPRESENTATION_ITEM('')
);
#129=(
BOUNDED_CURVE()
B_SPLINE_CURVE(3,(#6497,#6498,#6499,#6500,#6501,#6502,#6503,#6504,#6505,
#6506,#6507,#6508,#6509,#6510,#6511,#6512,#6513,#6514,#6515,#6516,#6517,
#6518,#6519,#6520,#6521,#6522,#6523,#6524,#6525,#6526,#6527,#6528,#6529,
#6530),.UNSPECIFIED.,.F.,.F.)
B_SPLINE_CURVE_WITH_KNOTS((4,2,2,2,2,2,2,2,2,2,2,2,2,2,2,2,4),(0.0524001789681334,
0.0736721766532905,0.084308175495869,0.0896261749171583,0.0909556747724806,
0.0922851746278029,0.0936146744831252,0.0942794244107864,0.0946117993746169,
0.0947779868565322,0.0948610805974899,0.0949026274679687,0.0949234009032081,
0.0949337876208278,0.0949389809796377,0.0949415776590426,0.0949441743384475),
 .UNSPECIFIED.)
CURVE()
GEOMETRIC_REPRESENTATION_ITEM()
RATIONAL_B_SPLINE_CURVE((1.,1.,1.,1.,1.,1.,1.,1.,1.,1.,1.,1.,1.,1.,1.,1.,
1.,1.,1.,1.,1.,1.,1.,1.,1.,1.,1.,1.,1.,1.,1.,1.,1.,1.))
REPRESENTATION_ITEM('')
);
#130=(
BOUNDED_CURVE()
B_SPLINE_CURVE(3,(#6536,#6537,#6538,#6539,#6540,#6541,#6542,#6543,#6544,
#6545,#6546,#6547,#6548,#6549,#6550,#6551,#6552,#6553,#6554,#6555,#6556,
#6557,#6558,#6559,#6560,#6561,#6562,#6563,#6564,#6565,#6566,#6567,#6568,
#6569),.UNSPECIFIED.,.F.,.F.)
B_SPLINE_CURVE_WITH_KNOTS((4,2,2,2,2,2,2,2,2,2,2,2,2,2,2,2,4),(0.0524001789681334,
0.0736721766532905,0.084308175495869,0.0896261749171583,0.0909556747724806,
0.0922851746278029,0.0936146744831252,0.0942794244107864,0.0946117993746169,
0.0947779868565322,0.0948610805974899,0.0949026274679687,0.0949234009032081,
0.0949337876208278,0.0949389809796377,0.0949415776590426,0.0949441743384475),
 .UNSPECIFIED.)
CURVE()
GEOMETRIC_REPRESENTATION_ITEM()
RATIONAL_B_SPLINE_CURVE((1.,1.,1.,1.,1.,1.,1.,1.,1.,1.,1.,1.,1.,1.,1.,1.,
1.,1.,1.,1.,1.,1.,1.,1.,1.,1.,1.,1.,1.,1.,1.,1.,1.,1.))
REPRESENTATION_ITEM('')
);
#131=B_SPLINE_SURFACE_WITH_KNOTS('',3,1,((#5850,#5851),(#5852,#5853),(#5854,
#5855),(#5856,#5857),(#5858,#5859),(#5860,#5861),(#5862,#5863),(#5864,#5865),
(#5866,#5867),(#5868,#5869)),.RULED_SURF.,.F.,.F.,.F.,(4,2,2,2,4),(2,2),
(0.00356426785860859,0.25,0.5,0.75,0.996724932306776),(0.,0.964550306029258),
 .UNSPECIFIED.);
#132=B_SPLINE_SURFACE_WITH_KNOTS('',3,1,((#5955,#5956),(#5957,#5958),(#5959,
#5960),(#5961,#5962),(#5963,#5964),(#5965,#5966),(#5967,#5968),(#5969,#5970),
(#5971,#5972),(#5973,#5974)),.RULED_SURF.,.F.,.F.,.F.,(4,2,2,2,4),(2,2),
(0.00314083380190859,0.25,0.5,0.75,0.996041527883581),(0.0391303338640451,
1.),.UNSPECIFIED.);
#133=B_SPLINE_SURFACE_WITH_KNOTS('',3,1,((#6034,#6035),(#6036,#6037),(#6038,
#6039),(#6040,#6041),(#6042,#6043),(#6044,#6045),(#6046,#6047),(#6048,#6049),
(#6050,#6051),(#6052,#6053)),.RULED_SURF.,.F.,.F.,.F.,(4,2,2,2,4),(2,2),
(0.00314083414159404,0.25,0.5,0.75,0.996041527617604),(0.,0.967323051583437),
 .UNSPECIFIED.);
#134=B_SPLINE_SURFACE_WITH_KNOTS('',3,1,((#6363,#6364),(#6365,#6366),(#6367,
#6368),(#6369,#6370),(#6371,#6372),(#6373,#6374),(#6375,#6376),(#6377,#6378),
(#6379,#6380),(#6381,#6382)),.RULED_SURF.,.F.,.F.,.F.,(4,2,2,2,4),(2,2),
(0.00356426761305916,0.25,0.5,0.75,0.996724933253788),(0.198000919179886,
1.),.UNSPECIFIED.);
#135=B_SPLINE_SURFACE_WITH_KNOTS('',3,1,((#6446,#6447),(#6448,#6449),(#6450,
#6451),(#6452,#6453),(#6454,#6455),(#6456,#6457),(#6458,#6459),(#6460,#6461),
(#6462,#6463),(#6464,#6465)),.RULED_SURF.,.F.,.F.,.F.,(4,2,2,2,4),(2,2),
(0.00388004220378682,0.25,0.5,0.75,0.996648595904223),(0.0384799035799982,
1.),.UNSPECIFIED.);
#136=B_SPLINE_SURFACE_WITH_KNOTS('',3,1,((#6579,#6580),(#6581,#6582),(#6583,
#6584),(#6585,#6586),(#6587,#6588),(#6589,#6590),(#6591,#6592),(#6593,#6594),
(#6595,#6596),(#6597,#6598),(#6599,#6600),(#6601,#6602),(#6603,#6604),(#6605,
#6606),(#6607,#6608),(#6609,#6610)),.RULED_SURF.,.F.,.F.,.F.,(4,3,3,2,2,
2,4),(2,2),(-0.0760757247596406,-0.0697135137826908,0.,0.25,0.5,0.75,0.996981569094038),
(0.0388131377730569,1.),.UNSPECIFIED.);
#137=B_SPLINE_SURFACE_WITH_KNOTS('',3,1,((#6663,#6664),(#6665,#6666),(#6667,
#6668),(#6669,#6670),(#6671,#6672),(#6673,#6674),(#6675,#6676),(#6677,#6678),
(#6679,#6680),(#6681,#6682)),.RULED_SURF.,.F.,.F.,.F.,(4,2,2,2,4),(2,2),
(0.,0.25,0.5,0.75,1.),(0.,1.),.UNSPECIFIED.);
#138=B_SPLINE_SURFACE_WITH_KNOTS('',3,1,((#6717,#6718),(#6719,#6720),(#6721,
#6722),(#6723,#6724),(#6725,#6726),(#6727,#6728),(#6729,#6730),(#6731,#6732),
(#6733,#6734),(#6735,#6736)),.RULED_SURF.,.F.,.F.,.F.,(4,2,2,2,4),(2,2),
(0.00388004661892326,0.25,0.5,0.75,0.996648596002839),(0.,0.964479071298556),
 .UNSPECIFIED.);
#139=B_SPLINE_SURFACE_WITH_KNOTS('',5,1,((#8248,#8249),(#8250,#8251),(#8252,
#8253),(#8254,#8255),(#8256,#8257),(#8258,#8259),(#8260,#8261),(#8262,#8263)),
 .SURF_OF_LINEAR_EXTRUSION.,.F.,.F.,.F.,(6,2,6),(2,2),(0.,0.5,1.),(0.,1.),
 .UNSPECIFIED.);
#140=B_SPLINE_SURFACE_WITH_KNOTS('',3,3,((#8291,#8292,#8293,#8294),(#8295,
#8296,#8297,#8298),(#8299,#8300,#8301,#8302),(#8303,#8304,#8305,#8306),
(#8307,#8308,#8309,#8310),(#8311,#8312,#8313,#8314),(#8315,#8316,#8317,
#8318),(#8319,#8320,#8321,#8322),(#8323,#8324,#8325,#8326),(#8327,#8328,
#8329,#8330),(#8331,#8332,#8333,#8334),(#8335,#8336,#8337,#8338),(#8339,
#8340,#8341,#8342),(#8343,#8344,#8345,#8346)),.UNSPECIFIED.,.F.,.F.,.F.,
(4,2,2,2,2,2,4),(4,4),(0.,0.125,0.25,0.5,0.75,0.875,1.),(0.,0.00115807905801866),
 .UNSPECIFIED.);
#141=B_SPLINE_SURFACE_WITH_KNOTS('',3,3,((#8351,#8352,#8353,#8354,#8355,
#8356,#8357,#8358,#8359,#8360,#8361),(#8362,#8363,#8364,#8365,#8366,#8367,
#8368,#8369,#8370,#8371,#8372),(#8373,#8374,#8375,#8376,#8377,#8378,#8379,
#8380,#8381,#8382,#8383),(#8384,#8385,#8386,#8387,#8388,#8389,#8390,#8391,
#8392,#8393,#8394),(#8395,#8396,#8397,#8398,#8399,#8400,#8401,#8402,#8403,
#8404,#8405),(#8406,#8407,#8408,#8409,#8410,#8411,#8412,#8413,#8414,#8415,
#8416),(#8417,#8418,#8419,#8420,#8421,#8422,#8423,#8424,#8425,#8426,#8427),
(#8428,#8429,#8430,#8431,#8432,#8433,#8434,#8435,#8436,#8437,#8438),(#8439,
#8440,#8441,#8442,#8443,#8444,#8445,#8446,#8447,#8448,#8449),(#8450,#8451,
#8452,#8453,#8454,#8455,#8456,#8457,#8458,#8459,#8460),(#8461,#8462,#8463,
#8464,#8465,#8466,#8467,#8468,#8469,#8470,#8471),(#8472,#8473,#8474,#8475,
#8476,#8477,#8478,#8479,#8480,#8481,#8482),(#8483,#8484,#8485,#8486,#8487,
#8488,#8489,#8490,#8491,#8492,#8493),(#8494,#8495,#8496,#8497,#8498,#8499,
#8500,#8501,#8502,#8503,#8504),(#8505,#8506,#8507,#8508,#8509,#8510,#8511,
#8512,#8513,#8514,#8515),(#8516,#8517,#8518,#8519,#8520,#8521,#8522,#8523,
#8524,#8525,#8526),(#8527,#8528,#8529,#8530,#8531,#8532,#8533,#8534,#8535,
#8536,#8537),(#8538,#8539,#8540,#8541,#8542,#8543,#8544,#8545,#8546,#8547,
#8548),(#8549,#8550,#8551,#8552,#8553,#8554,#8555,#8556,#8557,#8558,#8559)),
 .UNSPECIFIED.,.F.,.F.,.F.,(4,2,2,2,2,2,2,2,1,4),(4,2,2,1,1,1,4),(0.,0.125,
0.25,0.375,0.5,0.625,0.75,0.875,0.9375,1.),(0.,0.00155320505378939,0.00310641010757877,
0.00388301263447347,0.00465961516136816,0.00543621768826286,0.00621282021515755),
 .UNSPECIFIED.);
#142=B_SPLINE_SURFACE_WITH_KNOTS('',3,3,((#8567,#8568,#8569,#8570,#8571),
(#8572,#8573,#8574,#8575,#8576),(#8577,#8578,#8579,#8580,#8581),(#8582,
#8583,#8584,#8585,#8586),(#8587,#8588,#8589,#8590,#8591),(#8592,#8593,#8594,
#8595,#8596),(#8597,#8598,#8599,#8600,#8601),(#8602,#8603,#8604,#8605,#8606),
(#8607,#8608,#8609,#8610,#8611),(#8612,#8613,#8614,#8615,#8616),(#8617,
#8618,#8619,#8620,#8621),(#8622,#8623,#8624,#8625,#8626),(#8627,#8628,#8629,
#8630,#8631),(#8632,#8633,#8634,#8635,#8636),(#8637,#8638,#8639,#8640,#8641),
(#8642,#8643,#8644,#8645,#8646),(#8647,#8648,#8649,#8650,#8651),(#8652,
#8653,#8654,#8655,#8656)),.UNSPECIFIED.,.F.,.F.,.F.,(4,2,2,2,2,2,2,2,4),
(4,1,4),(0.,0.125,0.25,0.375,0.5,0.625,0.75,0.875,1.),(0.,0.00098441448058775,
0.0019688289611755),.UNSPECIFIED.);
#143=B_SPLINE_SURFACE_WITH_KNOTS('',3,3,((#8666,#8667,#8668,#8669,#8670),
(#8671,#8672,#8673,#8674,#8675),(#8676,#8677,#8678,#8679,#8680),(#8681,
#8682,#8683,#8684,#8685),(#8686,#8687,#8688,#8689,#8690),(#8691,#8692,#8693,
#8694,#8695),(#8696,#8697,#8698,#8699,#8700),(#8701,#8702,#8703,#8704,#8705),
(#8706,#8707,#8708,#8709,#8710),(#8711,#8712,#8713,#8714,#8715),(#8716,
#8717,#8718,#8719,#8720),(#8721,#8722,#8723,#8724,#8725),(#8726,#8727,#8728,
#8729,#8730),(#8731,#8732,#8733,#8734,#8735),(#8736,#8737,#8738,#8739,#8740),
(#8741,#8742,#8743,#8744,#8745),(#8746,#8747,#8748,#8749,#8750),(#8751,
#8752,#8753,#8754,#8755)),.UNSPECIFIED.,.F.,.F.,.F.,(4,2,2,2,2,2,2,2,4),
(4,1,4),(0.,0.125,0.25,0.375,0.5,0.625,0.75,0.875,1.),(0.,0.000399838991863497,
0.000799677983726993),.UNSPECIFIED.);
#144=B_SPLINE_SURFACE_WITH_KNOTS('',3,3,((#8763,#8764,#8765,#8766,#8767,
#8768,#8769,#8770,#8771,#8772,#8773,#8774,#8775,#8776,#8777,#8778,#8779,
#8780,#8781,#8782,#8783,#8784,#8785,#8786,#8787,#8788),(#8789,#8790,#8791,
#8792,#8793,#8794,#8795,#8796,#8797,#8798,#8799,#8800,#8801,#8802,#8803,
#8804,#8805,#8806,#8807,#8808,#8809,#8810,#8811,#8812,#8813,#8814),(#8815,
#8816,#8817,#8818,#8819,#8820,#8821,#8822,#8823,#8824,#8825,#8826,#8827,
#8828,#8829,#8830,#8831,#8832,#8833,#8834,#8835,#8836,#8837,#8838,#8839,
#8840),(#8841,#8842,#8843,#8844,#8845,#8846,#8847,#8848,#8849,#8850,#8851,
#8852,#8853,#8854,#8855,#8856,#8857,#8858,#8859,#8860,#8861,#8862,#8863,
#8864,#8865,#8866),(#8867,#8868,#8869,#8870,#8871,#8872,#8873,#8874,#8875,
#8876,#8877,#8878,#8879,#8880,#8881,#8882,#8883,#8884,#8885,#8886,#8887,
#8888,#8889,#8890,#8891,#8892),(#8893,#8894,#8895,#8896,#8897,#8898,#8899,
#8900,#8901,#8902,#8903,#8904,#8905,#8906,#8907,#8908,#8909,#8910,#8911,
#8912,#8913,#8914,#8915,#8916,#8917,#8918),(#8919,#8920,#8921,#8922,#8923,
#8924,#8925,#8926,#8927,#8928,#8929,#8930,#8931,#8932,#8933,#8934,#8935,
#8936,#8937,#8938,#8939,#8940,#8941,#8942,#8943,#8944),(#8945,#8946,#8947,
#8948,#8949,#8950,#8951,#8952,#8953,#8954,#8955,#8956,#8957,#8958,#8959,
#8960,#8961,#8962,#8963,#8964,#8965,#8966,#8967,#8968,#8969,#8970),(#8971,
#8972,#8973,#8974,#8975,#8976,#8977,#8978,#8979,#8980,#8981,#8982,#8983,
#8984,#8985,#8986,#8987,#8988,#8989,#8990,#8991,#8992,#8993,#8994,#8995,
#8996),(#8997,#8998,#8999,#9000,#9001,#9002,#9003,#9004,#9005,#9006,#9007,
#9008,#9009,#9010,#9011,#9012,#9013,#9014,#9015,#9016,#9017,#9018,#9019,
#9020,#9021,#9022),(#9023,#9024,#9025,#9026,#9027,#9028,#9029,#9030,#9031,
#9032,#9033,#9034,#9035,#9036,#9037,#9038,#9039,#9040,#9041,#9042,#9043,
#9044,#9045,#9046,#9047,#9048),(#9049,#9050,#9051,#9052,#9053,#9054,#9055,
#9056,#9057,#9058,#9059,#9060,#9061,#9062,#9063,#9064,#9065,#9066,#9067,
#9068,#9069,#9070,#9071,#9072,#9073,#9074),(#9075,#9076,#9077,#9078,#9079,
#9080,#9081,#9082,#9083,#9084,#9085,#9086,#9087,#9088,#9089,#9090,#9091,
#9092,#9093,#9094,#9095,#9096,#9097,#9098,#9099,#9100),(#9101,#9102,#9103,
#9104,#9105,#9106,#9107,#9108,#9109,#9110,#9111,#9112,#9113,#9114,#9115,
#9116,#9117,#9118,#9119,#9120,#9121,#9122,#9123,#9124,#9125,#9126),(#9127,
#9128,#9129,#9130,#9131,#9132,#9133,#9134,#9135,#9136,#9137,#9138,#9139,
#9140,#9141,#9142,#9143,#9144,#9145,#9146,#9147,#9148,#9149,#9150,#9151,
#9152),(#9153,#9154,#9155,#9156,#9157,#9158,#9159,#9160,#9161,#9162,#9163,
#9164,#9165,#9166,#9167,#9168,#9169,#9170,#9171,#9172,#9173,#9174,#9175,
#9176,#9177,#9178),(#9179,#9180,#9181,#9182,#9183,#9184,#9185,#9186,#9187,
#9188,#9189,#9190,#9191,#9192,#9193,#9194,#9195,#9196,#9197,#9198,#9199,
#9200,#9201,#9202,#9203,#9204),(#9205,#9206,#9207,#9208,#9209,#9210,#9211,
#9212,#9213,#9214,#9215,#9216,#9217,#9218,#9219,#9220,#9221,#9222,#9223,
#9224,#9225,#9226,#9227,#9228,#9229,#9230)),.UNSPECIFIED.,.F.,.F.,.F.,(4,
2,2,2,2,2,2,2,4),(4,2,2,2,2,2,2,2,2,2,2,2,4),(0.,0.125,0.25,0.375,0.5,0.625,
0.75,0.875,1.),(0.,0.000779000184506605,0.00155800036901321,0.00233700055351981,
0.00311600073802642,0.00389500092253302,0.00467400110703963,0.00506350119929293,
0.00545300129154623,0.00564775133767289,0.00584250138379954,0.00593987640686286,
0.00597164553563365),.UNSPECIFIED.);
#145=B_SPLINE_SURFACE_WITH_KNOTS('',1,3,((#9328,#9329,#9330,#9331),(#9332,
#9333,#9334,#9335)),.RULED_SURF.,.F.,.F.,.F.,(2,2),(4,4),(0.,1.),(0.,0.00350284962578806),
 .PIECEWISE_BEZIER_KNOTS.);
#146=B_SPLINE_SURFACE_WITH_KNOTS('',1,3,((#9340,#9341,#9342,#9343),(#9344,
#9345,#9346,#9347)),.RULED_SURF.,.F.,.F.,.F.,(2,2),(4,4),(0.,1.),(0.,0.00140029320105674),
 .PIECEWISE_BEZIER_KNOTS.);
#147=B_SPLINE_SURFACE_WITH_KNOTS('',1,3,((#9357,#9358,#9359,#9360),(#9361,
#9362,#9363,#9364)),.RULED_SURF.,.F.,.F.,.F.,(2,2),(4,4),(0.,1.),(4.71238898038468,
5.84778519358217),.PIECEWISE_BEZIER_KNOTS.);
#148=B_SPLINE_SURFACE_WITH_KNOTS('',1,3,((#9375,#9376,#9377,#9378),(#9379,
#9380,#9381,#9382)),.RULED_SURF.,.F.,.F.,.F.,(2,2),(4,4),(0.,1.),(0.,0.00120215772200959),
 .PIECEWISE_BEZIER_KNOTS.);
#149=B_SPLINE_SURFACE_WITH_KNOTS('',1,3,((#9387,#9388,#9389,#9390,#9391,
#9392),(#9393,#9394,#9395,#9396,#9397,#9398)),.RULED_SURF.,.F.,.F.,.F.,
(2,2),(4,2,4),(0.,1.),(0.,0.0027801001601896,0.00556020032037921),
 .UNSPECIFIED.);
#150=B_SPLINE_SURFACE_WITH_KNOTS('',1,3,((#9403,#9404,#9405,#9406),(#9407,
#9408,#9409,#9410)),.RULED_SURF.,.F.,.F.,.F.,(2,2),(4,4),(0.,1.),(0.,0.00141872526617207),
 .PIECEWISE_BEZIER_KNOTS.);
#151=B_SPLINE_SURFACE_WITH_KNOTS('',1,3,((#9420,#9421,#9422,#9423),(#9424,
#9425,#9426,#9427)),.RULED_SURF.,.F.,.F.,.F.,(2,2),(4,4),(0.,1.),(0.,0.00123971857233944),
 .PIECEWISE_BEZIER_KNOTS.);
#152=B_SPLINE_SURFACE_WITH_KNOTS('',1,3,((#9432,#9433,#9434,#9435,#9436,
#9437),(#9438,#9439,#9440,#9441,#9442,#9443)),.RULED_SURF.,.F.,.F.,.F.,
(2,2),(4,2,4),(0.,1.),(0.,0.00285553708973479,0.00571107417946957),
 .UNSPECIFIED.);
#153=B_SPLINE_SURFACE_WITH_KNOTS('',1,3,((#9448,#9449,#9450,#9451),(#9452,
#9453,#9454,#9455)),.RULED_SURF.,.F.,.F.,.F.,(2,2),(4,4),(0.,1.),(0.,0.00123971857049548),
 .PIECEWISE_BEZIER_KNOTS.);
#154=B_SPLINE_SURFACE_WITH_KNOTS('',1,3,((#9465,#9466,#9467,#9468,#9469,
#9470),(#9471,#9472,#9473,#9474,#9475,#9476)),.RULED_SURF.,.F.,.F.,.F.,
(2,2),(4,2,4),(0.,1.),(-1.5707963267949,-0.785398163397448,0.),
 .UNSPECIFIED.);
#155=B_SPLINE_SURFACE_WITH_KNOTS('',1,3,((#9487,#9488,#9489,#9490,#9491,
#9492),(#9493,#9494,#9495,#9496,#9497,#9498)),.RULED_SURF.,.F.,.F.,.F.,
(2,2),(4,2,4),(0.,1.),(3.66403737712698,4.18821317875584,4.71238898038469),
 .UNSPECIFIED.);
#156=B_SPLINE_SURFACE_WITH_KNOTS('',1,3,((#9508,#9509,#9510,#9511),(#9512,
#9513,#9514,#9515)),.RULED_SURF.,.F.,.F.,.F.,(2,2),(4,4),(0.,1.),(0.,0.00151498625071629),
 .PIECEWISE_BEZIER_KNOTS.);
#157=B_SPLINE_SURFACE_WITH_KNOTS('',1,3,((#9520,#9521,#9522,#9523),(#9524,
#9525,#9526,#9527)),.RULED_SURF.,.F.,.F.,.F.,(2,2),(4,4),(0.,1.),(0.,0.00311854235452616),
 .PIECEWISE_BEZIER_KNOTS.);
#158=B_SPLINE_SURFACE_WITH_KNOTS('',1,3,((#9533,#9534,#9535,#9536,#9537,
#9538),(#9539,#9540,#9541,#9542,#9543,#9544)),.RULED_SURF.,.F.,.F.,.F.,
(2,2),(4,2,4),(0.,1.),(1.5707963267949,2.14937406631261,2.72795180583031),
 .UNSPECIFIED.);
#159=B_SPLINE_SURFACE_WITH_KNOTS('',1,3,((#9563,#9564,#9565,#9566,#9567,
#9568,#9569,#9570),(#9571,#9572,#9573,#9574,#9575,#9576,#9577,#9578)),
 .RULED_SURF.,.F.,.F.,.F.,(2,2),(4,2,2,4),(0.,1.),(0.00969396662861771,
0.0112601961981348,0.012826425767652,0.0132763702931728),.UNSPECIFIED.);
#160=B_SPLINE_SURFACE_WITH_KNOTS('',1,3,((#9588,#9589,#9590,#9591),(#9592,
#9593,#9594,#9595)),.RULED_SURF.,.F.,.F.,.F.,(2,2),(4,4),(0.,1.),(0.,0.000415671834698597),
 .PIECEWISE_BEZIER_KNOTS.);
#161=B_SPLINE_SURFACE_WITH_KNOTS('',1,3,((#9600,#9601,#9602,#9603,#9604,
#9605),(#9606,#9607,#9608,#9609,#9610,#9611)),.RULED_SURF.,.F.,.F.,.F.,
(2,2),(4,2,4),(0.,1.),(0.,0.00283745299486593,0.00567490598973187),
 .UNSPECIFIED.);
#162=B_SPLINE_SURFACE_WITH_KNOTS('',1,3,((#9616,#9617,#9618,#9619),(#9620,
#9621,#9622,#9623)),.RULED_SURF.,.F.,.F.,.F.,(2,2),(4,4),(0.,1.),(0.,0.0011593396473814),
 .PIECEWISE_BEZIER_KNOTS.);
#163=B_SPLINE_SURFACE_WITH_KNOTS('',1,3,((#9633,#9634,#9635,#9636,#9637,
#9638),(#9639,#9640,#9641,#9642,#9643,#9644)),.RULED_SURF.,.F.,.F.,.F.,
(2,2),(4,2,4),(0.,1.),(3.66473016389772,4.18855957214121,4.71238898038469),
 .UNSPECIFIED.);
#164=B_SPLINE_SURFACE_WITH_KNOTS('',1,3,((#9659,#9660,#9661,#9662,#9663,
#9664,#9665,#9666,#9667,#9668,#9669,#9670,#9671,#9672,#9673,#9674,#9675,
#9676,#9677),(#9678,#9679,#9680,#9681,#9682,#9683,#9684,#9685,#9686,#9687,
#9688,#9689,#9690,#9691,#9692,#9693,#9694,#9695,#9696)),.RULED_SURF.,.F.,
 .F.,.F.,(2,2),(4,2,2,2,2,2,2,3,4),(0.,1.),(0.,0.00180742653384123,0.00361485306768245,
0.00451856633460306,0.00542227960152368,0.00632599286844429,0.0067778495019046,
0.0072297061353649,0.00729211040069376),.UNSPECIFIED.);
#165=B_SPLINE_SURFACE_WITH_KNOTS('',1,3,((#9701,#9702,#9703,#9704),(#9705,
#9706,#9707,#9708)),.RULED_SURF.,.F.,.F.,.F.,(2,2),(4,4),(0.,1.),(0.,0.00121567577463828),
 .PIECEWISE_BEZIER_KNOTS.);
#166=B_SPLINE_SURFACE_WITH_KNOTS('',1,3,((#9718,#9719,#9720,#9721),(#9722,
#9723,#9724,#9725)),.RULED_SURF.,.F.,.F.,.F.,(2,2),(4,4),(0.,1.),(0.,0.00137864739779261),
 .PIECEWISE_BEZIER_KNOTS.);
#167=B_SPLINE_SURFACE_WITH_KNOTS('',1,3,((#9730,#9731,#9732,#9733,#9734,
#9735),(#9736,#9737,#9738,#9739,#9740,#9741)),.RULED_SURF.,.F.,.F.,.F.,
(2,2),(4,2,4),(0.,1.),(0.,0.0029260657830661,0.00585213156613219),
 .UNSPECIFIED.);
#168=B_SPLINE_SURFACE_WITH_KNOTS('',1,3,((#9746,#9747,#9748,#9749),(#9750,
#9751,#9752,#9753)),.RULED_SURF.,.F.,.F.,.F.,(2,2),(4,4),(0.,1.),(0.,0.00118306721204545),
 .PIECEWISE_BEZIER_KNOTS.);
#169=ELLIPSE('',#4198,0.0174385803436648,0.011);
#170=ELLIPSE('',#4200,0.0140841930515803,0.011);
#171=ELLIPSE('',#4201,0.0125034343456363,0.011);
#172=ELLIPSE('',#4203,0.0120246075775981,0.011);
#173=ELLIPSE('',#4217,0.00177494309610629,0.001625);
#174=ELLIPSE('',#4218,0.00177494309610629,0.001625);
#175=ELLIPSE('',#4219,0.00218454534905389,0.002);
#176=ELLIPSE('',#4247,0.00911555348878495,0.00909335840216933);
#177=ELLIPSE('',#4249,0.00200159936050754,0.002);
#178=ELLIPSE('',#4250,0.00200159936050754,0.002);
#179=ELLIPSE('',#4296,0.00507663652254847,0.005);
#180=ELLIPSE('',#4348,0.00424264068711928,0.003);
#181=ELLIPSE('',#4350,0.00424264068711928,0.003);
#182=ELLIPSE('',#4351,0.00424264068711928,0.003);
#183=ELLIPSE('',#4354,0.0288754447409918,0.011);
#184=ELLIPSE('',#4361,0.00424264068711928,0.003);
#185=ELLIPSE('',#4364,0.0138601617740362,0.003);
#186=ELLIPSE('',#4366,0.00570886918708328,0.003);
#187=ELLIPSE('',#4372,0.0066585186367268,0.003);
#188=ELLIPSE('',#4373,0.00393685238902825,0.003);
#189=ELLIPSE('',#4375,0.00393685238902824,0.003);
#190=ELLIPSE('',#4377,0.0092932499113165,0.003);
#191=ELLIPSE('',#4378,0.00374197022510901,0.003);
#192=ELLIPSE('',#4380,0.026866174066846,0.003);
#193=ELLIPSE('',#4381,0.00374197022510901,0.003);
#194=B_SPLINE_CURVE_WITH_KNOTS('',3,(#5442,#5443,#5444,#5445,#5446,#5447,
#5448),.UNSPECIFIED.,.F.,.F.,(4,1,1,1,4),(0.,0.25,0.5,0.75,1.),
 .UNSPECIFIED.);
#195=B_SPLINE_CURVE_WITH_KNOTS('',3,(#5461,#5462,#5463,#5464,#5465),
 .UNSPECIFIED.,.F.,.F.,(4,1,4),(0.,0.5,1.),.UNSPECIFIED.);
#196=B_SPLINE_CURVE_WITH_KNOTS('',3,(#5481,#5482,#5483,#5484,#5485,#5486,
#5487),.UNSPECIFIED.,.F.,.F.,(4,1,1,1,4),(0.,0.25,0.5,0.75,1.),
 .UNSPECIFIED.);
#197=B_SPLINE_CURVE_WITH_KNOTS('',3,(#5489,#5490,#5491,#5492),
 .UNSPECIFIED.,.F.,.F.,(4,4),(0.,1.),.UNSPECIFIED.);
#198=B_SPLINE_CURVE_WITH_KNOTS('',3,(#5496,#5497,#5498,#5499),
 .UNSPECIFIED.,.F.,.F.,(4,4),(0.,1.),.UNSPECIFIED.);
#199=B_SPLINE_CURVE_WITH_KNOTS('',3,(#5501,#5502,#5503,#5504,#5505),
 .UNSPECIFIED.,.F.,.F.,(4,1,4),(0.,0.5,1.),.UNSPECIFIED.);
#200=B_SPLINE_CURVE_WITH_KNOTS('',3,(#5507,#5508,#5509,#5510),
 .UNSPECIFIED.,.F.,.F.,(4,4),(0.,1.),.UNSPECIFIED.);
#201=B_SPLINE_CURVE_WITH_KNOTS('',3,(#5518,#5519,#5520,#5521),
 .UNSPECIFIED.,.F.,.F.,(4,4),(0.,1.),.UNSPECIFIED.);
#202=B_SPLINE_CURVE_WITH_KNOTS('',3,(#5523,#5524,#5525,#5526,#5527),
 .UNSPECIFIED.,.F.,.F.,(4,1,4),(0.,0.5,1.),.UNSPECIFIED.);
#203=B_SPLINE_CURVE_WITH_KNOTS('',3,(#5529,#5530,#5531,#5532),
 .UNSPECIFIED.,.F.,.F.,(4,4),(0.,1.),.UNSPECIFIED.);
#204=B_SPLINE_CURVE_WITH_KNOTS('',3,(#5536,#5537,#5538,#5539),
 .UNSPECIFIED.,.F.,.F.,(4,4),(0.,1.),.UNSPECIFIED.);
#205=B_SPLINE_CURVE_WITH_KNOTS('',3,(#5541,#5542,#5543,#5544,#5545),
 .UNSPECIFIED.,.F.,.F.,(4,1,4),(0.,0.5,1.),.UNSPECIFIED.);
#206=B_SPLINE_CURVE_WITH_KNOTS('',3,(#5547,#5548,#5549,#5550),
 .UNSPECIFIED.,.F.,.F.,(4,4),(0.,1.),.UNSPECIFIED.);
#207=B_SPLINE_CURVE_WITH_KNOTS('',3,(#5554,#5555,#5556,#5557,#5558,#5559,
#5560,#5561,#5562,#5563),.UNSPECIFIED.,.F.,.F.,(4,1,1,1,1,1,1,4),(0.,0.125,
0.25,0.5,0.625,0.75,0.875,1.),.UNSPECIFIED.);
#208=B_SPLINE_CURVE_WITH_KNOTS('',3,(#5583,#5584,#5585,#5586,#5587),
 .UNSPECIFIED.,.F.,.F.,(4,1,4),(0.,0.5,1.),.UNSPECIFIED.);
#209=B_SPLINE_CURVE_WITH_KNOTS('',3,(#5591,#5592,#5593,#5594),
 .UNSPECIFIED.,.F.,.F.,(4,4),(0.,1.),.UNSPECIFIED.);
#210=B_SPLINE_CURVE_WITH_KNOTS('',3,(#5596,#5597,#5598,#5599,#5600),
 .UNSPECIFIED.,.F.,.F.,(4,1,4),(0.,0.5,1.),.UNSPECIFIED.);
#211=B_SPLINE_CURVE_WITH_KNOTS('',3,(#5602,#5603,#5604,#5605),
 .UNSPECIFIED.,.F.,.F.,(4,4),(0.,1.),.UNSPECIFIED.);
#212=B_SPLINE_CURVE_WITH_KNOTS('',3,(#5607,#5608,#5609,#5610,#5611,#5612),
 .UNSPECIFIED.,.F.,.F.,(4,1,1,4),(0.,0.25,0.5,1.),.UNSPECIFIED.);
#213=B_SPLINE_CURVE_WITH_KNOTS('',3,(#5632,#5633,#5634,#5635,#5636),
 .UNSPECIFIED.,.F.,.F.,(4,1,4),(0.,0.5,1.),.UNSPECIFIED.);
#214=B_SPLINE_CURVE_WITH_KNOTS('',3,(#5640,#5641,#5642,#5643),
 .UNSPECIFIED.,.F.,.F.,(4,4),(0.,1.),.UNSPECIFIED.);
#215=B_SPLINE_CURVE_WITH_KNOTS('',3,(#5645,#5646,#5647,#5648),
 .UNSPECIFIED.,.F.,.F.,(4,4),(0.,1.),.UNSPECIFIED.);
#216=B_SPLINE_CURVE_WITH_KNOTS('',3,(#5652,#5653,#5654,#5655,#5656),
 .UNSPECIFIED.,.F.,.F.,(4,1,4),(0.,0.5,1.),.UNSPECIFIED.);
#217=B_SPLINE_CURVE_WITH_KNOTS('',3,(#5658,#5659,#5660,#5661),
 .UNSPECIFIED.,.F.,.F.,(4,4),(0.,1.),.UNSPECIFIED.);
#218=B_SPLINE_CURVE_WITH_KNOTS('',3,(#5705,#5706,#5707,#5708),
 .UNSPECIFIED.,.F.,.F.,(4,4),(0.,0.000857191012151229),.UNSPECIFIED.);
#219=B_SPLINE_CURVE_WITH_KNOTS('',3,(#5712,#5713,#5714,#5715),
 .UNSPECIFIED.,.F.,.F.,(4,4),(0.,0.000814322640146252),.UNSPECIFIED.);
#220=B_SPLINE_CURVE_WITH_KNOTS('',3,(#5719,#5720,#5721,#5722),
 .UNSPECIFIED.,.F.,.F.,(4,4),(0.,0.000795787018995286),.UNSPECIFIED.);
#221=B_SPLINE_CURVE_WITH_KNOTS('',3,(#5726,#5727,#5728,#5729),
 .UNSPECIFIED.,.F.,.F.,(4,4),(0.,0.000861888867806695),.UNSPECIFIED.);
#222=B_SPLINE_CURVE_WITH_KNOTS('',3,(#5733,#5734,#5735,#5736),
 .UNSPECIFIED.,.F.,.F.,(4,4),(0.,0.000827697223816484),.UNSPECIFIED.);
#223=B_SPLINE_CURVE_WITH_KNOTS('',3,(#5740,#5741,#5742,#5743),
 .UNSPECIFIED.,.F.,.F.,(4,4),(0.,0.000804428652208675),.UNSPECIFIED.);
#224=B_SPLINE_CURVE_WITH_KNOTS('',3,(#5747,#5748,#5749,#5750),
 .UNSPECIFIED.,.F.,.F.,(4,4),(0.,0.000823430640132199),.UNSPECIFIED.);
#225=B_SPLINE_CURVE_WITH_KNOTS('',3,(#5754,#5755,#5756,#5757),
 .UNSPECIFIED.,.F.,.F.,(4,4),(0.,0.00082343063068256),.UNSPECIFIED.);
#226=B_SPLINE_CURVE_WITH_KNOTS('',3,(#5761,#5762,#5763,#5764),
 .UNSPECIFIED.,.F.,.F.,(4,4),(0.,0.000857191013612805),.UNSPECIFIED.);
#227=B_SPLINE_CURVE_WITH_KNOTS('',3,(#5768,#5769,#5770,#5771),
 .UNSPECIFIED.,.F.,.F.,(4,4),(0.,0.000823430632235994),.UNSPECIFIED.);
#228=B_SPLINE_CURVE_WITH_KNOTS('',3,(#5777,#5778,#5779,#5780),
 .UNSPECIFIED.,.F.,.F.,(4,4),(2.163789927955E-15,0.000804428640326184),
 .UNSPECIFIED.);
#229=B_SPLINE_CURVE_WITH_KNOTS('',3,(#5784,#5785,#5786,#5787),
 .UNSPECIFIED.,.F.,.F.,(4,4),(2.2329917596181E-12,0.000827697224549584),
 .UNSPECIFIED.);
#230=B_SPLINE_CURVE_WITH_KNOTS('',3,(#5791,#5792,#5793,#5794),
 .UNSPECIFIED.,.F.,.F.,(4,4),(0.,0.000861888868326463),.UNSPECIFIED.);
#231=B_SPLINE_CURVE_WITH_KNOTS('',3,(#5798,#5799,#5800,#5801),
 .UNSPECIFIED.,.F.,.F.,(4,4),(0.,0.000795787018797513),.UNSPECIFIED.);
#232=B_SPLINE_CURVE_WITH_KNOTS('',3,(#5805,#5806,#5807,#5808),
 .UNSPECIFIED.,.F.,.F.,(4,4),(0.,0.000814322641191847),.UNSPECIFIED.);
#233=B_SPLINE_CURVE_WITH_KNOTS('',3,(#5831,#5832,#5833,#5834,#5835,#5836),
 .UNSPECIFIED.,.F.,.F.,(4,1,1,4),(0.,0.019405113003677,0.0291076695055155,
0.038810226007354),.UNSPECIFIED.);
#234=B_SPLINE_CURVE_WITH_KNOTS('',3,(#5846,#5847,#5848,#5849),
 .UNSPECIFIED.,.F.,.F.,(4,4),(0.,0.0191532340982336),.UNSPECIFIED.);
#235=B_SPLINE_CURVE_WITH_KNOTS('',3,(#5870,#5871,#5872,#5873),
 .UNSPECIFIED.,.F.,.F.,(4,4),(0.,0.000282933687147386),.UNSPECIFIED.);
#236=B_SPLINE_CURVE_WITH_KNOTS('',3,(#5876,#5877,#5878,#5879,#5880),
 .UNSPECIFIED.,.F.,.F.,(4,1,4),(0.,0.5,1.),.UNSPECIFIED.);
#237=B_SPLINE_CURVE_WITH_KNOTS('',3,(#5882,#5883,#5884,#5885,#5886,#5887,
#5888,#5889,#5890,#5891,#5892,#5893,#5894),.UNSPECIFIED.,.F.,.F.,(4,1,1,
1,1,1,1,1,1,1,4),(0.00288505609155182,0.00407558768751093,0.00526611928347005,
0.00764718247538828,0.0100282456673065,0.0124093088592247,0.0171714352430612,
0.0219335616268977,0.0266956880107341,0.0314578143945706,0.0409820671622435),
 .UNSPECIFIED.);
#238=B_SPLINE_CURVE_WITH_KNOTS('',3,(#5895,#5896,#5897,#5898),
 .UNSPECIFIED.,.F.,.F.,(4,4),(0.,0.0186051611218638),.UNSPECIFIED.);
#239=B_SPLINE_CURVE_WITH_KNOTS('',3,(#5900,#5901,#5902,#5903,#5904,#5905,
#5906,#5907),.UNSPECIFIED.,.F.,.F.,(4,1,1,1,1,4),(0.,0.00117326414380405,
0.0023465282876081,0.0046930565752162,0.0070395848628243,0.0093861131504324),
 .UNSPECIFIED.);
#240=B_SPLINE_CURVE_WITH_KNOTS('',3,(#5909,#5910,#5911,#5912),
 .UNSPECIFIED.,.F.,.F.,(4,4),(0.,0.000869785046499661),.UNSPECIFIED.);
#241=B_SPLINE_CURVE_WITH_KNOTS('',3,(#5914,#5915,#5916,#5917,#5918),
 .UNSPECIFIED.,.F.,.F.,(4,1,4),(0.,0.00326356476884439,0.00652712953768877),
 .UNSPECIFIED.);
#242=B_SPLINE_CURVE_WITH_KNOTS('',3,(#5920,#5921,#5922,#5923,#5924,#5925,
#5926),.UNSPECIFIED.,.F.,.F.,(4,1,1,1,4),(1.55158384577955E-17,0.00155579922284855,
0.00311159844569708,0.00466739766854561,0.00622319689139414),
 .UNSPECIFIED.);
#243=B_SPLINE_CURVE_WITH_KNOTS('',3,(#5933,#5934,#5935,#5936,#5937,#5938),
 .UNSPECIFIED.,.F.,.F.,(4,1,1,4),(0.00224871952957662,0.0117199100127216,
0.0211911004958665,0.0401334814621564),.UNSPECIFIED.);
#244=B_SPLINE_CURVE_WITH_KNOTS('',3,(#5939,#5940,#5941,#5942,#5943,#5944),
 .UNSPECIFIED.,.F.,.F.,(4,1,1,4),(0.,0.0187530652944787,0.028129597941718,
0.0375061305889574),.UNSPECIFIED.);
#245=B_SPLINE_CURVE_WITH_KNOTS('',3,(#5975,#5976,#5977,#5978,#5979,#5980,
#5981,#5982,#5983,#5984,#5985,#5986),.UNSPECIFIED.,.F.,.F.,(4,1,1,1,1,1,
1,1,1,4),(0.,0.00971711234990306,0.0145756685248546,0.0194342246998061,
0.0242927808747577,0.0291513370497092,0.031580615137185,0.0340098932246607,
0.0364391713121365,0.0388684493996123),.UNSPECIFIED.);
#246=B_SPLINE_CURVE_WITH_KNOTS('',3,(#5988,#5989,#5990,#5991),
 .UNSPECIFIED.,.F.,.F.,(4,4),(0.,1.),.UNSPECIFIED.);
#247=B_SPLINE_CURVE_WITH_KNOTS('',3,(#5993,#5994,#5995,#5996,#5997,#5998),
 .UNSPECIFIED.,.F.,.F.,(4,1,1,4),(0.00157075248521547,0.00538219877772279,
0.00919364507023011,0.0168165376552448),.UNSPECIFIED.);
#248=B_SPLINE_CURVE_WITH_KNOTS('',3,(#6000,#6001,#6002,#6003,#6004,#6005,
#6006),.UNSPECIFIED.,.F.,.F.,(4,1,1,1,4),(1.68411186376203E-17,0.000926843202209551,
0.00185368640441908,0.00278052960662862,0.00370737280883815),
 .UNSPECIFIED.);
#249=B_SPLINE_CURVE_WITH_KNOTS('',3,(#6008,#6009,#6010,#6011),
 .UNSPECIFIED.,.F.,.F.,(4,4),(0.00255068559756996,0.00684169512783643),
 .UNSPECIFIED.);
#250=B_SPLINE_CURVE_WITH_KNOTS('',3,(#6013,#6014,#6015,#6016),
 .UNSPECIFIED.,.F.,.F.,(4,4),(0.0172154589807188,0.019988959581261),
 .UNSPECIFIED.);
#251=B_SPLINE_CURVE_WITH_KNOTS('',3,(#6018,#6019,#6020,#6021),
 .UNSPECIFIED.,.F.,.F.,(4,4),(2.0888836804026E-17,0.00277097086820434),
 .UNSPECIFIED.);
#252=B_SPLINE_CURVE_WITH_KNOTS('',3,(#6023,#6024,#6025,#6026,#6027,#6028),
 .UNSPECIFIED.,.F.,.F.,(4,1,1,4),(0.,0.00597841999327254,0.00896762998990881,
0.0119568399865451),.UNSPECIFIED.);
#253=B_SPLINE_CURVE_WITH_KNOTS('',3,(#6030,#6031,#6032,#6033),
 .UNSPECIFIED.,.F.,.F.,(4,4),(0.,0.0208485895497604),.UNSPECIFIED.);
#254=B_SPLINE_CURVE_WITH_KNOTS('',3,(#6054,#6055,#6056,#6057,#6058,#6059),
 .UNSPECIFIED.,.F.,.F.,(4,1,1,4),(0.00222517547300498,0.00996343531772761,
0.0138325652400889,0.0177016951624502),.UNSPECIFIED.);
#255=B_SPLINE_CURVE_WITH_KNOTS('',3,(#6062,#6063,#6064,#6065),
 .UNSPECIFIED.,.F.,.F.,(4,4),(0.,1.),.UNSPECIFIED.);
#256=B_SPLINE_CURVE_WITH_KNOTS('',3,(#6067,#6068,#6069,#6070,#6071,#6072,
#6073,#6074,#6075,#6076,#6077,#6078),.UNSPECIFIED.,.F.,.F.,(4,1,1,1,1,1,
1,1,1,4),(0.00275747308925599,0.00521140181761184,0.00766533054596769,0.0101192592743235,
0.0125731880026794,0.0174810454593911,0.0223889029161028,0.0272967603728145,
0.0322046178295262,0.0420203327429495),.UNSPECIFIED.);
#257=B_SPLINE_CURVE_WITH_KNOTS('',3,(#6079,#6080,#6081,#6082),
 .UNSPECIFIED.,.F.,.F.,(4,4),(0.,0.0208485897830488),.UNSPECIFIED.);
#258=B_SPLINE_CURVE_WITH_KNOTS('',3,(#6084,#6085,#6086,#6087,#6088),
 .UNSPECIFIED.,.F.,.F.,(4,1,4),(0.000304650133091071,0.00631223971373914,
0.0123198292943872),.UNSPECIFIED.);
#259=B_SPLINE_CURVE_WITH_KNOTS('',3,(#6090,#6091,#6092,#6093),
 .UNSPECIFIED.,.F.,.F.,(4,4),(0.,0.00277097086789308),.UNSPECIFIED.);
#260=B_SPLINE_CURVE_WITH_KNOTS('',3,(#6095,#6096,#6097,#6098),
 .UNSPECIFIED.,.F.,.F.,(4,4),(0.,0.00276671960334972),.UNSPECIFIED.);
#261=B_SPLINE_CURVE_WITH_KNOTS('',3,(#6100,#6101,#6102,#6103),
 .UNSPECIFIED.,.F.,.F.,(4,4),(1.78179662611229E-15,0.00430738046467358),
 .UNSPECIFIED.);
#262=B_SPLINE_CURVE_WITH_KNOTS('',3,(#6105,#6106,#6107,#6108,#6109,#6110,
#6111),.UNSPECIFIED.,.F.,.F.,(4,1,1,1,4),(3.87895961444886E-17,0.000924405614218165,
0.00184881122843629,0.00277321684265442,0.00369762245687254),
 .UNSPECIFIED.);
#263=B_SPLINE_CURVE_WITH_KNOTS('',3,(#6120,#6121,#6122,#6123,#6124),
 .UNSPECIFIED.,.F.,.F.,(4,1,4),(0.,0.016328774317525,0.0326575486350501),
 .UNSPECIFIED.);
#264=B_SPLINE_CURVE_WITH_KNOTS('',3,(#6166,#6167,#6168,#6169),
 .UNSPECIFIED.,.F.,.F.,(4,4),(1.46386406120398E-16,0.0214073414812836),
 .UNSPECIFIED.);
#265=B_SPLINE_CURVE_WITH_KNOTS('',3,(#6193,#6194,#6195,#6196,#6197,#6198),
 .UNSPECIFIED.,.F.,.F.,(4,1,1,4),(0.,0.0189592527196011,0.0284388790794016,
0.0379185054392021),.UNSPECIFIED.);
#266=B_SPLINE_CURVE_WITH_KNOTS('',3,(#6226,#6227,#6228,#6229),
 .UNSPECIFIED.,.F.,.F.,(4,4),(0.,0.0214073401921729),.UNSPECIFIED.);
#267=B_SPLINE_CURVE_WITH_KNOTS('',3,(#6239,#6240,#6241,#6242,#6243,#6244,
#6245,#6246,#6247),.UNSPECIFIED.,.F.,.F.,(4,1,1,1,1,1,4),(0.,0.00258030387648325,
0.00516060775296649,0.00645075969120811,0.00774091162944974,0.00903106356769136,
0.010321215505933),.UNSPECIFIED.);
#268=B_SPLINE_CURVE_WITH_KNOTS('',3,(#6297,#6298,#6299,#6300,#6301),
 .UNSPECIFIED.,.F.,.F.,(4,1,4),(0.,0.000922367375523901,0.0018447347510478),
 .UNSPECIFIED.);
#269=B_SPLINE_CURVE_WITH_KNOTS('',3,(#6311,#6312,#6313,#6314,#6315),
 .UNSPECIFIED.,.F.,.F.,(4,1,4),(0.,0.000922367375523781,0.00184473475104756),
 .UNSPECIFIED.);
#270=B_SPLINE_CURVE_WITH_KNOTS('',3,(#6332,#6333,#6334,#6335,#6336),
 .UNSPECIFIED.,.F.,.F.,(4,1,4),(0.,0.000922367375523795,0.00184473475104759),
 .UNSPECIFIED.);
#271=B_SPLINE_CURVE_WITH_KNOTS('',3,(#6347,#6348,#6349,#6350,#6351),
 .UNSPECIFIED.,.F.,.F.,(4,1,4),(0.,0.000922367375523876,0.00184473475104775),
 .UNSPECIFIED.);
#272=B_SPLINE_CURVE_WITH_KNOTS('',3,(#6383,#6384,#6385,#6386,#6387,#6388,
#6389),.UNSPECIFIED.,.F.,.F.,(4,1,1,1,4),(0.0107418956860051,0.016189828061072,
0.0216377604361388,0.0270856928112056,0.0325336251862725),.UNSPECIFIED.);
#273=B_SPLINE_CURVE_WITH_KNOTS('',3,(#6392,#6393,#6394,#6395),
 .UNSPECIFIED.,.F.,.F.,(4,4),(0.,0.00864466919238318),.UNSPECIFIED.);
#274=B_SPLINE_CURVE_WITH_KNOTS('',3,(#6396,#6397,#6398,#6399),
 .UNSPECIFIED.,.F.,.F.,(4,4),(1.33421147060073E-9,0.0315081143815478),
 .UNSPECIFIED.);
#275=B_SPLINE_CURVE_WITH_KNOTS('',3,(#6401,#6402,#6403,#6404,#6405,#6406),
 .UNSPECIFIED.,.F.,.F.,(4,1,1,4),(2.8609792490764E-17,0.00406788829568724,
0.00813577659137446,0.0162715531827489),.UNSPECIFIED.);
#276=B_SPLINE_CURVE_WITH_KNOTS('',3,(#6408,#6409,#6410,#6411),
 .UNSPECIFIED.,.F.,.F.,(4,4),(3.46944695195361E-18,0.00215950923585982),
 .UNSPECIFIED.);
#277=B_SPLINE_CURVE_WITH_KNOTS('',3,(#6418,#6419,#6420,#6421,#6422,#6423),
 .UNSPECIFIED.,.F.,.F.,(4,1,1,4),(0.00246792516252028,0.0120884780732068,
0.0217090309838933,0.0409501368052664),.UNSPECIFIED.);
#278=B_SPLINE_CURVE_WITH_KNOTS('',3,(#6424,#6425,#6426,#6427),
 .UNSPECIFIED.,.F.,.F.,(4,4),(0.,0.00919231261529172),.UNSPECIFIED.);
#279=B_SPLINE_CURVE_WITH_KNOTS('',3,(#6429,#6430,#6431,#6432,#6433,#6434,
#6435,#6436,#6437,#6438),.UNSPECIFIED.,.F.,.F.,(4,1,1,1,1,1,1,4),(0.,0.000659677816045419,
0.00131935563209084,0.00197903344813626,0.00263871126418167,0.00329838908022709,
0.00395806689627251,0.00527742252836335),.UNSPECIFIED.);
#280=B_SPLINE_CURVE_WITH_KNOTS('',3,(#6440,#6441,#6442,#6443),
 .UNSPECIFIED.,.F.,.F.,(4,4),(0.,0.00472070846376933),.UNSPECIFIED.);
#281=B_SPLINE_CURVE_WITH_KNOTS('',3,(#6489,#6490,#6491,#6492,#6493,#6494,
#6495),.UNSPECIFIED.,.F.,.F.,(4,1,1,1,4),(0.,0.25,0.5,0.75,1.),
 .UNSPECIFIED.);
#282=B_SPLINE_CURVE_WITH_KNOTS('',3,(#6573,#6574,#6575,#6576,#6577,#6578),
 .UNSPECIFIED.,.F.,.F.,(4,1,1,4),(0.00239717995283333,0.011830267975831,
0.0212633559988286,0.0401295320448238),.UNSPECIFIED.);
#283=B_SPLINE_CURVE_WITH_KNOTS('',3,(#6611,#6612,#6613,#6614,#6615,#6616,
#6617,#6618,#6619,#6620,#6621,#6622),.UNSPECIFIED.,.F.,.F.,(4,1,1,1,1,1,
1,1,1,4),(0.,0.00950239067885979,0.0142535860182897,0.0190047813577196,
0.0237559766971495,0.0285071720365794,0.0308827697062943,0.0332583673760093,
0.0356339650457242,0.0380095627154391),.UNSPECIFIED.);
#284=B_SPLINE_CURVE_WITH_KNOTS('',3,(#6624,#6625,#6626,#6627,#6628,#6629,
#6630,#6631,#6632,#6633,#6634,#6635,#6636,#6637,#6638,#6639,#6640),
 .UNSPECIFIED.,.F.,.F.,(4,1,1,1,1,1,1,1,1,1,1,1,1,1,4),(0.,0.25,0.375,0.5,
0.625,0.6875,0.75,0.8125,0.875,0.90625,0.9375,0.96875,0.984375,0.9921875,
1.),.UNSPECIFIED.);
#285=B_SPLINE_CURVE_WITH_KNOTS('',3,(#6642,#6643,#6644,#6645,#6646,#6647,
#6648,#6649,#6650,#6651,#6652,#6653,#6654,#6655,#6656,#6657),
 .UNSPECIFIED.,.F.,.F.,(4,2,2,2,2,2,2,4),(0.,0.00180742653384123,0.00361485306768245,
0.00451856633460306,0.00542227960152368,0.00632599286844429,0.0067778495019046,
0.0072297061353649),.UNSPECIFIED.);
#286=B_SPLINE_CURVE_WITH_KNOTS('',3,(#6659,#6660,#6661,#6662),
 .UNSPECIFIED.,.F.,.F.,(4,4),(0.,0.000381667312109786),.UNSPECIFIED.);
#287=B_SPLINE_CURVE_WITH_KNOTS('',3,(#6683,#6684,#6685,#6686,#6687,#6688,
#6689,#6690,#6691,#6692,#6693,#6694,#6695),.UNSPECIFIED.,.F.,.F.,(4,1,1,
1,1,1,1,1,1,1,4),(0.,0.00954362772345765,0.0143154415851865,0.0190872554469153,
0.0238590693086441,0.028630883170373,0.0310167901012374,0.0334026970321018,
0.0357886039629662,0.0369815574283984,0.0381745108938306),.UNSPECIFIED.);
#288=B_SPLINE_CURVE_WITH_KNOTS('',3,(#6697,#6698,#6699,#6700,#6701,#6702),
 .UNSPECIFIED.,.F.,.F.,(4,1,1,4),(0.,0.25,0.5,1.),.UNSPECIFIED.);
#289=B_SPLINE_CURVE_WITH_KNOTS('',3,(#6704,#6705,#6706,#6707,#6708,#6709,
#6710,#6711,#6712,#6713,#6714,#6715,#6716),.UNSPECIFIED.,.F.,.F.,(4,1,1,
1,1,1,1,1,1,1,4),(0.00295872979642185,0.0041627288000376,0.00536672780365334,
0.00777472581088483,0.0101827238181163,0.0125907218253478,0.0174067178398108,
0.0222227138542738,0.0270387098687368,0.0318547058831997,0.0414866979121257),
 .UNSPECIFIED.);
#290=B_SPLINE_CURVE_WITH_KNOTS('',3,(#6737,#6738,#6739,#6740,#6741,#6742,
#6743,#6744,#6745,#6746,#6747,#6748),.UNSPECIFIED.,.F.,.F.,(4,1,1,1,1,1,
1,1,1,4),(0.,0.0097610171035275,0.0146415256552912,0.019522034207055,0.0244025427588188,
0.0292830513105825,0.0317233055864644,0.0341635598623462,0.0366038141382281,
0.03904406841411),.UNSPECIFIED.);
#291=B_SPLINE_CURVE_WITH_KNOTS('',3,(#6750,#6751,#6752,#6753,#6754,#6755,
#6756),.UNSPECIFIED.,.F.,.F.,(4,1,1,1,4),(0.,0.25,0.5,0.75,1.),
 .UNSPECIFIED.);
#292=B_SPLINE_CURVE_WITH_KNOTS('',3,(#6758,#6759,#6760,#6761,#6762,#6763,
#6764,#6765,#6766,#6767,#6768,#6769,#6770),.UNSPECIFIED.,.F.,.F.,(4,1,1,
1,1,1,1,1,1,1,4),(0.00282410035078647,0.00401481960964916,0.00520553886851184,
0.0075869773862372,0.00996841590396257,0.0123498544216879,0.0171127314571387,
0.0218756084925894,0.0266384855280401,0.0314013625634908,0.0409271166343923),
 .UNSPECIFIED.);
#293=B_SPLINE_CURVE_WITH_KNOTS('',3,(#6772,#6773,#6774,#6775,#6776,#6777),
 .UNSPECIFIED.,.F.,.F.,(4,1,1,4),(0.,0.0189419567520659,0.0284129351280988,
0.0378839135041317),.UNSPECIFIED.);
#294=B_SPLINE_CURVE_WITH_KNOTS('',3,(#6781,#6782,#6783,#6784,#6785,#6786),
 .UNSPECIFIED.,.F.,.F.,(4,1,1,4),(0.00228571196828445,0.0119478447376296,
0.0216099775069748,0.0409342430456652),.UNSPECIFIED.);
#295=B_SPLINE_CURVE_WITH_KNOTS('',3,(#6844,#6845,#6846,#6847,#6848,#6849,
#6850),.UNSPECIFIED.,.F.,.F.,(4,1,1,1,4),(0.,0.00312456259300134,0.00624912518600267,
0.00937368777900401,0.0124982503720053),.UNSPECIFIED.);
#296=B_SPLINE_CURVE_WITH_KNOTS('',3,(#6870,#6871,#6872,#6873,#6874),
 .UNSPECIFIED.,.F.,.F.,(4,1,4),(0.,0.00415432675778834,0.00830865351557668),
 .UNSPECIFIED.);
#297=B_SPLINE_CURVE_WITH_KNOTS('',3,(#6876,#6877,#6878,#6879),
 .UNSPECIFIED.,.F.,.F.,(4,4),(0.00259834272372105,0.00619154267969245),
 .UNSPECIFIED.);
#298=B_SPLINE_CURVE_WITH_KNOTS('',3,(#6883,#6884,#6885,#6886),
 .UNSPECIFIED.,.F.,.F.,(4,4),(0.,1.),.UNSPECIFIED.);
#299=B_SPLINE_CURVE_WITH_KNOTS('',3,(#6887,#6888,#6889,#6890),
 .UNSPECIFIED.,.F.,.F.,(4,4),(0.,1.),.UNSPECIFIED.);
#300=B_SPLINE_CURVE_WITH_KNOTS('',3,(#6905,#6906,#6907,#6908),
 .UNSPECIFIED.,.F.,.F.,(4,4),(9.81307786677359E-18,0.00507523662123816),
 .UNSPECIFIED.);
#301=B_SPLINE_CURVE_WITH_KNOTS('',3,(#6915,#6916,#6917,#6918),
 .UNSPECIFIED.,.F.,.F.,(4,4),(1.94412898642553E-16,0.000828508118144467),
 .UNSPECIFIED.);
#302=B_SPLINE_CURVE_WITH_KNOTS('',3,(#6932,#6933,#6934,#6935),
 .UNSPECIFIED.,.F.,.F.,(4,4),(0.,0.000584216546292979),.UNSPECIFIED.);
#303=B_SPLINE_CURVE_WITH_KNOTS('',3,(#6936,#6937,#6938,#6939),
 .UNSPECIFIED.,.F.,.F.,(4,4),(3.57083462765482E-16,0.000584216546616844),
 .UNSPECIFIED.);
#304=B_SPLINE_CURVE_WITH_KNOTS('',3,(#6969,#6970,#6971,#6972),
 .UNSPECIFIED.,.F.,.F.,(4,4),(0.,0.00440224978482368),.UNSPECIFIED.);
#305=B_SPLINE_CURVE_WITH_KNOTS('',3,(#6974,#6975,#6976,#6977),
 .UNSPECIFIED.,.F.,.F.,(4,4),(0.206472697956607,1.),.UNSPECIFIED.);
#306=B_SPLINE_CURVE_WITH_KNOTS('',3,(#7029,#7030,#7031,#7032,#7033,#7034,
#7035,#7036,#7037,#7038),.UNSPECIFIED.,.F.,.F.,(4,1,1,1,1,1,1,4),(6.24500451351651E-17,
0.00160907285486242,0.0024136092822936,0.00321814570972478,0.00402268213715596,
0.00482721856458714,0.00563175499201832,0.0064362914194495),
 .UNSPECIFIED.);
#307=B_SPLINE_CURVE_WITH_KNOTS('',3,(#7107,#7108,#7109,#7110),
 .UNSPECIFIED.,.F.,.F.,(4,4),(0.,1.),.UNSPECIFIED.);
#308=B_SPLINE_CURVE_WITH_KNOTS('',3,(#7112,#7113,#7114,#7115),
 .UNSPECIFIED.,.F.,.F.,(4,4),(0.00265452860399865,0.00318894257004576),
 .UNSPECIFIED.);
#309=B_SPLINE_CURVE_WITH_KNOTS('',3,(#7122,#7123,#7124,#7125,#7126,#7127),
 .UNSPECIFIED.,.F.,.F.,(4,1,1,4),(0.000246588705866424,0.00159332332954628,
0.00294005795322614,0.00563352720058586),.UNSPECIFIED.);
#310=B_SPLINE_CURVE_WITH_KNOTS('',3,(#7134,#7135,#7136,#7137),
 .UNSPECIFIED.,.F.,.F.,(4,4),(0.,1.),.UNSPECIFIED.);
#311=B_SPLINE_CURVE_WITH_KNOTS('',3,(#7139,#7140,#7141,#7142),
 .UNSPECIFIED.,.F.,.F.,(4,4),(0.575023784972167,1.),.UNSPECIFIED.);
#312=B_SPLINE_CURVE_WITH_KNOTS('',3,(#7152,#7153,#7154,#7155),
 .UNSPECIFIED.,.F.,.F.,(4,4),(0.,1.),.UNSPECIFIED.);
#313=B_SPLINE_CURVE_WITH_KNOTS('',3,(#7181,#7182,#7183,#7184,#7185,#7186,
#7187,#7188,#7189,#7190,#7191,#7192),.UNSPECIFIED.,.F.,.F.,(4,1,1,1,1,1,
1,1,1,4),(0.,0.125,0.25,0.375,0.5,0.625,0.75,0.8125,0.875,1.),
 .UNSPECIFIED.);
#314=B_SPLINE_CURVE_WITH_KNOTS('',3,(#7205,#7206,#7207,#7208),
 .UNSPECIFIED.,.F.,.F.,(4,4),(0.,0.998937496055655),.UNSPECIFIED.);
#315=B_SPLINE_CURVE_WITH_KNOTS('',3,(#7210,#7211,#7212,#7213),
 .UNSPECIFIED.,.F.,.F.,(4,4),(0.,1.),.UNSPECIFIED.);
#316=B_SPLINE_CURVE_WITH_KNOTS('',3,(#7215,#7216,#7217,#7218),
 .UNSPECIFIED.,.F.,.F.,(4,4),(0.000374073455416706,1.),.UNSPECIFIED.);
#317=B_SPLINE_CURVE_WITH_KNOTS('',3,(#7222,#7223,#7224,#7225),
 .UNSPECIFIED.,.F.,.F.,(4,4),(0.,0.00080750029917857),.UNSPECIFIED.);
#318=B_SPLINE_CURVE_WITH_KNOTS('',3,(#7242,#7243,#7244,#7245,#7246,#7247,
#7248,#7249,#7250,#7251,#7252,#7253,#7254,#7255),.UNSPECIFIED.,.F.,.F.,
(4,1,1,1,1,1,1,1,1,1,1,4),(0.,0.25,0.375,0.4375,0.46875,0.5,0.53125,0.5625,
0.625,0.75,0.875,1.),.UNSPECIFIED.);
#319=B_SPLINE_CURVE_WITH_KNOTS('',3,(#7257,#7258,#7259,#7260),
 .UNSPECIFIED.,.F.,.F.,(4,4),(0.,1.),.UNSPECIFIED.);
#320=B_SPLINE_CURVE_WITH_KNOTS('',3,(#7261,#7262,#7263,#7264,#7265),
 .UNSPECIFIED.,.F.,.F.,(4,1,4),(0.,0.00207609228061176,0.00415218456122352),
 .UNSPECIFIED.);
#321=B_SPLINE_CURVE_WITH_KNOTS('',3,(#7267,#7268,#7269,#7270,#7271,#7272,
#7273,#7274,#7275,#7276,#7277,#7278,#7279,#7280,#7281),.UNSPECIFIED.,.F.,
 .F.,(4,1,1,1,1,1,1,1,1,1,1,1,4),(0.,0.0625,0.125,0.1875,0.25,0.3125,0.375,
0.4375,0.5,0.5625,0.625,0.75,1.),.UNSPECIFIED.);
#322=B_SPLINE_CURVE_WITH_KNOTS('',3,(#7283,#7284,#7285,#7286),
 .UNSPECIFIED.,.F.,.F.,(4,4),(0.,1.),.UNSPECIFIED.);
#323=B_SPLINE_CURVE_WITH_KNOTS('',3,(#7294,#7295,#7296,#7297,#7298,#7299,
#7300,#7301),.UNSPECIFIED.,.F.,.F.,(4,1,1,1,1,4),(0.,0.125,0.25,0.5,0.75,
1.),.UNSPECIFIED.);
#324=B_SPLINE_CURVE_WITH_KNOTS('',3,(#7341,#7342,#7343,#7344,#7345,#7346,
#7347),.UNSPECIFIED.,.F.,.F.,(4,1,1,1,4),(0.,0.00243594135086278,0.00487188270172555,
0.00730782405258833,0.0097437654034511),.UNSPECIFIED.);
#325=B_SPLINE_CURVE_WITH_KNOTS('',3,(#7370,#7371,#7372,#7373),
 .UNSPECIFIED.,.F.,.F.,(4,4),(0.,0.000287925925448475),.UNSPECIFIED.);
#326=B_SPLINE_CURVE_WITH_KNOTS('',3,(#7375,#7376,#7377,#7378),
 .UNSPECIFIED.,.F.,.F.,(4,4),(0.,1.),.UNSPECIFIED.);
#327=B_SPLINE_CURVE_WITH_KNOTS('',3,(#7381,#7382,#7383,#7384,#7385,#7386,
#7387,#7388,#7389,#7390,#7391,#7392,#7393,#7394,#7395,#7396),
 .UNSPECIFIED.,.F.,.F.,(4,1,1,1,1,1,1,1,1,1,1,1,1,4),(0.,0.125,0.25,0.375,
0.4375,0.46875,0.5,0.53125,0.5625,0.625,0.6875,0.75,0.875,1.),
 .UNSPECIFIED.);
#328=B_SPLINE_CURVE_WITH_KNOTS('',3,(#7422,#7423,#7424,#7425,#7426,#7427,
#7428,#7429,#7430,#7431,#7432,#7433,#7434,#7435,#7436,#7437,#7438,#7439),
 .UNSPECIFIED.,.F.,.F.,(4,1,1,1,1,1,1,1,1,1,1,1,1,1,1,4),(0.,0.125,0.25,
0.3125,0.375,0.4375,0.46875,0.484375,0.5,0.515625,0.53125,0.5625,0.625,
0.75,0.875,1.),.UNSPECIFIED.);
#329=B_SPLINE_CURVE_WITH_KNOTS('',3,(#7441,#7442,#7443,#7444,#7445,#7446,
#7447,#7448,#7449,#7450,#7451,#7452,#7453,#7454,#7455,#7456,#7457,#7458,
#7459,#7460,#7461,#7462),.UNSPECIFIED.,.F.,.F.,(4,1,1,1,1,1,1,1,1,1,1,1,
1,1,1,1,1,1,1,4),(0.,0.0625,0.125,0.1875,0.21875,0.234375,0.25,0.265625,
0.28125,0.3125,0.375,0.4375,0.46875,0.5,0.53125,0.5625,0.625,0.75,0.875,
1.),.UNSPECIFIED.);
#330=B_SPLINE_CURVE_WITH_KNOTS('',3,(#7505,#7506,#7507,#7508,#7509),
 .UNSPECIFIED.,.F.,.F.,(4,1,4),(0.,0.5,1.),.UNSPECIFIED.);
#331=B_SPLINE_CURVE_WITH_KNOTS('',3,(#7668,#7669,#7670,#7671),
 .UNSPECIFIED.,.F.,.F.,(4,4),(0.,1.),.UNSPECIFIED.);
#332=B_SPLINE_CURVE_WITH_KNOTS('',3,(#7690,#7691,#7692,#7693),
 .UNSPECIFIED.,.F.,.F.,(4,4),(0.,1.),.UNSPECIFIED.);
#333=B_SPLINE_CURVE_WITH_KNOTS('',3,(#7737,#7738,#7739,#7740),
 .UNSPECIFIED.,.F.,.F.,(4,4),(0.,1.),.UNSPECIFIED.);
#334=B_SPLINE_CURVE_WITH_KNOTS('',3,(#7771,#7772,#7773,#7774,#7775),
 .UNSPECIFIED.,.F.,.F.,(4,1,4),(0.,0.5,1.),.UNSPECIFIED.);
#335=B_SPLINE_CURVE_WITH_KNOTS('',3,(#7830,#7831,#7832,#7833),
 .UNSPECIFIED.,.F.,.F.,(4,4),(0.,1.),.UNSPECIFIED.);
#336=B_SPLINE_CURVE_WITH_KNOTS('',3,(#7876,#7877,#7878,#7879),
 .UNSPECIFIED.,.F.,.F.,(4,4),(0.,1.),.UNSPECIFIED.);
#337=B_SPLINE_CURVE_WITH_KNOTS('',3,(#7922,#7923,#7924,#7925),
 .UNSPECIFIED.,.F.,.F.,(4,4),(0.,1.),.UNSPECIFIED.);
#338=B_SPLINE_CURVE_WITH_KNOTS('',3,(#7977,#7978,#7979,#7980),
 .UNSPECIFIED.,.F.,.F.,(4,4),(0.,1.),.UNSPECIFIED.);
#339=B_SPLINE_CURVE_WITH_KNOTS('',3,(#8020,#8021,#8022,#8023),
 .UNSPECIFIED.,.F.,.F.,(4,4),(0.,1.),.UNSPECIFIED.);
#340=B_SPLINE_CURVE_WITH_KNOTS('',3,(#8063,#8064,#8065,#8066),
 .UNSPECIFIED.,.F.,.F.,(4,4),(0.,1.),.UNSPECIFIED.);
#341=B_SPLINE_CURVE_WITH_KNOTS('',3,(#8106,#8107,#8108,#8109),
 .UNSPECIFIED.,.F.,.F.,(4,4),(0.,1.),.UNSPECIFIED.);
#342=B_SPLINE_CURVE_WITH_KNOTS('',3,(#8149,#8150,#8151,#8152),
 .UNSPECIFIED.,.F.,.F.,(4,4),(0.,1.),.UNSPECIFIED.);
#343=B_SPLINE_CURVE_WITH_KNOTS('',3,(#8201,#8202,#8203,#8204),
 .UNSPECIFIED.,.F.,.F.,(4,4),(0.,1.),.UNSPECIFIED.);
#344=B_SPLINE_CURVE_WITH_KNOTS('',3,(#8244,#8245,#8246,#8247),
 .UNSPECIFIED.,.F.,.F.,(4,4),(0.,1.),.UNSPECIFIED.);
#345=B_SPLINE_CURVE_WITH_KNOTS('',3,(#8264,#8265,#8266,#8267,#8268,#8269,
#8270,#8271),.UNSPECIFIED.,.F.,.F.,(4,1,1,1,1,4),(0.,0.25,0.375,0.5,0.75,
1.),.UNSPECIFIED.);
#346=B_SPLINE_CURVE_WITH_KNOTS('',3,(#8273,#8274,#8275,#8276,#8277,#8278,
#8279,#8280,#8281,#8282,#8283,#8284,#8285,#8286,#8287,#8288,#8289,#8290),
 .UNSPECIFIED.,.F.,.F.,(4,1,1,1,1,1,1,1,1,1,1,1,1,1,1,4),(0.,0.125,0.1875,
0.25,0.3125,0.375,0.5,0.5625,0.625,0.6875,0.71875,0.75,0.78125,0.8125,0.875,
1.),.UNSPECIFIED.);
#347=B_SPLINE_CURVE_WITH_KNOTS('',3,(#8347,#8348,#8349,#8350),
 .UNSPECIFIED.,.F.,.F.,(4,4),(0.,1.),.UNSPECIFIED.);
#348=B_SPLINE_CURVE_WITH_KNOTS('',3,(#8560,#8561,#8562,#8563,#8564,#8565,
#8566),.UNSPECIFIED.,.F.,.F.,(4,1,1,1,4),(0.,0.25,0.5,0.75,1.),
 .UNSPECIFIED.);
#349=B_SPLINE_CURVE_WITH_KNOTS('',3,(#8657,#8658,#8659,#8660),
 .UNSPECIFIED.,.F.,.F.,(4,4),(0.,0.999999916720836),.UNSPECIFIED.);
#350=B_SPLINE_CURVE_WITH_KNOTS('',3,(#8662,#8663,#8664,#8665),
 .UNSPECIFIED.,.F.,.F.,(4,4),(8.23538134529614E-8,1.),.UNSPECIFIED.);
#351=B_SPLINE_CURVE_WITH_KNOTS('',3,(#8756,#8757,#8758,#8759,#8760,#8761,
#8762),.UNSPECIFIED.,.F.,.F.,(4,1,1,1,4),(0.,0.25,0.5,0.75,1.),
 .UNSPECIFIED.);
#352=B_SPLINE_CURVE_WITH_KNOTS('',3,(#9336,#9337,#9338,#9339),
 .UNSPECIFIED.,.F.,.F.,(4,4),(0.,1.),.UNSPECIFIED.);
#353=B_SPLINE_CURVE_WITH_KNOTS('',3,(#9348,#9349,#9350,#9351),
 .UNSPECIFIED.,.F.,.F.,(4,4),(0.,1.),.UNSPECIFIED.);
#354=B_SPLINE_CURVE_WITH_KNOTS('',3,(#9353,#9354,#9355,#9356),
 .UNSPECIFIED.,.F.,.F.,(4,4),(0.,1.),.UNSPECIFIED.);
#355=B_SPLINE_CURVE_WITH_KNOTS('',3,(#9365,#9366,#9367,#9368),
 .UNSPECIFIED.,.F.,.F.,(4,4),(0.,1.),.UNSPECIFIED.);
#356=B_SPLINE_CURVE_WITH_KNOTS('',3,(#9371,#9372,#9373,#9374),
 .UNSPECIFIED.,.F.,.F.,(4,4),(0.,1.),.UNSPECIFIED.);
#357=B_SPLINE_CURVE_WITH_KNOTS('',3,(#9383,#9384,#9385,#9386),
 .UNSPECIFIED.,.F.,.F.,(4,4),(0.,1.),.UNSPECIFIED.);
#358=B_SPLINE_CURVE_WITH_KNOTS('',3,(#9399,#9400,#9401,#9402),
 .UNSPECIFIED.,.F.,.F.,(4,4),(0.,1.),.UNSPECIFIED.);
#359=B_SPLINE_CURVE_WITH_KNOTS('',3,(#9411,#9412,#9413,#9414),
 .UNSPECIFIED.,.F.,.F.,(4,4),(0.,1.),.UNSPECIFIED.);
#360=B_SPLINE_CURVE_WITH_KNOTS('',3,(#9416,#9417,#9418,#9419),
 .UNSPECIFIED.,.F.,.F.,(4,4),(0.,1.),.UNSPECIFIED.);
#361=B_SPLINE_CURVE_WITH_KNOTS('',3,(#9428,#9429,#9430,#9431),
 .UNSPECIFIED.,.F.,.F.,(4,4),(0.,1.),.UNSPECIFIED.);
#362=B_SPLINE_CURVE_WITH_KNOTS('',3,(#9444,#9445,#9446,#9447),
 .UNSPECIFIED.,.F.,.F.,(4,4),(0.,1.),.UNSPECIFIED.);
#363=B_SPLINE_CURVE_WITH_KNOTS('',3,(#9456,#9457,#9458,#9459),
 .UNSPECIFIED.,.F.,.F.,(4,4),(0.,1.),.UNSPECIFIED.);
#364=B_SPLINE_CURVE_WITH_KNOTS('',3,(#9461,#9462,#9463,#9464),
 .UNSPECIFIED.,.F.,.F.,(4,4),(0.,1.),.UNSPECIFIED.);
#365=B_SPLINE_CURVE_WITH_KNOTS('',3,(#9477,#9478,#9479,#9480),
 .UNSPECIFIED.,.F.,.F.,(4,4),(0.,1.),.UNSPECIFIED.);
#366=B_SPLINE_CURVE_WITH_KNOTS('',3,(#9483,#9484,#9485,#9486),
 .UNSPECIFIED.,.F.,.F.,(4,4),(0.,1.),.UNSPECIFIED.);
#367=B_SPLINE_CURVE_WITH_KNOTS('',3,(#9499,#9500,#9501,#9502),
 .UNSPECIFIED.,.F.,.F.,(4,4),(0.,1.),.UNSPECIFIED.);
#368=B_SPLINE_CURVE_WITH_KNOTS('',3,(#9504,#9505,#9506,#9507),
 .UNSPECIFIED.,.F.,.F.,(4,4),(0.,1.),.UNSPECIFIED.);
#369=B_SPLINE_CURVE_WITH_KNOTS('',3,(#9516,#9517,#9518,#9519),
 .UNSPECIFIED.,.F.,.F.,(4,4),(0.,1.),.UNSPECIFIED.);
#370=B_SPLINE_CURVE_WITH_KNOTS('',3,(#9529,#9530,#9531,#9532),
 .UNSPECIFIED.,.F.,.F.,(4,4),(0.,1.),.UNSPECIFIED.);
#371=B_SPLINE_CURVE_WITH_KNOTS('',3,(#9545,#9546,#9547,#9548),
 .UNSPECIFIED.,.F.,.F.,(4,4),(0.,1.),.UNSPECIFIED.);
#372=B_SPLINE_CURVE_WITH_KNOTS('',3,(#9559,#9560,#9561,#9562),
 .UNSPECIFIED.,.F.,.F.,(4,4),(0.,1.),.UNSPECIFIED.);
#373=B_SPLINE_CURVE_WITH_KNOTS('',3,(#9579,#9580,#9581,#9582),
 .UNSPECIFIED.,.F.,.F.,(4,4),(0.,1.),.UNSPECIFIED.);
#374=B_SPLINE_CURVE_WITH_KNOTS('',3,(#9584,#9585,#9586,#9587),
 .UNSPECIFIED.,.F.,.F.,(4,4),(0.,1.),.UNSPECIFIED.);
#375=B_SPLINE_CURVE_WITH_KNOTS('',3,(#9596,#9597,#9598,#9599),
 .UNSPECIFIED.,.F.,.F.,(4,4),(0.,1.),.UNSPECIFIED.);
#376=B_SPLINE_CURVE_WITH_KNOTS('',3,(#9612,#9613,#9614,#9615),
 .UNSPECIFIED.,.F.,.F.,(4,4),(0.,1.),.UNSPECIFIED.);
#377=B_SPLINE_CURVE_WITH_KNOTS('',3,(#9624,#9625,#9626,#9627),
 .UNSPECIFIED.,.F.,.F.,(4,4),(0.,1.),.UNSPECIFIED.);
#378=B_SPLINE_CURVE_WITH_KNOTS('',3,(#9629,#9630,#9631,#9632),
 .UNSPECIFIED.,.F.,.F.,(4,4),(0.,1.),.UNSPECIFIED.);
#379=B_SPLINE_CURVE_WITH_KNOTS('',3,(#9645,#9646,#9647,#9648),
 .UNSPECIFIED.,.F.,.F.,(4,4),(0.,1.),.UNSPECIFIED.);
#380=B_SPLINE_CURVE_WITH_KNOTS('',3,(#9655,#9656,#9657,#9658),
 .UNSPECIFIED.,.F.,.F.,(4,4),(0.,1.),.UNSPECIFIED.);
#381=B_SPLINE_CURVE_WITH_KNOTS('',3,(#9697,#9698,#9699,#9700),
 .UNSPECIFIED.,.F.,.F.,(4,4),(0.,1.),.UNSPECIFIED.);
#382=B_SPLINE_CURVE_WITH_KNOTS('',3,(#9709,#9710,#9711,#9712),
 .UNSPECIFIED.,.F.,.F.,(4,4),(0.,1.),.UNSPECIFIED.);
#383=B_SPLINE_CURVE_WITH_KNOTS('',3,(#9714,#9715,#9716,#9717),
 .UNSPECIFIED.,.F.,.F.,(4,4),(0.,1.),.UNSPECIFIED.);
#384=B_SPLINE_CURVE_WITH_KNOTS('',3,(#9726,#9727,#9728,#9729),
 .UNSPECIFIED.,.F.,.F.,(4,4),(0.,1.),.UNSPECIFIED.);
#385=B_SPLINE_CURVE_WITH_KNOTS('',3,(#9742,#9743,#9744,#9745),
 .UNSPECIFIED.,.F.,.F.,(4,4),(0.,1.),.UNSPECIFIED.);
#386=B_SPLINE_CURVE_WITH_KNOTS('',3,(#9754,#9755,#9756,#9757),
 .UNSPECIFIED.,.F.,.F.,(4,4),(0.,1.),.UNSPECIFIED.);
#387=CIRCLE('',#4167,0.00225);
#388=CIRCLE('',#4169,0.0020640451725332);
#389=CIRCLE('',#4170,0.00206404517216134);
#390=CIRCLE('',#4171,0.00797045163271236);
#391=CIRCLE('',#4172,0.000689);
#392=CIRCLE('',#4173,0.000689);
#393=CIRCLE('',#4174,0.00068900000000003);
#394=CIRCLE('',#4175,0.000689);
#395=CIRCLE('',#4177,0.00225);
#396=CIRCLE('',#4178,0.00225);
#397=CIRCLE('',#4179,0.00225);
#398=CIRCLE('',#4180,0.00225);
#399=CIRCLE('',#4181,0.00225);
#400=CIRCLE('',#4182,0.00225);
#401=CIRCLE('',#4183,0.00225);
#402=CIRCLE('',#4184,0.00225);
#403=CIRCLE('',#4185,0.0399999999986772);
#404=CIRCLE('',#4186,0.0400000000010403);
#405=CIRCLE('',#4187,0.0400000000010403);
#406=CIRCLE('',#4188,0.0399999999986772);
#407=CIRCLE('',#4189,0.0399999999986772);
#408=CIRCLE('',#4190,0.0399999999986772);
#409=CIRCLE('',#4191,0.0399999999964245);
#410=CIRCLE('',#4192,0.0399999999964245);
#411=CIRCLE('',#4193,0.000689);
#412=CIRCLE('',#4194,0.00068900000000003);
#413=CIRCLE('',#4195,0.000689);
#414=CIRCLE('',#4196,0.000689);
#415=CIRCLE('',#4205,0.005);
#416=CIRCLE('',#4206,0.0035);
#417=CIRCLE('',#4207,0.005);
#418=CIRCLE('',#4209,0.005);
#419=CIRCLE('',#4210,0.0035);
#420=CIRCLE('',#4211,0.005);
#421=CIRCLE('',#4213,0.005);
#422=CIRCLE('',#4214,0.001625);
#423=CIRCLE('',#4215,0.001625);
#424=CIRCLE('',#4221,0.005);
#425=CIRCLE('',#4222,0.008);
#426=CIRCLE('',#4223,0.001625);
#427=CIRCLE('',#4224,0.001625);
#428=CIRCLE('',#4228,0.00225);
#429=CIRCLE('',#4231,0.00225);
#430=CIRCLE('',#4232,0.00225);
#431=CIRCLE('',#4233,0.00225);
#432=CIRCLE('',#4234,0.002);
#433=CIRCLE('',#4235,0.002);
#434=CIRCLE('',#4238,0.00225);
#435=CIRCLE('',#4239,0.00225);
#436=CIRCLE('',#4242,0.00225);
#437=CIRCLE('',#4243,0.00225);
#438=CIRCLE('',#4244,0.00225);
#439=CIRCLE('',#4253,0.00175);
#440=CIRCLE('',#4254,0.00175);
#441=CIRCLE('',#4257,0.00175);
#442=CIRCLE('',#4258,0.00175);
#443=CIRCLE('',#4261,0.00175);
#444=CIRCLE('',#4262,0.00175);
#445=CIRCLE('',#4265,0.00175);
#446=CIRCLE('',#4266,0.00175);
#447=CIRCLE('',#4269,0.00175);
#448=CIRCLE('',#4270,0.00175);
#449=CIRCLE('',#4273,0.00175);
#450=CIRCLE('',#4274,0.00175);
#451=CIRCLE('',#4277,0.00175);
#452=CIRCLE('',#4278,0.00175);
#453=CIRCLE('',#4281,0.00175);
#454=CIRCLE('',#4282,0.00175);
#455=CIRCLE('',#4290,0.001625);
#456=CIRCLE('',#4293,0.001625);
#457=CIRCLE('',#4327,0.003);
#458=CIRCLE('',#4329,0.003);
#459=CIRCLE('',#4332,0.003);
#460=CIRCLE('',#4336,0.00590640646055101);
#461=CIRCLE('',#4338,0.00890640646055101);
#462=CIRCLE('',#4339,0.00890640646055101);
#463=CIRCLE('',#4343,0.003);
#464=CIRCLE('',#4345,0.003);
#465=CIRCLE('',#4356,0.003);
#466=CIRCLE('',#4359,0.003);
#467=CIRCLE('',#4367,0.003);
#468=CIRCLE('',#4368,0.003);
#469=CIRCLE('',#4370,0.003);
#470=CIRCLE('',#4382,0.003);
#471=CIRCLE('',#4384,0.003);
#472=CIRCLE('',#4386,0.003);
#473=CIRCLE('',#4388,0.008);
#474=CIRCLE('',#4389,0.008);
#475=CIRCLE('',#4392,0.008);
#476=CIRCLE('',#4393,0.008);
#477=CIRCLE('',#4396,0.008);
#478=CIRCLE('',#4397,0.008);
#479=CIRCLE('',#4399,0.008);
#480=CIRCLE('',#4400,0.008);
#481=CIRCLE('',#4402,0.008);
#482=CIRCLE('',#4403,0.008);
#483=CIRCLE('',#4405,0.008);
#484=CIRCLE('',#4406,0.002);
#485=CIRCLE('',#4407,0.002);
#486=CIRCLE('',#4408,0.002);
#487=CIRCLE('',#4409,0.002);
#488=CIRCLE('',#4410,0.002);
#489=CIRCLE('',#4412,0.00199317679988826);
#490=CIRCLE('',#4413,0.002);
#491=CIRCLE('',#4414,0.002);
#492=CIRCLE('',#4415,0.002);
#493=CIRCLE('',#4416,0.002);
#494=CIRCLE('',#4434,0.00175);
#495=CIRCLE('',#4435,0.00175);
#496=CIRCLE('',#4438,0.00175);
#497=CIRCLE('',#4439,0.00175);
#498=CIRCLE('',#4442,0.00175);
#499=CIRCLE('',#4443,0.00175);
#500=CIRCLE('',#4446,0.00175);
#501=CIRCLE('',#4447,0.00175);
#502=CIRCLE('',#4450,0.00175);
#503=CIRCLE('',#4451,0.00175);
#504=CIRCLE('',#4454,0.00175);
#505=CIRCLE('',#4455,0.00175);
#506=CIRCLE('',#4458,0.00175);
#507=CIRCLE('',#4459,0.00175);
#508=CIRCLE('',#4462,0.00175);
#509=CIRCLE('',#4463,0.00175);
#510=CIRCLE('',#4466,0.00175);
#511=CIRCLE('',#4467,0.00175);
#512=CIRCLE('',#4470,0.00175);
#513=CIRCLE('',#4471,0.00175);
#514=ORIENTED_EDGE('',*,*,#1686,.F.);
#515=ORIENTED_EDGE('',*,*,#1687,.T.);
#516=ORIENTED_EDGE('',*,*,#1688,.F.);
#517=ORIENTED_EDGE('',*,*,#1689,.T.);
#518=ORIENTED_EDGE('',*,*,#1690,.T.);
#519=ORIENTED_EDGE('',*,*,#1691,.T.);
#520=ORIENTED_EDGE('',*,*,#1692,.F.);
#521=ORIENTED_EDGE('',*,*,#1693,.T.);
#522=ORIENTED_EDGE('',*,*,#1694,.T.);
#523=ORIENTED_EDGE('',*,*,#1695,.F.);
#524=ORIENTED_EDGE('',*,*,#1696,.T.);
#525=ORIENTED_EDGE('',*,*,#1697,.F.);
#526=ORIENTED_EDGE('',*,*,#1698,.T.);
#527=ORIENTED_EDGE('',*,*,#1699,.T.);
#528=ORIENTED_EDGE('',*,*,#1700,.T.);
#529=ORIENTED_EDGE('',*,*,#1701,.T.);
#530=ORIENTED_EDGE('',*,*,#1702,.T.);
#531=ORIENTED_EDGE('',*,*,#1703,.T.);
#532=ORIENTED_EDGE('',*,*,#1704,.T.);
#533=ORIENTED_EDGE('',*,*,#1705,.F.);
#534=ORIENTED_EDGE('',*,*,#1706,.T.);
#535=ORIENTED_EDGE('',*,*,#1707,.T.);
#536=ORIENTED_EDGE('',*,*,#1708,.T.);
#537=ORIENTED_EDGE('',*,*,#1709,.T.);
#538=ORIENTED_EDGE('',*,*,#1710,.T.);
#539=ORIENTED_EDGE('',*,*,#1711,.T.);
#540=ORIENTED_EDGE('',*,*,#1712,.T.);
#541=ORIENTED_EDGE('',*,*,#1713,.T.);
#542=ORIENTED_EDGE('',*,*,#1714,.F.);
#543=ORIENTED_EDGE('',*,*,#1715,.T.);
#544=ORIENTED_EDGE('',*,*,#1716,.T.);
#545=ORIENTED_EDGE('',*,*,#1717,.T.);
#546=ORIENTED_EDGE('',*,*,#1718,.T.);
#547=ORIENTED_EDGE('',*,*,#1719,.T.);
#548=ORIENTED_EDGE('',*,*,#1720,.T.);
#549=ORIENTED_EDGE('',*,*,#1721,.T.);
#550=ORIENTED_EDGE('',*,*,#1722,.T.);
#551=ORIENTED_EDGE('',*,*,#1723,.T.);
#552=ORIENTED_EDGE('',*,*,#1724,.T.);
#553=ORIENTED_EDGE('',*,*,#1725,.T.);
#554=ORIENTED_EDGE('',*,*,#1726,.T.);
#555=ORIENTED_EDGE('',*,*,#1727,.F.);
#556=ORIENTED_EDGE('',*,*,#1728,.F.);
#557=ORIENTED_EDGE('',*,*,#1729,.T.);
#558=ORIENTED_EDGE('',*,*,#1730,.T.);
#559=ORIENTED_EDGE('',*,*,#1731,.T.);
#560=ORIENTED_EDGE('',*,*,#1732,.T.);
#561=ORIENTED_EDGE('',*,*,#1733,.T.);
#562=ORIENTED_EDGE('',*,*,#1734,.T.);
#563=ORIENTED_EDGE('',*,*,#1735,.T.);
#564=ORIENTED_EDGE('',*,*,#1736,.T.);
#565=ORIENTED_EDGE('',*,*,#1737,.T.);
#566=ORIENTED_EDGE('',*,*,#1738,.T.);
#567=ORIENTED_EDGE('',*,*,#1739,.T.);
#568=ORIENTED_EDGE('',*,*,#1740,.T.);
#569=ORIENTED_EDGE('',*,*,#1741,.T.);
#570=ORIENTED_EDGE('',*,*,#1742,.T.);
#571=ORIENTED_EDGE('',*,*,#1743,.T.);
#572=ORIENTED_EDGE('',*,*,#1744,.F.);
#573=ORIENTED_EDGE('',*,*,#1745,.F.);
#574=ORIENTED_EDGE('',*,*,#1746,.F.);
#575=ORIENTED_EDGE('',*,*,#1747,.T.);
#576=ORIENTED_EDGE('',*,*,#1748,.T.);
#577=ORIENTED_EDGE('',*,*,#1749,.T.);
#578=ORIENTED_EDGE('',*,*,#1750,.T.);
#579=ORIENTED_EDGE('',*,*,#1751,.T.);
#580=ORIENTED_EDGE('',*,*,#1752,.T.);
#581=ORIENTED_EDGE('',*,*,#1753,.F.);
#582=ORIENTED_EDGE('',*,*,#1754,.T.);
#583=ORIENTED_EDGE('',*,*,#1755,.T.);
#584=ORIENTED_EDGE('',*,*,#1756,.T.);
#585=ORIENTED_EDGE('',*,*,#1757,.F.);
#586=ORIENTED_EDGE('',*,*,#1758,.T.);
#587=ORIENTED_EDGE('',*,*,#1759,.F.);
#588=ORIENTED_EDGE('',*,*,#1760,.F.);
#589=ORIENTED_EDGE('',*,*,#1689,.F.);
#590=ORIENTED_EDGE('',*,*,#1761,.F.);
#591=ORIENTED_EDGE('',*,*,#1762,.F.);
#592=ORIENTED_EDGE('',*,*,#1763,.F.);
#593=ORIENTED_EDGE('',*,*,#1764,.F.);
#594=ORIENTED_EDGE('',*,*,#1765,.F.);
#595=ORIENTED_EDGE('',*,*,#1766,.F.);
#596=ORIENTED_EDGE('',*,*,#1767,.F.);
#597=ORIENTED_EDGE('',*,*,#1768,.T.);
#598=ORIENTED_EDGE('',*,*,#1769,.T.);
#599=ORIENTED_EDGE('',*,*,#1770,.T.);
#600=ORIENTED_EDGE('',*,*,#1771,.T.);
#601=ORIENTED_EDGE('',*,*,#1772,.T.);
#602=ORIENTED_EDGE('',*,*,#1773,.T.);
#603=ORIENTED_EDGE('',*,*,#1774,.T.);
#604=ORIENTED_EDGE('',*,*,#1775,.T.);
#605=ORIENTED_EDGE('',*,*,#1776,.T.);
#606=ORIENTED_EDGE('',*,*,#1777,.T.);
#607=ORIENTED_EDGE('',*,*,#1778,.T.);
#608=ORIENTED_EDGE('',*,*,#1779,.T.);
#609=ORIENTED_EDGE('',*,*,#1780,.T.);
#610=ORIENTED_EDGE('',*,*,#1781,.T.);
#611=ORIENTED_EDGE('',*,*,#1782,.T.);
#612=ORIENTED_EDGE('',*,*,#1783,.T.);
#613=ORIENTED_EDGE('',*,*,#1784,.T.);
#614=ORIENTED_EDGE('',*,*,#1785,.T.);
#615=ORIENTED_EDGE('',*,*,#1786,.T.);
#616=ORIENTED_EDGE('',*,*,#1787,.T.);
#617=ORIENTED_EDGE('',*,*,#1788,.T.);
#618=ORIENTED_EDGE('',*,*,#1789,.T.);
#619=ORIENTED_EDGE('',*,*,#1790,.T.);
#620=ORIENTED_EDGE('',*,*,#1791,.T.);
#621=ORIENTED_EDGE('',*,*,#1792,.F.);
#622=ORIENTED_EDGE('',*,*,#1793,.T.);
#623=ORIENTED_EDGE('',*,*,#1794,.F.);
#624=ORIENTED_EDGE('',*,*,#1795,.T.);
#625=ORIENTED_EDGE('',*,*,#1796,.F.);
#626=ORIENTED_EDGE('',*,*,#1797,.F.);
#627=ORIENTED_EDGE('',*,*,#1798,.T.);
#628=ORIENTED_EDGE('',*,*,#1799,.F.);
#629=ORIENTED_EDGE('',*,*,#1800,.T.);
#630=ORIENTED_EDGE('',*,*,#1801,.F.);
#631=ORIENTED_EDGE('',*,*,#1802,.T.);
#632=ORIENTED_EDGE('',*,*,#1803,.F.);
#633=ORIENTED_EDGE('',*,*,#1804,.T.);
#634=ORIENTED_EDGE('',*,*,#1805,.F.);
#635=ORIENTED_EDGE('',*,*,#1806,.T.);
#636=ORIENTED_EDGE('',*,*,#1692,.T.);
#637=ORIENTED_EDGE('',*,*,#1807,.T.);
#638=ORIENTED_EDGE('',*,*,#1808,.T.);
#639=ORIENTED_EDGE('',*,*,#1809,.T.);
#640=ORIENTED_EDGE('',*,*,#1810,.T.);
#641=ORIENTED_EDGE('',*,*,#1811,.T.);
#642=ORIENTED_EDGE('',*,*,#1812,.T.);
#643=ORIENTED_EDGE('',*,*,#1813,.T.);
#644=ORIENTED_EDGE('',*,*,#1814,.T.);
#645=ORIENTED_EDGE('',*,*,#1815,.T.);
#646=ORIENTED_EDGE('',*,*,#1816,.T.);
#647=ORIENTED_EDGE('',*,*,#1817,.T.);
#648=ORIENTED_EDGE('',*,*,#1818,.T.);
#649=ORIENTED_EDGE('',*,*,#1819,.T.);
#650=ORIENTED_EDGE('',*,*,#1820,.T.);
#651=ORIENTED_EDGE('',*,*,#1821,.T.);
#652=ORIENTED_EDGE('',*,*,#1822,.T.);
#653=ORIENTED_EDGE('',*,*,#1823,.T.);
#654=ORIENTED_EDGE('',*,*,#1784,.F.);
#655=ORIENTED_EDGE('',*,*,#1824,.T.);
#656=ORIENTED_EDGE('',*,*,#1825,.T.);
#657=ORIENTED_EDGE('',*,*,#1826,.T.);
#658=ORIENTED_EDGE('',*,*,#1786,.F.);
#659=ORIENTED_EDGE('',*,*,#1827,.T.);
#660=ORIENTED_EDGE('',*,*,#1828,.T.);
#661=ORIENTED_EDGE('',*,*,#1829,.T.);
#662=ORIENTED_EDGE('',*,*,#1830,.T.);
#663=ORIENTED_EDGE('',*,*,#1831,.T.);
#664=ORIENTED_EDGE('',*,*,#1832,.T.);
#665=ORIENTED_EDGE('',*,*,#1833,.T.);
#666=ORIENTED_EDGE('',*,*,#1834,.T.);
#667=ORIENTED_EDGE('',*,*,#1788,.F.);
#668=ORIENTED_EDGE('',*,*,#1835,.T.);
#669=ORIENTED_EDGE('',*,*,#1836,.T.);
#670=ORIENTED_EDGE('',*,*,#1837,.T.);
#671=ORIENTED_EDGE('',*,*,#1838,.T.);
#672=ORIENTED_EDGE('',*,*,#1839,.T.);
#673=ORIENTED_EDGE('',*,*,#1840,.T.);
#674=ORIENTED_EDGE('',*,*,#1841,.T.);
#675=ORIENTED_EDGE('',*,*,#1842,.T.);
#676=ORIENTED_EDGE('',*,*,#1843,.T.);
#677=ORIENTED_EDGE('',*,*,#1844,.T.);
#678=ORIENTED_EDGE('',*,*,#1845,.T.);
#679=ORIENTED_EDGE('',*,*,#1846,.T.);
#680=ORIENTED_EDGE('',*,*,#1847,.F.);
#681=ORIENTED_EDGE('',*,*,#1848,.T.);
#682=ORIENTED_EDGE('',*,*,#1849,.T.);
#683=ORIENTED_EDGE('',*,*,#1803,.T.);
#684=ORIENTED_EDGE('',*,*,#1850,.T.);
#685=ORIENTED_EDGE('',*,*,#1851,.T.);
#686=ORIENTED_EDGE('',*,*,#1852,.T.);
#687=ORIENTED_EDGE('',*,*,#1782,.F.);
#688=ORIENTED_EDGE('',*,*,#1853,.T.);
#689=ORIENTED_EDGE('',*,*,#1854,.T.);
#690=ORIENTED_EDGE('',*,*,#1855,.F.);
#691=ORIENTED_EDGE('',*,*,#1856,.T.);
#692=ORIENTED_EDGE('',*,*,#1857,.T.);
#693=ORIENTED_EDGE('',*,*,#1858,.T.);
#694=ORIENTED_EDGE('',*,*,#1859,.T.);
#695=ORIENTED_EDGE('',*,*,#1860,.T.);
#696=ORIENTED_EDGE('',*,*,#1861,.T.);
#697=ORIENTED_EDGE('',*,*,#1862,.T.);
#698=ORIENTED_EDGE('',*,*,#1797,.T.);
#699=ORIENTED_EDGE('',*,*,#1863,.F.);
#700=ORIENTED_EDGE('',*,*,#1864,.T.);
#701=ORIENTED_EDGE('',*,*,#1865,.T.);
#702=ORIENTED_EDGE('',*,*,#1866,.F.);
#703=ORIENTED_EDGE('',*,*,#1867,.T.);
#704=ORIENTED_EDGE('',*,*,#1868,.T.);
#705=ORIENTED_EDGE('',*,*,#1869,.T.);
#706=ORIENTED_EDGE('',*,*,#1870,.T.);
#707=ORIENTED_EDGE('',*,*,#1871,.T.);
#708=ORIENTED_EDGE('',*,*,#1872,.T.);
#709=ORIENTED_EDGE('',*,*,#1805,.T.);
#710=ORIENTED_EDGE('',*,*,#1873,.T.);
#711=ORIENTED_EDGE('',*,*,#1874,.T.);
#712=ORIENTED_EDGE('',*,*,#1875,.T.);
#713=ORIENTED_EDGE('',*,*,#1876,.T.);
#714=ORIENTED_EDGE('',*,*,#1877,.F.);
#715=ORIENTED_EDGE('',*,*,#1878,.T.);
#716=ORIENTED_EDGE('',*,*,#1879,.T.);
#717=ORIENTED_EDGE('',*,*,#1880,.T.);
#718=ORIENTED_EDGE('',*,*,#1881,.F.);
#719=ORIENTED_EDGE('',*,*,#1882,.F.);
#720=ORIENTED_EDGE('',*,*,#1883,.T.);
#721=ORIENTED_EDGE('',*,*,#1884,.T.);
#722=ORIENTED_EDGE('',*,*,#1885,.T.);
#723=ORIENTED_EDGE('',*,*,#1886,.T.);
#724=ORIENTED_EDGE('',*,*,#1887,.T.);
#725=ORIENTED_EDGE('',*,*,#1888,.T.);
#726=ORIENTED_EDGE('',*,*,#1889,.T.);
#727=ORIENTED_EDGE('',*,*,#1890,.F.);
#728=ORIENTED_EDGE('',*,*,#1891,.F.);
#729=ORIENTED_EDGE('',*,*,#1892,.T.);
#730=ORIENTED_EDGE('',*,*,#1893,.T.);
#731=ORIENTED_EDGE('',*,*,#1894,.T.);
#732=ORIENTED_EDGE('',*,*,#1895,.T.);
#733=ORIENTED_EDGE('',*,*,#1896,.T.);
#734=ORIENTED_EDGE('',*,*,#1897,.T.);
#735=ORIENTED_EDGE('',*,*,#1898,.T.);
#736=ORIENTED_EDGE('',*,*,#1899,.T.);
#737=ORIENTED_EDGE('',*,*,#1780,.F.);
#738=ORIENTED_EDGE('',*,*,#1695,.T.);
#739=ORIENTED_EDGE('',*,*,#1900,.T.);
#740=ORIENTED_EDGE('',*,*,#1901,.F.);
#741=ORIENTED_EDGE('',*,*,#1902,.T.);
#742=ORIENTED_EDGE('',*,*,#1903,.F.);
#743=ORIENTED_EDGE('',*,*,#1904,.T.);
#744=ORIENTED_EDGE('',*,*,#1905,.T.);
#745=ORIENTED_EDGE('',*,*,#1906,.T.);
#746=ORIENTED_EDGE('',*,*,#1907,.F.);
#747=ORIENTED_EDGE('',*,*,#1908,.F.);
#748=ORIENTED_EDGE('',*,*,#1909,.F.);
#749=ORIENTED_EDGE('',*,*,#1910,.F.);
#750=ORIENTED_EDGE('',*,*,#1911,.T.);
#751=ORIENTED_EDGE('',*,*,#1912,.T.);
#752=ORIENTED_EDGE('',*,*,#1913,.T.);
#753=ORIENTED_EDGE('',*,*,#1914,.T.);
#754=ORIENTED_EDGE('',*,*,#1915,.T.);
#755=ORIENTED_EDGE('',*,*,#1703,.F.);
#756=ORIENTED_EDGE('',*,*,#1916,.T.);
#757=ORIENTED_EDGE('',*,*,#1917,.F.);
#758=ORIENTED_EDGE('',*,*,#1918,.F.);
#759=ORIENTED_EDGE('',*,*,#1919,.T.);
#760=ORIENTED_EDGE('',*,*,#1920,.T.);
#761=ORIENTED_EDGE('',*,*,#1867,.F.);
#762=ORIENTED_EDGE('',*,*,#1921,.F.);
#763=ORIENTED_EDGE('',*,*,#1922,.T.);
#764=ORIENTED_EDGE('',*,*,#1923,.T.);
#765=ORIENTED_EDGE('',*,*,#1924,.T.);
#766=ORIENTED_EDGE('',*,*,#1917,.T.);
#767=ORIENTED_EDGE('',*,*,#1925,.T.);
#768=ORIENTED_EDGE('',*,*,#1926,.T.);
#769=ORIENTED_EDGE('',*,*,#1927,.T.);
#770=ORIENTED_EDGE('',*,*,#1928,.F.);
#771=ORIENTED_EDGE('',*,*,#1929,.T.);
#772=ORIENTED_EDGE('',*,*,#1930,.F.);
#773=ORIENTED_EDGE('',*,*,#1767,.T.);
#774=ORIENTED_EDGE('',*,*,#1931,.T.);
#775=ORIENTED_EDGE('',*,*,#1811,.F.);
#776=ORIENTED_EDGE('',*,*,#1930,.T.);
#777=ORIENTED_EDGE('',*,*,#1932,.T.);
#778=ORIENTED_EDGE('',*,*,#1928,.T.);
#779=ORIENTED_EDGE('',*,*,#1810,.F.);
#780=ORIENTED_EDGE('',*,*,#1933,.T.);
#781=ORIENTED_EDGE('',*,*,#1934,.F.);
#782=ORIENTED_EDGE('',*,*,#1757,.T.);
#783=ORIENTED_EDGE('',*,*,#1688,.T.);
#784=ORIENTED_EDGE('',*,*,#1935,.T.);
#785=ORIENTED_EDGE('',*,*,#1686,.T.);
#786=ORIENTED_EDGE('',*,*,#1817,.F.);
#787=ORIENTED_EDGE('',*,*,#1936,.F.);
#788=ORIENTED_EDGE('',*,*,#1761,.T.);
#789=ORIENTED_EDGE('',*,*,#1937,.T.);
#790=ORIENTED_EDGE('',*,*,#1938,.T.);
#791=ORIENTED_EDGE('',*,*,#1939,.T.);
#792=ORIENTED_EDGE('',*,*,#1940,.F.);
#793=ORIENTED_EDGE('',*,*,#1941,.F.);
#794=ORIENTED_EDGE('',*,*,#1936,.T.);
#795=ORIENTED_EDGE('',*,*,#1816,.F.);
#796=ORIENTED_EDGE('',*,*,#1942,.F.);
#797=ORIENTED_EDGE('',*,*,#1762,.T.);
#798=ORIENTED_EDGE('',*,*,#1943,.F.);
#799=ORIENTED_EDGE('',*,*,#1944,.T.);
#800=ORIENTED_EDGE('',*,*,#1945,.F.);
#801=ORIENTED_EDGE('',*,*,#1763,.T.);
#802=ORIENTED_EDGE('',*,*,#1942,.T.);
#803=ORIENTED_EDGE('',*,*,#1815,.F.);
#804=ORIENTED_EDGE('',*,*,#1946,.F.);
#805=ORIENTED_EDGE('',*,*,#1947,.T.);
#806=ORIENTED_EDGE('',*,*,#1948,.F.);
#807=ORIENTED_EDGE('',*,*,#1764,.T.);
#808=ORIENTED_EDGE('',*,*,#1945,.T.);
#809=ORIENTED_EDGE('',*,*,#1949,.T.);
#810=ORIENTED_EDGE('',*,*,#1943,.T.);
#811=ORIENTED_EDGE('',*,*,#1814,.F.);
#812=ORIENTED_EDGE('',*,*,#1948,.T.);
#813=ORIENTED_EDGE('',*,*,#1950,.T.);
#814=ORIENTED_EDGE('',*,*,#1946,.T.);
#815=ORIENTED_EDGE('',*,*,#1813,.F.);
#816=ORIENTED_EDGE('',*,*,#1951,.F.);
#817=ORIENTED_EDGE('',*,*,#1765,.T.);
#818=ORIENTED_EDGE('',*,*,#1952,.T.);
#819=ORIENTED_EDGE('',*,*,#1953,.T.);
#820=ORIENTED_EDGE('',*,*,#1954,.T.);
#821=ORIENTED_EDGE('',*,*,#1766,.T.);
#822=ORIENTED_EDGE('',*,*,#1951,.T.);
#823=ORIENTED_EDGE('',*,*,#1812,.F.);
#824=ORIENTED_EDGE('',*,*,#1931,.F.);
#825=ORIENTED_EDGE('',*,*,#1955,.F.);
#826=ORIENTED_EDGE('',*,*,#1895,.F.);
#827=ORIENTED_EDGE('',*,*,#1956,.F.);
#828=ORIENTED_EDGE('',*,*,#1877,.T.);
#829=ORIENTED_EDGE('',*,*,#1957,.T.);
#830=ORIENTED_EDGE('',*,*,#1958,.T.);
#831=ORIENTED_EDGE('',*,*,#1799,.T.);
#832=ORIENTED_EDGE('',*,*,#1959,.T.);
#833=ORIENTED_EDGE('',*,*,#1960,.T.);
#834=ORIENTED_EDGE('',*,*,#1961,.T.);
#835=ORIENTED_EDGE('',*,*,#1962,.T.);
#836=ORIENTED_EDGE('',*,*,#1963,.T.);
#837=ORIENTED_EDGE('',*,*,#1964,.T.);
#838=ORIENTED_EDGE('',*,*,#1801,.T.);
#839=ORIENTED_EDGE('',*,*,#1965,.T.);
#840=ORIENTED_EDGE('',*,*,#1966,.T.);
#841=ORIENTED_EDGE('',*,*,#1967,.T.);
#842=ORIENTED_EDGE('',*,*,#1968,.T.);
#843=ORIENTED_EDGE('',*,*,#1969,.T.);
#844=ORIENTED_EDGE('',*,*,#1970,.T.);
#845=ORIENTED_EDGE('',*,*,#1971,.T.);
#846=ORIENTED_EDGE('',*,*,#1792,.T.);
#847=ORIENTED_EDGE('',*,*,#1972,.F.);
#848=ORIENTED_EDGE('',*,*,#1973,.F.);
#849=ORIENTED_EDGE('',*,*,#1974,.T.);
#850=ORIENTED_EDGE('',*,*,#1975,.T.);
#851=ORIENTED_EDGE('',*,*,#1976,.T.);
#852=ORIENTED_EDGE('',*,*,#1794,.T.);
#853=ORIENTED_EDGE('',*,*,#1977,.T.);
#854=ORIENTED_EDGE('',*,*,#1978,.T.);
#855=ORIENTED_EDGE('',*,*,#1979,.T.);
#856=ORIENTED_EDGE('',*,*,#1980,.T.);
#857=ORIENTED_EDGE('',*,*,#1863,.T.);
#858=ORIENTED_EDGE('',*,*,#1796,.T.);
#859=ORIENTED_EDGE('',*,*,#1981,.T.);
#860=ORIENTED_EDGE('',*,*,#1982,.T.);
#861=ORIENTED_EDGE('',*,*,#1983,.T.);
#862=ORIENTED_EDGE('',*,*,#1790,.F.);
#863=ORIENTED_EDGE('',*,*,#1984,.T.);
#864=ORIENTED_EDGE('',*,*,#1985,.T.);
#865=ORIENTED_EDGE('',*,*,#1986,.T.);
#866=ORIENTED_EDGE('',*,*,#1778,.F.);
#867=ORIENTED_EDGE('',*,*,#1987,.T.);
#868=ORIENTED_EDGE('',*,*,#1988,.T.);
#869=ORIENTED_EDGE('',*,*,#1989,.T.);
#870=ORIENTED_EDGE('',*,*,#1776,.F.);
#871=ORIENTED_EDGE('',*,*,#1990,.T.);
#872=ORIENTED_EDGE('',*,*,#1991,.T.);
#873=ORIENTED_EDGE('',*,*,#1991,.F.);
#874=ORIENTED_EDGE('',*,*,#1992,.T.);
#875=ORIENTED_EDGE('',*,*,#1993,.T.);
#876=ORIENTED_EDGE('',*,*,#1993,.F.);
#877=ORIENTED_EDGE('',*,*,#1994,.T.);
#878=ORIENTED_EDGE('',*,*,#1995,.T.);
#879=ORIENTED_EDGE('',*,*,#1995,.F.);
#880=ORIENTED_EDGE('',*,*,#1996,.T.);
#881=ORIENTED_EDGE('',*,*,#1997,.T.);
#882=ORIENTED_EDGE('',*,*,#1997,.F.);
#883=ORIENTED_EDGE('',*,*,#1998,.T.);
#884=ORIENTED_EDGE('',*,*,#1999,.T.);
#885=ORIENTED_EDGE('',*,*,#1999,.F.);
#886=ORIENTED_EDGE('',*,*,#2000,.T.);
#887=ORIENTED_EDGE('',*,*,#2001,.T.);
#888=ORIENTED_EDGE('',*,*,#2001,.F.);
#889=ORIENTED_EDGE('',*,*,#2002,.T.);
#890=ORIENTED_EDGE('',*,*,#2003,.T.);
#891=ORIENTED_EDGE('',*,*,#2003,.F.);
#892=ORIENTED_EDGE('',*,*,#2004,.T.);
#893=ORIENTED_EDGE('',*,*,#2005,.T.);
#894=ORIENTED_EDGE('',*,*,#2005,.F.);
#895=ORIENTED_EDGE('',*,*,#1901,.T.);
#896=ORIENTED_EDGE('',*,*,#2006,.T.);
#897=ORIENTED_EDGE('',*,*,#2007,.T.);
#898=ORIENTED_EDGE('',*,*,#2008,.T.);
#899=ORIENTED_EDGE('',*,*,#2009,.F.);
#900=ORIENTED_EDGE('',*,*,#2010,.T.);
#901=ORIENTED_EDGE('',*,*,#1903,.T.);
#902=ORIENTED_EDGE('',*,*,#2011,.T.);
#903=ORIENTED_EDGE('',*,*,#2012,.T.);
#904=ORIENTED_EDGE('',*,*,#1919,.F.);
#905=ORIENTED_EDGE('',*,*,#2013,.F.);
#906=ORIENTED_EDGE('',*,*,#1924,.F.);
#907=ORIENTED_EDGE('',*,*,#1910,.T.);
#908=ORIENTED_EDGE('',*,*,#1923,.F.);
#909=ORIENTED_EDGE('',*,*,#1909,.T.);
#910=ORIENTED_EDGE('',*,*,#2014,.T.);
#911=ORIENTED_EDGE('',*,*,#1908,.T.);
#912=ORIENTED_EDGE('',*,*,#2014,.F.);
#913=ORIENTED_EDGE('',*,*,#2015,.T.);
#914=ORIENTED_EDGE('',*,*,#1907,.T.);
#915=ORIENTED_EDGE('',*,*,#2015,.F.);
#916=ORIENTED_EDGE('',*,*,#1927,.F.);
#917=ORIENTED_EDGE('',*,*,#2016,.T.);
#918=ORIENTED_EDGE('',*,*,#2013,.T.);
#919=ORIENTED_EDGE('',*,*,#1918,.T.);
#920=ORIENTED_EDGE('',*,*,#2008,.F.);
#921=ORIENTED_EDGE('',*,*,#2017,.T.);
#922=ORIENTED_EDGE('',*,*,#2018,.T.);
#923=ORIENTED_EDGE('',*,*,#2009,.T.);
#924=ORIENTED_EDGE('',*,*,#1902,.F.);
#925=ORIENTED_EDGE('',*,*,#1941,.T.);
#926=ORIENTED_EDGE('',*,*,#1973,.T.);
#927=ORIENTED_EDGE('',*,*,#1940,.T.);
#928=ORIENTED_EDGE('',*,*,#1972,.T.);
#929=ORIENTED_EDGE('',*,*,#1843,.F.);
#930=ORIENTED_EDGE('',*,*,#2019,.T.);
#931=ORIENTED_EDGE('',*,*,#1753,.T.);
#932=ORIENTED_EDGE('',*,*,#2020,.T.);
#933=ORIENTED_EDGE('',*,*,#1850,.F.);
#934=ORIENTED_EDGE('',*,*,#2021,.T.);
#935=ORIENTED_EDGE('',*,*,#1894,.F.);
#936=ORIENTED_EDGE('',*,*,#2022,.T.);
#937=ORIENTED_EDGE('',*,*,#1878,.F.);
#938=ORIENTED_EDGE('',*,*,#1956,.T.);
#939=ORIENTED_EDGE('',*,*,#1881,.T.);
#940=ORIENTED_EDGE('',*,*,#2023,.T.);
#941=ORIENTED_EDGE('',*,*,#1891,.T.);
#942=ORIENTED_EDGE('',*,*,#2024,.F.);
#943=ORIENTED_EDGE('',*,*,#1882,.T.);
#944=ORIENTED_EDGE('',*,*,#2024,.T.);
#945=ORIENTED_EDGE('',*,*,#1890,.T.);
#946=ORIENTED_EDGE('',*,*,#2025,.F.);
#947=ORIENTED_EDGE('',*,*,#1846,.F.);
#948=ORIENTED_EDGE('',*,*,#2026,.T.);
#949=ORIENTED_EDGE('',*,*,#1856,.F.);
#950=ORIENTED_EDGE('',*,*,#2027,.T.);
#951=ORIENTED_EDGE('',*,*,#1847,.T.);
#952=ORIENTED_EDGE('',*,*,#2027,.F.);
#953=ORIENTED_EDGE('',*,*,#1855,.T.);
#954=ORIENTED_EDGE('',*,*,#2028,.F.);
#955=ORIENTED_EDGE('',*,*,#1905,.F.);
#956=ORIENTED_EDGE('',*,*,#2029,.T.);
#957=ORIENTED_EDGE('',*,*,#1961,.F.);
#958=ORIENTED_EDGE('',*,*,#2030,.F.);
#959=ORIENTED_EDGE('',*,*,#2031,.T.);
#960=ORIENTED_EDGE('',*,*,#1861,.F.);
#961=ORIENTED_EDGE('',*,*,#2032,.T.);
#962=ORIENTED_EDGE('',*,*,#1697,.T.);
#963=ORIENTED_EDGE('',*,*,#2033,.F.);
#964=ORIENTED_EDGE('',*,*,#2030,.T.);
#965=ORIENTED_EDGE('',*,*,#1960,.F.);
#966=ORIENTED_EDGE('',*,*,#2034,.T.);
#967=ORIENTED_EDGE('',*,*,#2033,.T.);
#968=ORIENTED_EDGE('',*,*,#1696,.F.);
#969=ORIENTED_EDGE('',*,*,#1906,.F.);
#970=ORIENTED_EDGE('',*,*,#2031,.F.);
#971=ORIENTED_EDGE('',*,*,#1866,.T.);
#972=ORIENTED_EDGE('',*,*,#2035,.F.);
#973=ORIENTED_EDGE('',*,*,#2036,.T.);
#974=ORIENTED_EDGE('',*,*,#1921,.T.);
#975=ORIENTED_EDGE('',*,*,#1865,.F.);
#976=ORIENTED_EDGE('',*,*,#2037,.T.);
#977=ORIENTED_EDGE('',*,*,#1705,.T.);
#978=ORIENTED_EDGE('',*,*,#2038,.F.);
#979=ORIENTED_EDGE('',*,*,#2035,.T.);
#980=ORIENTED_EDGE('',*,*,#2038,.T.);
#981=ORIENTED_EDGE('',*,*,#1704,.F.);
#982=ORIENTED_EDGE('',*,*,#1922,.F.);
#983=ORIENTED_EDGE('',*,*,#2036,.F.);
#984=ORIENTED_EDGE('',*,*,#1876,.F.);
#985=ORIENTED_EDGE('',*,*,#2039,.T.);
#986=ORIENTED_EDGE('',*,*,#1896,.F.);
#987=ORIENTED_EDGE('',*,*,#1955,.T.);
#988=ORIENTED_EDGE('',*,*,#1898,.F.);
#989=ORIENTED_EDGE('',*,*,#2040,.T.);
#990=ORIENTED_EDGE('',*,*,#1874,.F.);
#991=ORIENTED_EDGE('',*,*,#2041,.T.);
#992=ORIENTED_EDGE('',*,*,#1848,.F.);
#993=ORIENTED_EDGE('',*,*,#2028,.T.);
#994=ORIENTED_EDGE('',*,*,#1854,.F.);
#995=ORIENTED_EDGE('',*,*,#2042,.T.);
#996=ORIENTED_EDGE('',*,*,#1889,.F.);
#997=ORIENTED_EDGE('',*,*,#2043,.T.);
#998=ORIENTED_EDGE('',*,*,#1883,.F.);
#999=ORIENTED_EDGE('',*,*,#2025,.T.);
#1000=ORIENTED_EDGE('',*,*,#1887,.F.);
#1001=ORIENTED_EDGE('',*,*,#2044,.T.);
#1002=ORIENTED_EDGE('',*,*,#1714,.T.);
#1003=ORIENTED_EDGE('',*,*,#2045,.T.);
#1004=ORIENTED_EDGE('',*,*,#1870,.F.);
#1005=ORIENTED_EDGE('',*,*,#2046,.T.);
#1006=ORIENTED_EDGE('',*,*,#1845,.F.);
#1007=ORIENTED_EDGE('',*,*,#2047,.T.);
#1008=ORIENTED_EDGE('',*,*,#1857,.F.);
#1009=ORIENTED_EDGE('',*,*,#2026,.F.);
#1010=ORIENTED_EDGE('',*,*,#1880,.F.);
#1011=ORIENTED_EDGE('',*,*,#2048,.T.);
#1012=ORIENTED_EDGE('',*,*,#1892,.F.);
#1013=ORIENTED_EDGE('',*,*,#2023,.F.);
#1014=ORIENTED_EDGE('',*,*,#1893,.F.);
#1015=ORIENTED_EDGE('',*,*,#2048,.F.);
#1016=ORIENTED_EDGE('',*,*,#1879,.F.);
#1017=ORIENTED_EDGE('',*,*,#2022,.F.);
#1018=ORIENTED_EDGE('',*,*,#1858,.F.);
#1019=ORIENTED_EDGE('',*,*,#2047,.F.);
#1020=ORIENTED_EDGE('',*,*,#1844,.F.);
#1021=ORIENTED_EDGE('',*,*,#2021,.F.);
#1022=ORIENTED_EDGE('',*,*,#1897,.F.);
#1023=ORIENTED_EDGE('',*,*,#2039,.F.);
#1024=ORIENTED_EDGE('',*,*,#1875,.F.);
#1025=ORIENTED_EDGE('',*,*,#2040,.F.);
#1026=ORIENTED_EDGE('',*,*,#1888,.F.);
#1027=ORIENTED_EDGE('',*,*,#2046,.F.);
#1028=ORIENTED_EDGE('',*,*,#1884,.F.);
#1029=ORIENTED_EDGE('',*,*,#2043,.F.);
#1030=ORIENTED_EDGE('',*,*,#2018,.F.);
#1031=ORIENTED_EDGE('',*,*,#2049,.T.);
#1032=ORIENTED_EDGE('',*,*,#2050,.F.);
#1033=ORIENTED_EDGE('',*,*,#2050,.T.);
#1034=ORIENTED_EDGE('',*,*,#2051,.T.);
#1035=ORIENTED_EDGE('',*,*,#1957,.F.);
#1036=ORIENTED_EDGE('',*,*,#2029,.F.);
#1037=ORIENTED_EDGE('',*,*,#1904,.F.);
#1038=ORIENTED_EDGE('',*,*,#2010,.F.);
#1039=ORIENTED_EDGE('',*,*,#2052,.T.);
#1040=ORIENTED_EDGE('',*,*,#2053,.T.);
#1041=ORIENTED_EDGE('',*,*,#2054,.T.);
#1042=ORIENTED_EDGE('',*,*,#2055,.T.);
#1043=ORIENTED_EDGE('',*,*,#2056,.T.);
#1044=ORIENTED_EDGE('',*,*,#2057,.T.);
#1045=ORIENTED_EDGE('',*,*,#2058,.T.);
#1046=ORIENTED_EDGE('',*,*,#2059,.T.);
#1047=ORIENTED_EDGE('',*,*,#2060,.T.);
#1048=ORIENTED_EDGE('',*,*,#2061,.T.);
#1049=ORIENTED_EDGE('',*,*,#2062,.T.);
#1050=ORIENTED_EDGE('',*,*,#2063,.T.);
#1051=ORIENTED_EDGE('',*,*,#2064,.T.);
#1052=ORIENTED_EDGE('',*,*,#2065,.T.);
#1053=ORIENTED_EDGE('',*,*,#2066,.F.);
#1054=ORIENTED_EDGE('',*,*,#2067,.F.);
#1055=ORIENTED_EDGE('',*,*,#2068,.F.);
#1056=ORIENTED_EDGE('',*,*,#2069,.T.);
#1057=ORIENTED_EDGE('',*,*,#2070,.T.);
#1058=ORIENTED_EDGE('',*,*,#1728,.T.);
#1059=ORIENTED_EDGE('',*,*,#2070,.F.);
#1060=ORIENTED_EDGE('',*,*,#2071,.T.);
#1061=ORIENTED_EDGE('',*,*,#2067,.T.);
#1062=ORIENTED_EDGE('',*,*,#2072,.T.);
#1063=ORIENTED_EDGE('',*,*,#1729,.F.);
#1064=ORIENTED_EDGE('',*,*,#2073,.T.);
#1065=ORIENTED_EDGE('',*,*,#2074,.T.);
#1066=ORIENTED_EDGE('',*,*,#1730,.F.);
#1067=ORIENTED_EDGE('',*,*,#2072,.F.);
#1068=ORIENTED_EDGE('',*,*,#2066,.T.);
#1069=ORIENTED_EDGE('',*,*,#2075,.T.);
#1070=ORIENTED_EDGE('',*,*,#2076,.T.);
#1071=ORIENTED_EDGE('',*,*,#2077,.T.);
#1072=ORIENTED_EDGE('',*,*,#2073,.F.);
#1073=ORIENTED_EDGE('',*,*,#2078,.T.);
#1074=ORIENTED_EDGE('',*,*,#2079,.T.);
#1075=ORIENTED_EDGE('',*,*,#2080,.T.);
#1076=ORIENTED_EDGE('',*,*,#2068,.T.);
#1077=ORIENTED_EDGE('',*,*,#1727,.T.);
#1078=ORIENTED_EDGE('',*,*,#2081,.T.);
#1079=ORIENTED_EDGE('',*,*,#2082,.T.);
#1080=ORIENTED_EDGE('',*,*,#2083,.F.);
#1081=ORIENTED_EDGE('',*,*,#2084,.T.);
#1082=ORIENTED_EDGE('',*,*,#2085,.T.);
#1083=ORIENTED_EDGE('',*,*,#2086,.T.);
#1084=ORIENTED_EDGE('',*,*,#2087,.T.);
#1085=ORIENTED_EDGE('',*,*,#2088,.T.);
#1086=ORIENTED_EDGE('',*,*,#2089,.T.);
#1087=ORIENTED_EDGE('',*,*,#2090,.T.);
#1088=ORIENTED_EDGE('',*,*,#2091,.T.);
#1089=ORIENTED_EDGE('',*,*,#2092,.T.);
#1090=ORIENTED_EDGE('',*,*,#2093,.F.);
#1091=ORIENTED_EDGE('',*,*,#2094,.T.);
#1092=ORIENTED_EDGE('',*,*,#2095,.T.);
#1093=ORIENTED_EDGE('',*,*,#2096,.T.);
#1094=ORIENTED_EDGE('',*,*,#2086,.F.);
#1095=ORIENTED_EDGE('',*,*,#2097,.T.);
#1096=ORIENTED_EDGE('',*,*,#2098,.T.);
#1097=ORIENTED_EDGE('',*,*,#2099,.T.);
#1098=ORIENTED_EDGE('',*,*,#2100,.T.);
#1099=ORIENTED_EDGE('',*,*,#2095,.F.);
#1100=ORIENTED_EDGE('',*,*,#2101,.T.);
#1101=ORIENTED_EDGE('',*,*,#2102,.T.);
#1102=ORIENTED_EDGE('',*,*,#2103,.T.);
#1103=ORIENTED_EDGE('',*,*,#2104,.T.);
#1104=ORIENTED_EDGE('',*,*,#1744,.T.);
#1105=ORIENTED_EDGE('',*,*,#2104,.F.);
#1106=ORIENTED_EDGE('',*,*,#2105,.T.);
#1107=ORIENTED_EDGE('',*,*,#2106,.T.);
#1108=ORIENTED_EDGE('',*,*,#2107,.T.);
#1109=ORIENTED_EDGE('',*,*,#1745,.T.);
#1110=ORIENTED_EDGE('',*,*,#2107,.F.);
#1111=ORIENTED_EDGE('',*,*,#2108,.T.);
#1112=ORIENTED_EDGE('',*,*,#2094,.F.);
#1113=ORIENTED_EDGE('',*,*,#2109,.T.);
#1114=ORIENTED_EDGE('',*,*,#1746,.T.);
#1115=ORIENTED_EDGE('',*,*,#2083,.T.);
#1116=ORIENTED_EDGE('',*,*,#2110,.T.);
#1117=ORIENTED_EDGE('',*,*,#1747,.F.);
#1118=ORIENTED_EDGE('',*,*,#2109,.F.);
#1119=ORIENTED_EDGE('',*,*,#2093,.T.);
#1120=ORIENTED_EDGE('',*,*,#2111,.T.);
#1121=ORIENTED_EDGE('',*,*,#1726,.F.);
#1122=ORIENTED_EDGE('',*,*,#2112,.T.);
#1123=ORIENTED_EDGE('',*,*,#2057,.F.);
#1124=ORIENTED_EDGE('',*,*,#2113,.T.);
#1125=ORIENTED_EDGE('',*,*,#2079,.F.);
#1126=ORIENTED_EDGE('',*,*,#1743,.F.);
#1127=ORIENTED_EDGE('',*,*,#2114,.T.);
#1128=ORIENTED_EDGE('',*,*,#2099,.F.);
#1129=ORIENTED_EDGE('',*,*,#2115,.T.);
#1130=ORIENTED_EDGE('',*,*,#2116,.T.);
#1131=ORIENTED_EDGE('',*,*,#2102,.F.);
#1132=ORIENTED_EDGE('',*,*,#2117,.T.);
#1133=ORIENTED_EDGE('',*,*,#2118,.T.);
#1134=ORIENTED_EDGE('',*,*,#2119,.T.);
#1135=ORIENTED_EDGE('',*,*,#2120,.T.);
#1136=ORIENTED_EDGE('',*,*,#2121,.T.);
#1137=ORIENTED_EDGE('',*,*,#2122,.T.);
#1138=ORIENTED_EDGE('',*,*,#2123,.T.);
#1139=ORIENTED_EDGE('',*,*,#2124,.T.);
#1140=ORIENTED_EDGE('',*,*,#2125,.T.);
#1141=ORIENTED_EDGE('',*,*,#2126,.T.);
#1142=ORIENTED_EDGE('',*,*,#2127,.T.);
#1143=ORIENTED_EDGE('',*,*,#2128,.T.);
#1144=ORIENTED_EDGE('',*,*,#2065,.F.);
#1145=ORIENTED_EDGE('',*,*,#2129,.T.);
#1146=ORIENTED_EDGE('',*,*,#2078,.F.);
#1147=ORIENTED_EDGE('',*,*,#2075,.F.);
#1148=ORIENTED_EDGE('',*,*,#2121,.F.);
#1149=ORIENTED_EDGE('',*,*,#2130,.T.);
#1150=ORIENTED_EDGE('',*,*,#2131,.T.);
#1151=ORIENTED_EDGE('',*,*,#2089,.F.);
#1152=ORIENTED_EDGE('',*,*,#2132,.T.);
#1153=ORIENTED_EDGE('',*,*,#2133,.T.);
#1154=ORIENTED_EDGE('',*,*,#2134,.T.);
#1155=ORIENTED_EDGE('',*,*,#2090,.F.);
#1156=ORIENTED_EDGE('',*,*,#2108,.F.);
#1157=ORIENTED_EDGE('',*,*,#2135,.F.);
#1158=ORIENTED_EDGE('',*,*,#2098,.F.);
#1159=ORIENTED_EDGE('',*,*,#2135,.T.);
#1160=ORIENTED_EDGE('',*,*,#2106,.F.);
#1161=ORIENTED_EDGE('',*,*,#2136,.F.);
#1162=ORIENTED_EDGE('',*,*,#2115,.F.);
#1163=ORIENTED_EDGE('',*,*,#2101,.F.);
#1164=ORIENTED_EDGE('',*,*,#2105,.F.);
#1165=ORIENTED_EDGE('',*,*,#2103,.F.);
#1166=ORIENTED_EDGE('',*,*,#2116,.F.);
#1167=ORIENTED_EDGE('',*,*,#2136,.T.);
#1168=ORIENTED_EDGE('',*,*,#2137,.T.);
#1169=ORIENTED_EDGE('',*,*,#2138,.T.);
#1170=ORIENTED_EDGE('',*,*,#2117,.F.);
#1171=ORIENTED_EDGE('',*,*,#1914,.F.);
#1172=ORIENTED_EDGE('',*,*,#2139,.T.);
#1173=ORIENTED_EDGE('',*,*,#2011,.F.);
#1174=ORIENTED_EDGE('',*,*,#2140,.F.);
#1175=ORIENTED_EDGE('',*,*,#2140,.T.);
#1176=ORIENTED_EDGE('',*,*,#2016,.F.);
#1177=ORIENTED_EDGE('',*,*,#2141,.F.);
#1178=ORIENTED_EDGE('',*,*,#1915,.F.);
#1179=ORIENTED_EDGE('',*,*,#1926,.F.);
#1180=ORIENTED_EDGE('',*,*,#2142,.T.);
#1181=ORIENTED_EDGE('',*,*,#1911,.F.);
#1182=ORIENTED_EDGE('',*,*,#2141,.T.);
#1183=ORIENTED_EDGE('',*,*,#2060,.F.);
#1184=ORIENTED_EDGE('',*,*,#2143,.T.);
#1185=ORIENTED_EDGE('',*,*,#2124,.F.);
#1186=ORIENTED_EDGE('',*,*,#2144,.T.);
#1187=ORIENTED_EDGE('',*,*,#2061,.F.);
#1188=ORIENTED_EDGE('',*,*,#2145,.T.);
#1189=ORIENTED_EDGE('',*,*,#2062,.F.);
#1190=ORIENTED_EDGE('',*,*,#2071,.F.);
#1191=ORIENTED_EDGE('',*,*,#2069,.F.);
#1192=ORIENTED_EDGE('',*,*,#2080,.F.);
#1193=ORIENTED_EDGE('',*,*,#2113,.F.);
#1194=ORIENTED_EDGE('',*,*,#2126,.F.);
#1195=ORIENTED_EDGE('',*,*,#2146,.T.);
#1196=ORIENTED_EDGE('',*,*,#2056,.F.);
#1197=ORIENTED_EDGE('',*,*,#2147,.T.);
#1198=ORIENTED_EDGE('',*,*,#2148,.T.);
#1199=ORIENTED_EDGE('',*,*,#2149,.T.);
#1200=ORIENTED_EDGE('',*,*,#2055,.F.);
#1201=ORIENTED_EDGE('',*,*,#2150,.F.);
#1202=ORIENTED_EDGE('',*,*,#2064,.F.);
#1203=ORIENTED_EDGE('',*,*,#2129,.F.);
#1204=ORIENTED_EDGE('',*,*,#2150,.T.);
#1205=ORIENTED_EDGE('',*,*,#2151,.F.);
#1206=ORIENTED_EDGE('',*,*,#2054,.F.);
#1207=ORIENTED_EDGE('',*,*,#2152,.T.);
#1208=ORIENTED_EDGE('',*,*,#2076,.F.);
#1209=ORIENTED_EDGE('',*,*,#2151,.T.);
#1210=ORIENTED_EDGE('',*,*,#2123,.F.);
#1211=ORIENTED_EDGE('',*,*,#2153,.T.);
#1212=ORIENTED_EDGE('',*,*,#1822,.F.);
#1213=ORIENTED_EDGE('',*,*,#2154,.F.);
#1214=ORIENTED_EDGE('',*,*,#2155,.T.);
#1215=ORIENTED_EDGE('',*,*,#2156,.T.);
#1216=ORIENTED_EDGE('',*,*,#2137,.F.);
#1217=ORIENTED_EDGE('',*,*,#2154,.T.);
#1218=ORIENTED_EDGE('',*,*,#1821,.F.);
#1219=ORIENTED_EDGE('',*,*,#2157,.F.);
#1220=ORIENTED_EDGE('',*,*,#2085,.F.);
#1221=ORIENTED_EDGE('',*,*,#1820,.F.);
#1222=ORIENTED_EDGE('',*,*,#2158,.T.);
#1223=ORIENTED_EDGE('',*,*,#2081,.F.);
#1224=ORIENTED_EDGE('',*,*,#2157,.T.);
#1225=ORIENTED_EDGE('',*,*,#1920,.F.);
#1226=ORIENTED_EDGE('',*,*,#2012,.F.);
#1227=ORIENTED_EDGE('',*,*,#2159,.F.);
#1228=ORIENTED_EDGE('',*,*,#1868,.F.);
#1229=ORIENTED_EDGE('',*,*,#2159,.T.);
#1230=ORIENTED_EDGE('',*,*,#2139,.F.);
#1231=ORIENTED_EDGE('',*,*,#2160,.F.);
#1232=ORIENTED_EDGE('',*,*,#1869,.F.);
#1233=ORIENTED_EDGE('',*,*,#1913,.F.);
#1234=ORIENTED_EDGE('',*,*,#2161,.T.);
#1235=ORIENTED_EDGE('',*,*,#1859,.F.);
#1236=ORIENTED_EDGE('',*,*,#2160,.T.);
#1237=ORIENTED_EDGE('',*,*,#2059,.F.);
#1238=ORIENTED_EDGE('',*,*,#2162,.T.);
#1239=ORIENTED_EDGE('',*,*,#1832,.F.);
#1240=ORIENTED_EDGE('',*,*,#2163,.F.);
#1241=ORIENTED_EDGE('',*,*,#2163,.T.);
#1242=ORIENTED_EDGE('',*,*,#1840,.F.);
#1243=ORIENTED_EDGE('',*,*,#2164,.F.);
#1244=ORIENTED_EDGE('',*,*,#2143,.F.);
#1245=ORIENTED_EDGE('',*,*,#2164,.T.);
#1246=ORIENTED_EDGE('',*,*,#1839,.F.);
#1247=ORIENTED_EDGE('',*,*,#2165,.F.);
#1248=ORIENTED_EDGE('',*,*,#2125,.F.);
#1249=ORIENTED_EDGE('',*,*,#2165,.T.);
#1250=ORIENTED_EDGE('',*,*,#1838,.F.);
#1251=ORIENTED_EDGE('',*,*,#2166,.F.);
#1252=ORIENTED_EDGE('',*,*,#2146,.F.);
#1253=ORIENTED_EDGE('',*,*,#1837,.F.);
#1254=ORIENTED_EDGE('',*,*,#2167,.T.);
#1255=ORIENTED_EDGE('',*,*,#2052,.F.);
#1256=ORIENTED_EDGE('',*,*,#2166,.T.);
#1257=ORIENTED_EDGE('',*,*,#2147,.F.);
#1258=ORIENTED_EDGE('',*,*,#2149,.F.);
#1259=ORIENTED_EDGE('',*,*,#2168,.F.);
#1260=ORIENTED_EDGE('',*,*,#2168,.T.);
#1261=ORIENTED_EDGE('',*,*,#2148,.F.);
#1262=ORIENTED_EDGE('',*,*,#2169,.F.);
#1263=ORIENTED_EDGE('',*,*,#2127,.F.);
#1264=ORIENTED_EDGE('',*,*,#2169,.T.);
#1265=ORIENTED_EDGE('',*,*,#2063,.F.);
#1266=ORIENTED_EDGE('',*,*,#2170,.F.);
#1267=ORIENTED_EDGE('',*,*,#2128,.F.);
#1268=ORIENTED_EDGE('',*,*,#2145,.F.);
#1269=ORIENTED_EDGE('',*,*,#2144,.F.);
#1270=ORIENTED_EDGE('',*,*,#2170,.T.);
#1271=ORIENTED_EDGE('',*,*,#1785,.F.);
#1272=ORIENTED_EDGE('',*,*,#1823,.F.);
#1273=ORIENTED_EDGE('',*,*,#2171,.F.);
#1274=ORIENTED_EDGE('',*,*,#1827,.F.);
#1275=ORIENTED_EDGE('',*,*,#2171,.T.);
#1276=ORIENTED_EDGE('',*,*,#2153,.F.);
#1277=ORIENTED_EDGE('',*,*,#2172,.F.);
#1278=ORIENTED_EDGE('',*,*,#1828,.F.);
#1279=ORIENTED_EDGE('',*,*,#2172,.T.);
#1280=ORIENTED_EDGE('',*,*,#2122,.F.);
#1281=ORIENTED_EDGE('',*,*,#2173,.F.);
#1282=ORIENTED_EDGE('',*,*,#1829,.F.);
#1283=ORIENTED_EDGE('',*,*,#2173,.T.);
#1284=ORIENTED_EDGE('',*,*,#2132,.F.);
#1285=ORIENTED_EDGE('',*,*,#2174,.F.);
#1286=ORIENTED_EDGE('',*,*,#1830,.F.);
#1287=ORIENTED_EDGE('',*,*,#2088,.F.);
#1288=ORIENTED_EDGE('',*,*,#2175,.T.);
#1289=ORIENTED_EDGE('',*,*,#2176,.F.);
#1290=ORIENTED_EDGE('',*,*,#1831,.F.);
#1291=ORIENTED_EDGE('',*,*,#2174,.T.);
#1292=ORIENTED_EDGE('',*,*,#2176,.T.);
#1293=ORIENTED_EDGE('',*,*,#2177,.T.);
#1294=ORIENTED_EDGE('',*,*,#2178,.F.);
#1295=ORIENTED_EDGE('',*,*,#2178,.T.);
#1296=ORIENTED_EDGE('',*,*,#2179,.T.);
#1297=ORIENTED_EDGE('',*,*,#1824,.F.);
#1298=ORIENTED_EDGE('',*,*,#1800,.F.);
#1299=ORIENTED_EDGE('',*,*,#1958,.F.);
#1300=ORIENTED_EDGE('',*,*,#2180,.F.);
#1301=ORIENTED_EDGE('',*,*,#1965,.F.);
#1302=ORIENTED_EDGE('',*,*,#2180,.T.);
#1303=ORIENTED_EDGE('',*,*,#2051,.F.);
#1304=ORIENTED_EDGE('',*,*,#2181,.F.);
#1305=ORIENTED_EDGE('',*,*,#1966,.F.);
#1306=ORIENTED_EDGE('',*,*,#2181,.T.);
#1307=ORIENTED_EDGE('',*,*,#2049,.F.);
#1308=ORIENTED_EDGE('',*,*,#2182,.F.);
#1309=ORIENTED_EDGE('',*,*,#1967,.F.);
#1310=ORIENTED_EDGE('',*,*,#2182,.T.);
#1311=ORIENTED_EDGE('',*,*,#2017,.F.);
#1312=ORIENTED_EDGE('',*,*,#2183,.F.);
#1313=ORIENTED_EDGE('',*,*,#1968,.F.);
#1314=ORIENTED_EDGE('',*,*,#2007,.F.);
#1315=ORIENTED_EDGE('',*,*,#2184,.T.);
#1316=ORIENTED_EDGE('',*,*,#1962,.F.);
#1317=ORIENTED_EDGE('',*,*,#2183,.T.);
#1318=ORIENTED_EDGE('',*,*,#2034,.F.);
#1319=ORIENTED_EDGE('',*,*,#1959,.F.);
#1320=ORIENTED_EDGE('',*,*,#1798,.F.);
#1321=ORIENTED_EDGE('',*,*,#1862,.F.);
#1322=ORIENTED_EDGE('',*,*,#1976,.F.);
#1323=ORIENTED_EDGE('',*,*,#2185,.T.);
#1324=ORIENTED_EDGE('',*,*,#1977,.F.);
#1325=ORIENTED_EDGE('',*,*,#1795,.F.);
#1326=ORIENTED_EDGE('',*,*,#1971,.F.);
#1327=ORIENTED_EDGE('',*,*,#2186,.T.);
#1328=ORIENTED_EDGE('',*,*,#1974,.F.);
#1329=ORIENTED_EDGE('',*,*,#1793,.F.);
#1330=ORIENTED_EDGE('',*,*,#1872,.F.);
#1331=ORIENTED_EDGE('',*,*,#2187,.T.);
#1332=ORIENTED_EDGE('',*,*,#1969,.F.);
#1333=ORIENTED_EDGE('',*,*,#1806,.F.);
#1334=ORIENTED_EDGE('',*,*,#2041,.F.);
#1335=ORIENTED_EDGE('',*,*,#1873,.F.);
#1336=ORIENTED_EDGE('',*,*,#1804,.F.);
#1337=ORIENTED_EDGE('',*,*,#1849,.F.);
#1338=ORIENTED_EDGE('',*,*,#1964,.F.);
#1339=ORIENTED_EDGE('',*,*,#2188,.T.);
#1340=ORIENTED_EDGE('',*,*,#1841,.F.);
#1341=ORIENTED_EDGE('',*,*,#1802,.F.);
#1342=ORIENTED_EDGE('',*,*,#1834,.F.);
#1343=ORIENTED_EDGE('',*,*,#2189,.T.);
#1344=ORIENTED_EDGE('',*,*,#1981,.F.);
#1345=ORIENTED_EDGE('',*,*,#1789,.F.);
#1346=ORIENTED_EDGE('',*,*,#1983,.F.);
#1347=ORIENTED_EDGE('',*,*,#2190,.T.);
#1348=ORIENTED_EDGE('',*,*,#1987,.F.);
#1349=ORIENTED_EDGE('',*,*,#1791,.F.);
#1350=ORIENTED_EDGE('',*,*,#1989,.F.);
#1351=ORIENTED_EDGE('',*,*,#2191,.T.);
#1352=ORIENTED_EDGE('',*,*,#1984,.F.);
#1353=ORIENTED_EDGE('',*,*,#1777,.F.);
#1354=ORIENTED_EDGE('',*,*,#1986,.F.);
#1355=ORIENTED_EDGE('',*,*,#2192,.T.);
#1356=ORIENTED_EDGE('',*,*,#1885,.F.);
#1357=ORIENTED_EDGE('',*,*,#1779,.F.);
#1358=ORIENTED_EDGE('',*,*,#1781,.F.);
#1359=ORIENTED_EDGE('',*,*,#1899,.F.);
#1360=ORIENTED_EDGE('',*,*,#2042,.F.);
#1361=ORIENTED_EDGE('',*,*,#1853,.F.);
#1362=ORIENTED_EDGE('',*,*,#1852,.F.);
#1363=ORIENTED_EDGE('',*,*,#2193,.T.);
#1364=ORIENTED_EDGE('',*,*,#1818,.F.);
#1365=ORIENTED_EDGE('',*,*,#1783,.F.);
#1366=ORIENTED_EDGE('',*,*,#1826,.F.);
#1367=ORIENTED_EDGE('',*,*,#2194,.T.);
#1368=ORIENTED_EDGE('',*,*,#1835,.F.);
#1369=ORIENTED_EDGE('',*,*,#1787,.F.);
#1370=ORIENTED_EDGE('',*,*,#2195,.T.);
#1371=ORIENTED_EDGE('',*,*,#2196,.T.);
#1372=ORIENTED_EDGE('',*,*,#2155,.F.);
#1373=ORIENTED_EDGE('',*,*,#2084,.F.);
#1374=ORIENTED_EDGE('',*,*,#2111,.F.);
#1375=ORIENTED_EDGE('',*,*,#2092,.F.);
#1376=ORIENTED_EDGE('',*,*,#2097,.F.);
#1377=ORIENTED_EDGE('',*,*,#2131,.F.);
#1378=ORIENTED_EDGE('',*,*,#2197,.F.);
#1379=ORIENTED_EDGE('',*,*,#2197,.T.);
#1380=ORIENTED_EDGE('',*,*,#2130,.F.);
#1381=ORIENTED_EDGE('',*,*,#2198,.F.);
#1382=ORIENTED_EDGE('',*,*,#2133,.F.);
#1383=ORIENTED_EDGE('',*,*,#2198,.T.);
#1384=ORIENTED_EDGE('',*,*,#2120,.F.);
#1385=ORIENTED_EDGE('',*,*,#2199,.F.);
#1386=ORIENTED_EDGE('',*,*,#2134,.F.);
#1387=ORIENTED_EDGE('',*,*,#2199,.T.);
#1388=ORIENTED_EDGE('',*,*,#2119,.F.);
#1389=ORIENTED_EDGE('',*,*,#2200,.F.);
#1390=ORIENTED_EDGE('',*,*,#2091,.F.);
#1391=ORIENTED_EDGE('',*,*,#2200,.T.);
#1392=ORIENTED_EDGE('',*,*,#2118,.F.);
#1393=ORIENTED_EDGE('',*,*,#2201,.F.);
#1394=ORIENTED_EDGE('',*,*,#2195,.F.);
#1395=ORIENTED_EDGE('',*,*,#2156,.F.);
#1396=ORIENTED_EDGE('',*,*,#2196,.F.);
#1397=ORIENTED_EDGE('',*,*,#2201,.T.);
#1398=ORIENTED_EDGE('',*,*,#2138,.F.);
#1399=ORIENTED_EDGE('',*,*,#1934,.T.);
#1400=ORIENTED_EDGE('',*,*,#2202,.T.);
#1401=ORIENTED_EDGE('',*,*,#2203,.T.);
#1402=ORIENTED_EDGE('',*,*,#2204,.F.);
#1403=ORIENTED_EDGE('',*,*,#1758,.F.);
#1404=ORIENTED_EDGE('',*,*,#2205,.T.);
#1405=ORIENTED_EDGE('',*,*,#2206,.T.);
#1406=ORIENTED_EDGE('',*,*,#1690,.F.);
#1407=ORIENTED_EDGE('',*,*,#1760,.T.);
#1408=ORIENTED_EDGE('',*,*,#2207,.T.);
#1409=ORIENTED_EDGE('',*,*,#2204,.T.);
#1410=ORIENTED_EDGE('',*,*,#2208,.T.);
#1411=ORIENTED_EDGE('',*,*,#2207,.F.);
#1412=ORIENTED_EDGE('',*,*,#1759,.T.);
#1413=ORIENTED_EDGE('',*,*,#2205,.F.);
#1414=ORIENTED_EDGE('',*,*,#2208,.F.);
#1415=ORIENTED_EDGE('',*,*,#2203,.F.);
#1416=ORIENTED_EDGE('',*,*,#2209,.T.);
#1417=ORIENTED_EDGE('',*,*,#1808,.F.);
#1418=ORIENTED_EDGE('',*,*,#2210,.T.);
#1419=ORIENTED_EDGE('',*,*,#1691,.F.);
#1420=ORIENTED_EDGE('',*,*,#2206,.F.);
#1421=ORIENTED_EDGE('',*,*,#2210,.F.);
#1422=ORIENTED_EDGE('',*,*,#1807,.F.);
#1423=ORIENTED_EDGE('',*,*,#1933,.F.);
#1424=ORIENTED_EDGE('',*,*,#1809,.F.);
#1425=ORIENTED_EDGE('',*,*,#2209,.F.);
#1426=ORIENTED_EDGE('',*,*,#2202,.F.);
#1427=ORIENTED_EDGE('',*,*,#1992,.F.);
#1428=ORIENTED_EDGE('',*,*,#1768,.F.);
#1429=ORIENTED_EDGE('',*,*,#1994,.F.);
#1430=ORIENTED_EDGE('',*,*,#1769,.F.);
#1431=ORIENTED_EDGE('',*,*,#1996,.F.);
#1432=ORIENTED_EDGE('',*,*,#1770,.F.);
#1433=ORIENTED_EDGE('',*,*,#1998,.F.);
#1434=ORIENTED_EDGE('',*,*,#1771,.F.);
#1435=ORIENTED_EDGE('',*,*,#2000,.F.);
#1436=ORIENTED_EDGE('',*,*,#1772,.F.);
#1437=ORIENTED_EDGE('',*,*,#2002,.F.);
#1438=ORIENTED_EDGE('',*,*,#1773,.F.);
#1439=ORIENTED_EDGE('',*,*,#2004,.F.);
#1440=ORIENTED_EDGE('',*,*,#1774,.F.);
#1441=ORIENTED_EDGE('',*,*,#1990,.F.);
#1442=ORIENTED_EDGE('',*,*,#1775,.F.);
#1443=ORIENTED_EDGE('',*,*,#2211,.T.);
#1444=ORIENTED_EDGE('',*,*,#2212,.F.);
#1445=ORIENTED_EDGE('',*,*,#2212,.T.);
#1446=ORIENTED_EDGE('',*,*,#2213,.T.);
#1447=ORIENTED_EDGE('',*,*,#2214,.F.);
#1448=ORIENTED_EDGE('',*,*,#2214,.T.);
#1449=ORIENTED_EDGE('',*,*,#2215,.T.);
#1450=ORIENTED_EDGE('',*,*,#2216,.F.);
#1451=ORIENTED_EDGE('',*,*,#2216,.T.);
#1452=ORIENTED_EDGE('',*,*,#2217,.T.);
#1453=ORIENTED_EDGE('',*,*,#2218,.T.);
#1454=ORIENTED_EDGE('',*,*,#2218,.F.);
#1455=ORIENTED_EDGE('',*,*,#2219,.T.);
#1456=ORIENTED_EDGE('',*,*,#2220,.T.);
#1457=ORIENTED_EDGE('',*,*,#2220,.F.);
#1458=ORIENTED_EDGE('',*,*,#2221,.T.);
#1459=ORIENTED_EDGE('',*,*,#2222,.T.);
#1460=ORIENTED_EDGE('',*,*,#2222,.F.);
#1461=ORIENTED_EDGE('',*,*,#2223,.T.);
#1462=ORIENTED_EDGE('',*,*,#2224,.F.);
#1463=ORIENTED_EDGE('',*,*,#2224,.T.);
#1464=ORIENTED_EDGE('',*,*,#2225,.T.);
#1465=ORIENTED_EDGE('',*,*,#2226,.F.);
#1466=ORIENTED_EDGE('',*,*,#2226,.T.);
#1467=ORIENTED_EDGE('',*,*,#2227,.T.);
#1468=ORIENTED_EDGE('',*,*,#2228,.T.);
#1469=ORIENTED_EDGE('',*,*,#2228,.F.);
#1470=ORIENTED_EDGE('',*,*,#2229,.T.);
#1471=ORIENTED_EDGE('',*,*,#2230,.T.);
#1472=ORIENTED_EDGE('',*,*,#2230,.F.);
#1473=ORIENTED_EDGE('',*,*,#2229,.F.);
#1474=ORIENTED_EDGE('',*,*,#1950,.F.);
#1475=ORIENTED_EDGE('',*,*,#1947,.F.);
#1476=ORIENTED_EDGE('',*,*,#2227,.F.);
#1477=ORIENTED_EDGE('',*,*,#1944,.F.);
#1478=ORIENTED_EDGE('',*,*,#1949,.F.);
#1479=ORIENTED_EDGE('',*,*,#1935,.F.);
#1480=ORIENTED_EDGE('',*,*,#1687,.F.);
#1481=ORIENTED_EDGE('',*,*,#2225,.F.);
#1482=ORIENTED_EDGE('',*,*,#1929,.F.);
#1483=ORIENTED_EDGE('',*,*,#1932,.F.);
#1484=ORIENTED_EDGE('',*,*,#2223,.F.);
#1485=ORIENTED_EDGE('',*,*,#2219,.F.);
#1486=ORIENTED_EDGE('',*,*,#1937,.F.);
#1487=ORIENTED_EDGE('',*,*,#2221,.F.);
#1488=ORIENTED_EDGE('',*,*,#1938,.F.);
#1489=ORIENTED_EDGE('',*,*,#2217,.F.);
#1490=ORIENTED_EDGE('',*,*,#1939,.F.);
#1491=ORIENTED_EDGE('',*,*,#1952,.F.);
#1492=ORIENTED_EDGE('',*,*,#2213,.F.);
#1493=ORIENTED_EDGE('',*,*,#1953,.F.);
#1494=ORIENTED_EDGE('',*,*,#2211,.F.);
#1495=ORIENTED_EDGE('',*,*,#1954,.F.);
#1496=ORIENTED_EDGE('',*,*,#2215,.F.);
#1497=ORIENTED_EDGE('',*,*,#2019,.F.);
#1498=ORIENTED_EDGE('',*,*,#1842,.F.);
#1499=ORIENTED_EDGE('',*,*,#2231,.F.);
#1500=ORIENTED_EDGE('',*,*,#1754,.F.);
#1501=ORIENTED_EDGE('',*,*,#2231,.T.);
#1502=ORIENTED_EDGE('',*,*,#2188,.F.);
#1503=ORIENTED_EDGE('',*,*,#2232,.F.);
#1504=ORIENTED_EDGE('',*,*,#1755,.F.);
#1505=ORIENTED_EDGE('',*,*,#2232,.T.);
#1506=ORIENTED_EDGE('',*,*,#1963,.F.);
#1507=ORIENTED_EDGE('',*,*,#2233,.F.);
#1508=ORIENTED_EDGE('',*,*,#1756,.F.);
#1509=ORIENTED_EDGE('',*,*,#2233,.T.);
#1510=ORIENTED_EDGE('',*,*,#2184,.F.);
#1511=ORIENTED_EDGE('',*,*,#2234,.F.);
#1512=ORIENTED_EDGE('',*,*,#1693,.F.);
#1513=ORIENTED_EDGE('',*,*,#1900,.F.);
#1514=ORIENTED_EDGE('',*,*,#1694,.F.);
#1515=ORIENTED_EDGE('',*,*,#2234,.T.);
#1516=ORIENTED_EDGE('',*,*,#2006,.F.);
#1517=ORIENTED_EDGE('',*,*,#2044,.F.);
#1518=ORIENTED_EDGE('',*,*,#1886,.F.);
#1519=ORIENTED_EDGE('',*,*,#2235,.F.);
#1520=ORIENTED_EDGE('',*,*,#1715,.F.);
#1521=ORIENTED_EDGE('',*,*,#2235,.T.);
#1522=ORIENTED_EDGE('',*,*,#2192,.F.);
#1523=ORIENTED_EDGE('',*,*,#2236,.F.);
#1524=ORIENTED_EDGE('',*,*,#1716,.F.);
#1525=ORIENTED_EDGE('',*,*,#2236,.T.);
#1526=ORIENTED_EDGE('',*,*,#1985,.F.);
#1527=ORIENTED_EDGE('',*,*,#2237,.F.);
#1528=ORIENTED_EDGE('',*,*,#1717,.F.);
#1529=ORIENTED_EDGE('',*,*,#2237,.T.);
#1530=ORIENTED_EDGE('',*,*,#2191,.F.);
#1531=ORIENTED_EDGE('',*,*,#2238,.F.);
#1532=ORIENTED_EDGE('',*,*,#1718,.F.);
#1533=ORIENTED_EDGE('',*,*,#2238,.T.);
#1534=ORIENTED_EDGE('',*,*,#1988,.F.);
#1535=ORIENTED_EDGE('',*,*,#2239,.F.);
#1536=ORIENTED_EDGE('',*,*,#1719,.F.);
#1537=ORIENTED_EDGE('',*,*,#2239,.T.);
#1538=ORIENTED_EDGE('',*,*,#2190,.F.);
#1539=ORIENTED_EDGE('',*,*,#2240,.F.);
#1540=ORIENTED_EDGE('',*,*,#1720,.F.);
#1541=ORIENTED_EDGE('',*,*,#2240,.T.);
#1542=ORIENTED_EDGE('',*,*,#1982,.F.);
#1543=ORIENTED_EDGE('',*,*,#2241,.F.);
#1544=ORIENTED_EDGE('',*,*,#1721,.F.);
#1545=ORIENTED_EDGE('',*,*,#2241,.T.);
#1546=ORIENTED_EDGE('',*,*,#2189,.F.);
#1547=ORIENTED_EDGE('',*,*,#2242,.F.);
#1548=ORIENTED_EDGE('',*,*,#1722,.F.);
#1549=ORIENTED_EDGE('',*,*,#2242,.T.);
#1550=ORIENTED_EDGE('',*,*,#1833,.F.);
#1551=ORIENTED_EDGE('',*,*,#2243,.F.);
#1552=ORIENTED_EDGE('',*,*,#1723,.F.);
#1553=ORIENTED_EDGE('',*,*,#2243,.T.);
#1554=ORIENTED_EDGE('',*,*,#2162,.F.);
#1555=ORIENTED_EDGE('',*,*,#2244,.F.);
#1556=ORIENTED_EDGE('',*,*,#1724,.F.);
#1557=ORIENTED_EDGE('',*,*,#2112,.F.);
#1558=ORIENTED_EDGE('',*,*,#1725,.F.);
#1559=ORIENTED_EDGE('',*,*,#2244,.T.);
#1560=ORIENTED_EDGE('',*,*,#2058,.F.);
#1561=ORIENTED_EDGE('',*,*,#2110,.F.);
#1562=ORIENTED_EDGE('',*,*,#2082,.F.);
#1563=ORIENTED_EDGE('',*,*,#2245,.F.);
#1564=ORIENTED_EDGE('',*,*,#1748,.F.);
#1565=ORIENTED_EDGE('',*,*,#2245,.T.);
#1566=ORIENTED_EDGE('',*,*,#2158,.F.);
#1567=ORIENTED_EDGE('',*,*,#2246,.F.);
#1568=ORIENTED_EDGE('',*,*,#1749,.F.);
#1569=ORIENTED_EDGE('',*,*,#2246,.T.);
#1570=ORIENTED_EDGE('',*,*,#1819,.F.);
#1571=ORIENTED_EDGE('',*,*,#2247,.F.);
#1572=ORIENTED_EDGE('',*,*,#1750,.F.);
#1573=ORIENTED_EDGE('',*,*,#2247,.T.);
#1574=ORIENTED_EDGE('',*,*,#2193,.F.);
#1575=ORIENTED_EDGE('',*,*,#2248,.F.);
#1576=ORIENTED_EDGE('',*,*,#1751,.F.);
#1577=ORIENTED_EDGE('',*,*,#2020,.F.);
#1578=ORIENTED_EDGE('',*,*,#1752,.F.);
#1579=ORIENTED_EDGE('',*,*,#2248,.T.);
#1580=ORIENTED_EDGE('',*,*,#1851,.F.);
#1581=ORIENTED_EDGE('',*,*,#2032,.F.);
#1582=ORIENTED_EDGE('',*,*,#1860,.F.);
#1583=ORIENTED_EDGE('',*,*,#2249,.F.);
#1584=ORIENTED_EDGE('',*,*,#1698,.F.);
#1585=ORIENTED_EDGE('',*,*,#2249,.T.);
#1586=ORIENTED_EDGE('',*,*,#2161,.F.);
#1587=ORIENTED_EDGE('',*,*,#2250,.F.);
#1588=ORIENTED_EDGE('',*,*,#1699,.F.);
#1589=ORIENTED_EDGE('',*,*,#2250,.T.);
#1590=ORIENTED_EDGE('',*,*,#1912,.F.);
#1591=ORIENTED_EDGE('',*,*,#2251,.F.);
#1592=ORIENTED_EDGE('',*,*,#1700,.F.);
#1593=ORIENTED_EDGE('',*,*,#2251,.T.);
#1594=ORIENTED_EDGE('',*,*,#2142,.F.);
#1595=ORIENTED_EDGE('',*,*,#2252,.F.);
#1596=ORIENTED_EDGE('',*,*,#1701,.F.);
#1597=ORIENTED_EDGE('',*,*,#2252,.T.);
#1598=ORIENTED_EDGE('',*,*,#1925,.F.);
#1599=ORIENTED_EDGE('',*,*,#1916,.F.);
#1600=ORIENTED_EDGE('',*,*,#1702,.F.);
#1601=ORIENTED_EDGE('',*,*,#2114,.F.);
#1602=ORIENTED_EDGE('',*,*,#1742,.F.);
#1603=ORIENTED_EDGE('',*,*,#2253,.F.);
#1604=ORIENTED_EDGE('',*,*,#2100,.F.);
#1605=ORIENTED_EDGE('',*,*,#2253,.T.);
#1606=ORIENTED_EDGE('',*,*,#1741,.F.);
#1607=ORIENTED_EDGE('',*,*,#2254,.F.);
#1608=ORIENTED_EDGE('',*,*,#2096,.F.);
#1609=ORIENTED_EDGE('',*,*,#2254,.T.);
#1610=ORIENTED_EDGE('',*,*,#1740,.F.);
#1611=ORIENTED_EDGE('',*,*,#2255,.F.);
#1612=ORIENTED_EDGE('',*,*,#2087,.F.);
#1613=ORIENTED_EDGE('',*,*,#2256,.F.);
#1614=ORIENTED_EDGE('',*,*,#2175,.F.);
#1615=ORIENTED_EDGE('',*,*,#2255,.T.);
#1616=ORIENTED_EDGE('',*,*,#1739,.F.);
#1617=ORIENTED_EDGE('',*,*,#2177,.F.);
#1618=ORIENTED_EDGE('',*,*,#2256,.T.);
#1619=ORIENTED_EDGE('',*,*,#2257,.F.);
#1620=ORIENTED_EDGE('',*,*,#2257,.T.);
#1621=ORIENTED_EDGE('',*,*,#1738,.F.);
#1622=ORIENTED_EDGE('',*,*,#2258,.F.);
#1623=ORIENTED_EDGE('',*,*,#2179,.F.);
#1624=ORIENTED_EDGE('',*,*,#2258,.T.);
#1625=ORIENTED_EDGE('',*,*,#1737,.F.);
#1626=ORIENTED_EDGE('',*,*,#2259,.F.);
#1627=ORIENTED_EDGE('',*,*,#1825,.F.);
#1628=ORIENTED_EDGE('',*,*,#2259,.T.);
#1629=ORIENTED_EDGE('',*,*,#1736,.F.);
#1630=ORIENTED_EDGE('',*,*,#2260,.F.);
#1631=ORIENTED_EDGE('',*,*,#2194,.F.);
#1632=ORIENTED_EDGE('',*,*,#2260,.T.);
#1633=ORIENTED_EDGE('',*,*,#1735,.F.);
#1634=ORIENTED_EDGE('',*,*,#2261,.F.);
#1635=ORIENTED_EDGE('',*,*,#1836,.F.);
#1636=ORIENTED_EDGE('',*,*,#2261,.T.);
#1637=ORIENTED_EDGE('',*,*,#1734,.F.);
#1638=ORIENTED_EDGE('',*,*,#2262,.F.);
#1639=ORIENTED_EDGE('',*,*,#2167,.F.);
#1640=ORIENTED_EDGE('',*,*,#2262,.T.);
#1641=ORIENTED_EDGE('',*,*,#1733,.F.);
#1642=ORIENTED_EDGE('',*,*,#2263,.F.);
#1643=ORIENTED_EDGE('',*,*,#2053,.F.);
#1644=ORIENTED_EDGE('',*,*,#2263,.T.);
#1645=ORIENTED_EDGE('',*,*,#1732,.F.);
#1646=ORIENTED_EDGE('',*,*,#2264,.F.);
#1647=ORIENTED_EDGE('',*,*,#2152,.F.);
#1648=ORIENTED_EDGE('',*,*,#2264,.T.);
#1649=ORIENTED_EDGE('',*,*,#1731,.F.);
#1650=ORIENTED_EDGE('',*,*,#2074,.F.);
#1651=ORIENTED_EDGE('',*,*,#2077,.F.);
#1652=ORIENTED_EDGE('',*,*,#1864,.F.);
#1653=ORIENTED_EDGE('',*,*,#1980,.F.);
#1654=ORIENTED_EDGE('',*,*,#2265,.F.);
#1655=ORIENTED_EDGE('',*,*,#1706,.F.);
#1656=ORIENTED_EDGE('',*,*,#2037,.F.);
#1657=ORIENTED_EDGE('',*,*,#1979,.F.);
#1658=ORIENTED_EDGE('',*,*,#1978,.F.);
#1659=ORIENTED_EDGE('',*,*,#2266,.F.);
#1660=ORIENTED_EDGE('',*,*,#1707,.F.);
#1661=ORIENTED_EDGE('',*,*,#2265,.T.);
#1662=ORIENTED_EDGE('',*,*,#2266,.T.);
#1663=ORIENTED_EDGE('',*,*,#2185,.F.);
#1664=ORIENTED_EDGE('',*,*,#2267,.F.);
#1665=ORIENTED_EDGE('',*,*,#1708,.F.);
#1666=ORIENTED_EDGE('',*,*,#2267,.T.);
#1667=ORIENTED_EDGE('',*,*,#1975,.F.);
#1668=ORIENTED_EDGE('',*,*,#2268,.F.);
#1669=ORIENTED_EDGE('',*,*,#1709,.F.);
#1670=ORIENTED_EDGE('',*,*,#2268,.T.);
#1671=ORIENTED_EDGE('',*,*,#2186,.F.);
#1672=ORIENTED_EDGE('',*,*,#2269,.F.);
#1673=ORIENTED_EDGE('',*,*,#1710,.F.);
#1674=ORIENTED_EDGE('',*,*,#2269,.T.);
#1675=ORIENTED_EDGE('',*,*,#1970,.F.);
#1676=ORIENTED_EDGE('',*,*,#2270,.F.);
#1677=ORIENTED_EDGE('',*,*,#1711,.F.);
#1678=ORIENTED_EDGE('',*,*,#2270,.T.);
#1679=ORIENTED_EDGE('',*,*,#2187,.F.);
#1680=ORIENTED_EDGE('',*,*,#2271,.F.);
#1681=ORIENTED_EDGE('',*,*,#1712,.F.);
#1682=ORIENTED_EDGE('',*,*,#2271,.T.);
#1683=ORIENTED_EDGE('',*,*,#1871,.F.);
#1684=ORIENTED_EDGE('',*,*,#2045,.F.);
#1685=ORIENTED_EDGE('',*,*,#1713,.F.);
#1686=EDGE_CURVE('',#2272,#2273,#2658,.T.);
#1687=EDGE_CURVE('',#2272,#2274,#387,.T.);
#1688=EDGE_CURVE('',#2275,#2274,#2659,.T.);
#1689=EDGE_CURVE('',#2275,#2276,#2660,.F.);
#1690=EDGE_CURVE('',#2276,#2277,#2661,.T.);
#1691=EDGE_CURVE('',#2277,#2278,#2662,.F.);
#1692=EDGE_CURVE('',#2273,#2278,#2663,.F.);
#1693=EDGE_CURVE('',#2279,#2280,#194,.T.);
#1694=EDGE_CURVE('',#2280,#2281,#2664,.T.);
#1695=EDGE_CURVE('',#2282,#2281,#2665,.T.);
#1696=EDGE_CURVE('',#2282,#2283,#2666,.T.);
#1697=EDGE_CURVE('',#2284,#2283,#2667,.T.);
#1698=EDGE_CURVE('',#2284,#2285,#2668,.T.);
#1699=EDGE_CURVE('',#2285,#2286,#195,.T.);
#1700=EDGE_CURVE('',#2286,#2287,#2669,.T.);
#1701=EDGE_CURVE('',#2287,#2288,#388,.T.);
#1702=EDGE_CURVE('',#2288,#2289,#2670,.T.);
#1703=EDGE_CURVE('',#2289,#2290,#2671,.T.);
#1704=EDGE_CURVE('',#2290,#2291,#2672,.T.);
#1705=EDGE_CURVE('',#2292,#2291,#2673,.T.);
#1706=EDGE_CURVE('',#2292,#2293,#2674,.T.);
#1707=EDGE_CURVE('',#2293,#2294,#196,.T.);
#1708=EDGE_CURVE('',#2294,#2295,#197,.T.);
#1709=EDGE_CURVE('',#2295,#2296,#2675,.T.);
#1710=EDGE_CURVE('',#2296,#2297,#198,.T.);
#1711=EDGE_CURVE('',#2297,#2298,#199,.T.);
#1712=EDGE_CURVE('',#2298,#2299,#200,.T.);
#1713=EDGE_CURVE('',#2299,#2300,#2676,.T.);
#1714=EDGE_CURVE('',#2301,#2300,#2677,.T.);
#1715=EDGE_CURVE('',#2301,#2302,#2678,.T.);
#1716=EDGE_CURVE('',#2302,#2303,#201,.T.);
#1717=EDGE_CURVE('',#2303,#2304,#202,.T.);
#1718=EDGE_CURVE('',#2304,#2305,#203,.T.);
#1719=EDGE_CURVE('',#2305,#2306,#2679,.T.);
#1720=EDGE_CURVE('',#2306,#2307,#204,.T.);
#1721=EDGE_CURVE('',#2307,#2308,#205,.T.);
#1722=EDGE_CURVE('',#2308,#2309,#206,.T.);
#1723=EDGE_CURVE('',#2309,#2310,#2680,.T.);
#1724=EDGE_CURVE('',#2310,#2311,#207,.T.);
#1725=EDGE_CURVE('',#2311,#2312,#2681,.T.);
#1726=EDGE_CURVE('',#2312,#2313,#2682,.F.);
#1727=EDGE_CURVE('',#2314,#2313,#2683,.T.);
#1728=EDGE_CURVE('',#2315,#2314,#2684,.T.);
#1729=EDGE_CURVE('',#2315,#2316,#2685,.T.);
#1730=EDGE_CURVE('',#2316,#2317,#2686,.T.);
#1731=EDGE_CURVE('',#2317,#2318,#2687,.T.);
#1732=EDGE_CURVE('',#2318,#2319,#389,.T.);
#1733=EDGE_CURVE('',#2319,#2320,#2688,.T.);
#1734=EDGE_CURVE('',#2320,#2321,#208,.T.);
#1735=EDGE_CURVE('',#2321,#2322,#2689,.T.);
#1736=EDGE_CURVE('',#2322,#2323,#209,.T.);
#1737=EDGE_CURVE('',#2323,#2324,#210,.T.);
#1738=EDGE_CURVE('',#2324,#2325,#211,.T.);
#1739=EDGE_CURVE('',#2325,#2326,#212,.T.);
#1740=EDGE_CURVE('',#2326,#2327,#2690,.T.);
#1741=EDGE_CURVE('',#2327,#2328,#390,.T.);
#1742=EDGE_CURVE('',#2328,#2329,#2691,.T.);
#1743=EDGE_CURVE('',#2329,#2330,#2692,.T.);
#1744=EDGE_CURVE('',#2331,#2330,#2693,.T.);
#1745=EDGE_CURVE('',#2332,#2331,#2694,.T.);
#1746=EDGE_CURVE('',#2333,#2332,#2695,.T.);
#1747=EDGE_CURVE('',#2333,#2334,#2696,.T.);
#1748=EDGE_CURVE('',#2334,#2335,#2697,.T.);
#1749=EDGE_CURVE('',#2335,#2336,#213,.T.);
#1750=EDGE_CURVE('',#2336,#2337,#2698,.T.);
#1751=EDGE_CURVE('',#2337,#2338,#214,.T.);
#1752=EDGE_CURVE('',#2338,#2339,#215,.T.);
#1753=EDGE_CURVE('',#2340,#2339,#2699,.T.);
#1754=EDGE_CURVE('',#2340,#2341,#216,.T.);
#1755=EDGE_CURVE('',#2341,#2342,#217,.T.);
#1756=EDGE_CURVE('',#2342,#2279,#2700,.T.);
#1757=EDGE_CURVE('',#2343,#2344,#2701,.F.);
#1758=EDGE_CURVE('',#2343,#2345,#2702,.T.);
#1759=EDGE_CURVE('',#2346,#2345,#2703,.T.);
#1760=EDGE_CURVE('',#2276,#2346,#2704,.T.);
#1761=EDGE_CURVE('',#2347,#2275,#391,.F.);
#1762=EDGE_CURVE('',#2348,#2347,#2705,.F.);
#1763=EDGE_CURVE('',#2349,#2348,#392,.F.);
#1764=EDGE_CURVE('',#2350,#2349,#2706,.F.);
#1765=EDGE_CURVE('',#2351,#2350,#393,.F.);
#1766=EDGE_CURVE('',#2352,#2351,#2707,.T.);
#1767=EDGE_CURVE('',#2344,#2352,#394,.F.);
#1768=EDGE_CURVE('',#2353,#2353,#395,.T.);
#1769=EDGE_CURVE('',#2354,#2354,#396,.T.);
#1770=EDGE_CURVE('',#2355,#2355,#397,.T.);
#1771=EDGE_CURVE('',#2356,#2356,#398,.T.);
#1772=EDGE_CURVE('',#2357,#2357,#399,.T.);
#1773=EDGE_CURVE('',#2358,#2358,#400,.T.);
#1774=EDGE_CURVE('',#2359,#2359,#401,.T.);
#1775=EDGE_CURVE('',#2360,#2360,#402,.T.);
#1776=EDGE_CURVE('',#2361,#2362,#2708,.T.);
#1777=EDGE_CURVE('',#2362,#2363,#218,.T.);
#1778=EDGE_CURVE('',#2363,#2364,#403,.T.);
#1779=EDGE_CURVE('',#2364,#2365,#219,.T.);
#1780=EDGE_CURVE('',#2365,#2366,#2709,.T.);
#1781=EDGE_CURVE('',#2366,#2367,#220,.T.);
#1782=EDGE_CURVE('',#2367,#2368,#404,.T.);
#1783=EDGE_CURVE('',#2368,#2369,#221,.T.);
#1784=EDGE_CURVE('',#2369,#2370,#2710,.T.);
#1785=EDGE_CURVE('',#2370,#2371,#222,.T.);
#1786=EDGE_CURVE('',#2371,#2372,#405,.T.);
#1787=EDGE_CURVE('',#2372,#2373,#223,.T.);
#1788=EDGE_CURVE('',#2373,#2374,#2711,.T.);
#1789=EDGE_CURVE('',#2374,#2375,#224,.T.);
#1790=EDGE_CURVE('',#2375,#2376,#406,.T.);
#1791=EDGE_CURVE('',#2376,#2361,#225,.T.);
#1792=EDGE_CURVE('',#2377,#2378,#407,.T.);
#1793=EDGE_CURVE('',#2377,#2379,#226,.T.);
#1794=EDGE_CURVE('',#2380,#2379,#2712,.F.);
#1795=EDGE_CURVE('',#2380,#2381,#227,.T.);
#1796=EDGE_CURVE('',#2382,#2381,#408,.T.);
#1797=EDGE_CURVE('',#2383,#2382,#2713,.F.);
#1798=EDGE_CURVE('',#2383,#2384,#228,.T.);
#1799=EDGE_CURVE('',#2385,#2384,#409,.F.);
#1800=EDGE_CURVE('',#2385,#2386,#229,.T.);
#1801=EDGE_CURVE('',#2387,#2386,#2714,.F.);
#1802=EDGE_CURVE('',#2387,#2388,#230,.T.);
#1803=EDGE_CURVE('',#2389,#2388,#410,.T.);
#1804=EDGE_CURVE('',#2389,#2390,#231,.T.);
#1805=EDGE_CURVE('',#2391,#2390,#2715,.F.);
#1806=EDGE_CURVE('',#2391,#2378,#232,.T.);
#1807=EDGE_CURVE('',#2278,#2392,#2716,.T.);
#1808=EDGE_CURVE('',#2392,#2393,#2717,.T.);
#1809=EDGE_CURVE('',#2393,#2394,#2718,.T.);
#1810=EDGE_CURVE('',#2394,#2395,#2719,.F.);
#1811=EDGE_CURVE('',#2395,#2396,#411,.F.);
#1812=EDGE_CURVE('',#2396,#2397,#2720,.T.);
#1813=EDGE_CURVE('',#2397,#2398,#412,.F.);
#1814=EDGE_CURVE('',#2398,#2399,#2721,.F.);
#1815=EDGE_CURVE('',#2399,#2400,#413,.F.);
#1816=EDGE_CURVE('',#2400,#2401,#2722,.F.);
#1817=EDGE_CURVE('',#2401,#2273,#414,.F.);
#1818=EDGE_CURVE('',#2369,#2402,#233,.T.);
#1819=EDGE_CURVE('',#2402,#2403,#2723,.F.);
#1820=EDGE_CURVE('',#2403,#2404,#2724,.F.);
#1821=EDGE_CURVE('',#2404,#2405,#169,.F.);
#1822=EDGE_CURVE('',#2405,#2406,#2725,.T.);
#1823=EDGE_CURVE('',#2406,#2370,#234,.T.);
#1824=EDGE_CURVE('',#2407,#2408,#235,.T.);
#1825=EDGE_CURVE('',#2408,#2409,#236,.T.);
#1826=EDGE_CURVE('',#2409,#2372,#237,.T.);
#1827=EDGE_CURVE('',#2371,#2410,#238,.T.);
#1828=EDGE_CURVE('',#2410,#2411,#239,.T.);
#1829=EDGE_CURVE('',#2411,#2412,#240,.T.);
#1830=EDGE_CURVE('',#2412,#2413,#241,.T.);
#1831=EDGE_CURVE('',#2413,#2407,#242,.T.);
#1832=EDGE_CURVE('',#2414,#2415,#2726,.F.);
#1833=EDGE_CURVE('',#2415,#2416,#2727,.F.);
#1834=EDGE_CURVE('',#2416,#2374,#243,.T.);
#1835=EDGE_CURVE('',#2373,#2417,#244,.T.);
#1836=EDGE_CURVE('',#2417,#2418,#2728,.F.);
#1837=EDGE_CURVE('',#2418,#2419,#2729,.F.);
#1838=EDGE_CURVE('',#2419,#2420,#170,.F.);
#1839=EDGE_CURVE('',#2420,#2421,#2730,.T.);
#1840=EDGE_CURVE('',#2421,#2414,#171,.F.);
#1841=EDGE_CURVE('',#2388,#2422,#245,.T.);
#1842=EDGE_CURVE('',#2422,#2423,#246,.T.);
#1843=EDGE_CURVE('',#2423,#2424,#247,.T.);
#1844=EDGE_CURVE('',#2424,#2425,#248,.T.);
#1845=EDGE_CURVE('',#2425,#2426,#249,.T.);
#1846=EDGE_CURVE('',#2426,#2427,#250,.T.);
#1847=EDGE_CURVE('',#2428,#2427,#251,.T.);
#1848=EDGE_CURVE('',#2428,#2429,#252,.T.);
#1849=EDGE_CURVE('',#2429,#2389,#253,.T.);
#1850=EDGE_CURVE('',#2430,#2431,#254,.T.);
#1851=EDGE_CURVE('',#2431,#2432,#255,.T.);
#1852=EDGE_CURVE('',#2432,#2368,#256,.T.);
#1853=EDGE_CURVE('',#2367,#2433,#257,.T.);
#1854=EDGE_CURVE('',#2433,#2434,#258,.T.);
#1855=EDGE_CURVE('',#2435,#2434,#259,.T.);
#1856=EDGE_CURVE('',#2435,#2436,#260,.T.);
#1857=EDGE_CURVE('',#2436,#2437,#261,.T.);
#1858=EDGE_CURVE('',#2437,#2430,#262,.T.);
#1859=EDGE_CURVE('',#2438,#2439,#2731,.F.);
#1860=EDGE_CURVE('',#2439,#2440,#2732,.T.);
#1861=EDGE_CURVE('',#2440,#2441,#2733,.T.);
#1862=EDGE_CURVE('',#2441,#2383,#263,.T.);
#1863=EDGE_CURVE('',#2442,#2382,#2734,.T.);
#1864=EDGE_CURVE('',#2442,#2443,#2735,.T.);
#1865=EDGE_CURVE('',#2443,#2444,#2736,.T.);
#1866=EDGE_CURVE('',#2445,#2444,#2737,.T.);
#1867=EDGE_CURVE('',#2445,#2446,#2738,.T.);
#1868=EDGE_CURVE('',#2446,#2447,#2739,.T.);
#1869=EDGE_CURVE('',#2447,#2438,#172,.T.);
#1870=EDGE_CURVE('',#2448,#2449,#2740,.T.);
#1871=EDGE_CURVE('',#2449,#2450,#2741,.T.);
#1872=EDGE_CURVE('',#2450,#2391,#127,.F.);
#1873=EDGE_CURVE('',#2390,#2451,#264,.T.);
#1874=EDGE_CURVE('',#2451,#2452,#2742,.T.);
#1875=EDGE_CURVE('',#2452,#2453,#415,.T.);
#1876=EDGE_CURVE('',#2453,#2454,#2743,.T.);
#1877=EDGE_CURVE('',#2455,#2454,#2744,.T.);
#1878=EDGE_CURVE('',#2455,#2456,#2745,.T.);
#1879=EDGE_CURVE('',#2456,#2457,#416,.T.);
#1880=EDGE_CURVE('',#2457,#2458,#2746,.T.);
#1881=EDGE_CURVE('',#2459,#2458,#2747,.T.);
#1882=EDGE_CURVE('',#2460,#2459,#2748,.T.);
#1883=EDGE_CURVE('',#2460,#2461,#2749,.T.);
#1884=EDGE_CURVE('',#2461,#2448,#417,.T.);
#1885=EDGE_CURVE('',#2365,#2462,#265,.T.);
#1886=EDGE_CURVE('',#2462,#2463,#2750,.T.);
#1887=EDGE_CURVE('',#2463,#2464,#2751,.T.);
#1888=EDGE_CURVE('',#2464,#2465,#418,.T.);
#1889=EDGE_CURVE('',#2465,#2466,#2752,.T.);
#1890=EDGE_CURVE('',#2467,#2466,#2753,.T.);
#1891=EDGE_CURVE('',#2468,#2467,#2754,.T.);
#1892=EDGE_CURVE('',#2468,#2469,#2755,.T.);
#1893=EDGE_CURVE('',#2469,#2470,#419,.T.);
#1894=EDGE_CURVE('',#2470,#2471,#2756,.T.);
#1895=EDGE_CURVE('',#2471,#2472,#2757,.F.);
#1896=EDGE_CURVE('',#2472,#2473,#2758,.T.);
#1897=EDGE_CURVE('',#2473,#2474,#420,.T.);
#1898=EDGE_CURVE('',#2474,#2475,#2759,.T.);
#1899=EDGE_CURVE('',#2475,#2366,#266,.T.);
#1900=EDGE_CURVE('',#2281,#2476,#2760,.F.);
#1901=EDGE_CURVE('',#2477,#2476,#2761,.F.);
#1902=EDGE_CURVE('',#2477,#2478,#421,.F.);
#1903=EDGE_CURVE('',#2479,#2478,#2762,.T.);
#1904=EDGE_CURVE('',#2479,#2480,#267,.T.);
#1905=EDGE_CURVE('',#2480,#2481,#2763,.T.);
#1906=EDGE_CURVE('',#2481,#2282,#2764,.T.);
#1907=EDGE_CURVE('',#2482,#2482,#422,.F.);
#1908=EDGE_CURVE('',#2483,#2483,#423,.F.);
#1909=EDGE_CURVE('',#2484,#2484,#173,.F.);
#1910=EDGE_CURVE('',#2485,#2485,#174,.F.);
#1911=EDGE_CURVE('',#2486,#2487,#2765,.T.);
#1912=EDGE_CURVE('',#2487,#2488,#2766,.T.);
#1913=EDGE_CURVE('',#2488,#2489,#2767,.T.);
#1914=EDGE_CURVE('',#2489,#2490,#2768,.F.);
#1915=EDGE_CURVE('',#2490,#2486,#175,.F.);
#1916=EDGE_CURVE('',#2289,#2491,#2769,.F.);
#1917=EDGE_CURVE('',#2492,#2491,#2770,.T.);
#1918=EDGE_CURVE('',#2493,#2492,#424,.T.);
#1919=EDGE_CURVE('',#2493,#2494,#2771,.T.);
#1920=EDGE_CURVE('',#2494,#2446,#425,.F.);
#1921=EDGE_CURVE('',#2495,#2445,#2772,.T.);
#1922=EDGE_CURVE('',#2495,#2290,#2773,.T.);
#1923=EDGE_CURVE('',#2496,#2496,#426,.T.);
#1924=EDGE_CURVE('',#2497,#2497,#427,.T.);
#1925=EDGE_CURVE('',#2491,#2498,#2774,.T.);
#1926=EDGE_CURVE('',#2498,#2499,#2775,.F.);
#1927=EDGE_CURVE('',#2499,#2492,#2776,.T.);
#1928=EDGE_CURVE('',#2500,#2395,#2777,.T.);
#1929=EDGE_CURVE('',#2500,#2501,#268,.T.);
#1930=EDGE_CURVE('',#2344,#2501,#2778,.T.);
#1931=EDGE_CURVE('',#2352,#2396,#2779,.T.);
#1932=EDGE_CURVE('',#2501,#2500,#428,.T.);
#1933=EDGE_CURVE('',#2394,#2502,#2780,.T.);
#1934=EDGE_CURVE('',#2343,#2502,#2781,.T.);
#1935=EDGE_CURVE('',#2274,#2272,#269,.T.);
#1936=EDGE_CURVE('',#2347,#2401,#2782,.T.);
#1937=EDGE_CURVE('',#2503,#2503,#429,.T.);
#1938=EDGE_CURVE('',#2504,#2504,#430,.T.);
#1939=EDGE_CURVE('',#2505,#2505,#431,.T.);
#1940=EDGE_CURVE('',#2506,#2506,#432,.F.);
#1941=EDGE_CURVE('',#2507,#2507,#433,.F.);
#1942=EDGE_CURVE('',#2348,#2400,#2783,.T.);
#1943=EDGE_CURVE('',#2508,#2399,#2784,.T.);
#1944=EDGE_CURVE('',#2508,#2509,#270,.T.);
#1945=EDGE_CURVE('',#2349,#2509,#2785,.T.);
#1946=EDGE_CURVE('',#2510,#2398,#2786,.T.);
#1947=EDGE_CURVE('',#2510,#2511,#434,.T.);
#1948=EDGE_CURVE('',#2350,#2511,#2787,.T.);
#1949=EDGE_CURVE('',#2509,#2508,#435,.T.);
#1950=EDGE_CURVE('',#2511,#2510,#271,.T.);
#1951=EDGE_CURVE('',#2351,#2397,#2788,.T.);
#1952=EDGE_CURVE('',#2512,#2512,#436,.F.);
#1953=EDGE_CURVE('',#2513,#2513,#437,.F.);
#1954=EDGE_CURVE('',#2514,#2514,#438,.F.);
#1955=EDGE_CURVE('',#2472,#2454,#2789,.T.);
#1956=EDGE_CURVE('',#2455,#2471,#2790,.T.);
#1957=EDGE_CURVE('',#2515,#2516,#272,.T.);
#1958=EDGE_CURVE('',#2516,#2385,#273,.T.);
#1959=EDGE_CURVE('',#2384,#2517,#274,.T.);
#1960=EDGE_CURVE('',#2517,#2518,#275,.T.);
#1961=EDGE_CURVE('',#2518,#2515,#276,.T.);
#1962=EDGE_CURVE('',#2519,#2520,#2791,.T.);
#1963=EDGE_CURVE('',#2520,#2521,#2792,.T.);
#1964=EDGE_CURVE('',#2521,#2387,#277,.T.);
#1965=EDGE_CURVE('',#2386,#2522,#278,.T.);
#1966=EDGE_CURVE('',#2522,#2523,#279,.T.);
#1967=EDGE_CURVE('',#2523,#2524,#280,.T.);
#1968=EDGE_CURVE('',#2524,#2519,#176,.T.);
#1969=EDGE_CURVE('',#2378,#2525,#128,.T.);
#1970=EDGE_CURVE('',#2525,#2526,#281,.T.);
#1971=EDGE_CURVE('',#2526,#2377,#129,.F.);
#1972=EDGE_CURVE('',#2527,#2527,#177,.F.);
#1973=EDGE_CURVE('',#2528,#2528,#178,.F.);
#1974=EDGE_CURVE('',#2379,#2529,#130,.T.);
#1975=EDGE_CURVE('',#2529,#2530,#2793,.T.);
#1976=EDGE_CURVE('',#2530,#2380,#282,.T.);
#1977=EDGE_CURVE('',#2381,#2531,#283,.T.);
#1978=EDGE_CURVE('',#2531,#2532,#284,.T.);
#1979=EDGE_CURVE('',#2532,#2533,#285,.T.);
#1980=EDGE_CURVE('',#2533,#2442,#286,.T.);
#1981=EDGE_CURVE('',#2375,#2534,#287,.T.);
#1982=EDGE_CURVE('',#2534,#2535,#288,.T.);
#1983=EDGE_CURVE('',#2535,#2376,#289,.T.);
#1984=EDGE_CURVE('',#2363,#2536,#290,.T.);
#1985=EDGE_CURVE('',#2536,#2537,#291,.T.);
#1986=EDGE_CURVE('',#2537,#2364,#292,.T.);
#1987=EDGE_CURVE('',#2361,#2538,#293,.T.);
#1988=EDGE_CURVE('',#2538,#2539,#2794,.T.);
#1989=EDGE_CURVE('',#2539,#2362,#294,.T.);
#1990=EDGE_CURVE('',#2540,#2540,#439,.F.);
#1991=EDGE_CURVE('',#2541,#2541,#440,.T.);
#1992=EDGE_CURVE('',#2542,#2542,#441,.F.);
#1993=EDGE_CURVE('',#2543,#2543,#442,.T.);
#1994=EDGE_CURVE('',#2544,#2544,#443,.F.);
#1995=EDGE_CURVE('',#2545,#2545,#444,.T.);
#1996=EDGE_CURVE('',#2546,#2546,#445,.F.);
#1997=EDGE_CURVE('',#2547,#2547,#446,.T.);
#1998=EDGE_CURVE('',#2548,#2548,#447,.F.);
#1999=EDGE_CURVE('',#2549,#2549,#448,.T.);
#2000=EDGE_CURVE('',#2550,#2550,#449,.F.);
#2001=EDGE_CURVE('',#2551,#2551,#450,.T.);
#2002=EDGE_CURVE('',#2552,#2552,#451,.F.);
#2003=EDGE_CURVE('',#2553,#2553,#452,.T.);
#2004=EDGE_CURVE('',#2554,#2554,#453,.F.);
#2005=EDGE_CURVE('',#2555,#2555,#454,.T.);
#2006=EDGE_CURVE('',#2476,#2556,#2795,.F.);
#2007=EDGE_CURVE('',#2556,#2557,#2796,.T.);
#2008=EDGE_CURVE('',#2557,#2477,#2797,.F.);
#2009=EDGE_CURVE('',#2558,#2478,#2798,.F.);
#2010=EDGE_CURVE('',#2558,#2479,#295,.T.);
#2011=EDGE_CURVE('',#2559,#2560,#2799,.T.);
#2012=EDGE_CURVE('',#2560,#2494,#2800,.F.);
#2013=EDGE_CURVE('',#2559,#2493,#2801,.T.);
#2014=EDGE_CURVE('',#2561,#2561,#455,.T.);
#2015=EDGE_CURVE('',#2562,#2562,#456,.T.);
#2016=EDGE_CURVE('',#2499,#2559,#179,.F.);
#2017=EDGE_CURVE('',#2557,#2563,#296,.T.);
#2018=EDGE_CURVE('',#2563,#2558,#297,.T.);
#2019=EDGE_CURVE('',#2423,#2340,#298,.T.);
#2020=EDGE_CURVE('',#2339,#2431,#299,.T.);
#2021=EDGE_CURVE('',#2430,#2424,#2802,.F.);
#2022=EDGE_CURVE('',#2470,#2456,#2803,.T.);
#2023=EDGE_CURVE('',#2458,#2468,#2804,.T.);
#2024=EDGE_CURVE('',#2459,#2467,#2805,.T.);
#2025=EDGE_CURVE('',#2460,#2466,#2806,.T.);
#2026=EDGE_CURVE('',#2426,#2436,#2807,.T.);
#2027=EDGE_CURVE('',#2435,#2427,#2808,.T.);
#2028=EDGE_CURVE('',#2428,#2434,#2809,.T.);
#2029=EDGE_CURVE('',#2480,#2515,#300,.T.);
#2030=EDGE_CURVE('',#2564,#2518,#2810,.T.);
#2031=EDGE_CURVE('',#2564,#2481,#2811,.T.);
#2032=EDGE_CURVE('',#2440,#2284,#2812,.T.);
#2033=EDGE_CURVE('',#2564,#2283,#2813,.T.);
#2034=EDGE_CURVE('',#2517,#2441,#301,.T.);
#2035=EDGE_CURVE('',#2565,#2444,#2814,.T.);
#2036=EDGE_CURVE('',#2565,#2495,#2815,.T.);
#2037=EDGE_CURVE('',#2443,#2292,#2816,.T.);
#2038=EDGE_CURVE('',#2565,#2291,#2817,.T.);
#2039=EDGE_CURVE('',#2453,#2473,#2818,.F.);
#2040=EDGE_CURVE('',#2474,#2452,#2819,.T.);
#2041=EDGE_CURVE('',#2451,#2429,#302,.T.);
#2042=EDGE_CURVE('',#2433,#2475,#303,.T.);
#2043=EDGE_CURVE('',#2465,#2461,#2820,.T.);
#2044=EDGE_CURVE('',#2463,#2301,#2821,.T.);
#2045=EDGE_CURVE('',#2300,#2449,#2822,.T.);
#2046=EDGE_CURVE('',#2448,#2464,#2823,.F.);
#2047=EDGE_CURVE('',#2425,#2437,#2824,.F.);
#2048=EDGE_CURVE('',#2457,#2469,#2825,.F.);
#2049=EDGE_CURVE('',#2563,#2566,#304,.T.);
#2050=EDGE_CURVE('',#2558,#2566,#305,.F.);
#2051=EDGE_CURVE('',#2566,#2516,#306,.T.);
#2052=EDGE_CURVE('',#2567,#2568,#2826,.F.);
#2053=EDGE_CURVE('',#2568,#2569,#2827,.T.);
#2054=EDGE_CURVE('',#2569,#2570,#2828,.F.);
#2055=EDGE_CURVE('',#2570,#2571,#2829,.F.);
#2056=EDGE_CURVE('',#2571,#2567,#2830,.T.);
#2057=EDGE_CURVE('',#2572,#2573,#2831,.T.);
#2058=EDGE_CURVE('',#2573,#2574,#2832,.T.);
#2059=EDGE_CURVE('',#2574,#2575,#2833,.F.);
#2060=EDGE_CURVE('',#2575,#2576,#2834,.T.);
#2061=EDGE_CURVE('',#2576,#2572,#2835,.F.);
#2062=EDGE_CURVE('',#2577,#2578,#2836,.T.);
#2063=EDGE_CURVE('',#2578,#2579,#2837,.T.);
#2064=EDGE_CURVE('',#2579,#2580,#2838,.T.);
#2065=EDGE_CURVE('',#2580,#2581,#2839,.T.);
#2066=EDGE_CURVE('',#2582,#2581,#2840,.T.);
#2067=EDGE_CURVE('',#2577,#2582,#2841,.T.);
#2068=EDGE_CURVE('',#2583,#2314,#2842,.T.);
#2069=EDGE_CURVE('',#2583,#2584,#2843,.T.);
#2070=EDGE_CURVE('',#2584,#2315,#2844,.T.);
#2071=EDGE_CURVE('',#2584,#2577,#457,.T.);
#2072=EDGE_CURVE('',#2582,#2316,#2845,.T.);
#2073=EDGE_CURVE('',#2585,#2586,#2846,.T.);
#2074=EDGE_CURVE('',#2586,#2317,#2847,.T.);
#2075=EDGE_CURVE('',#2581,#2585,#458,.T.);
#2076=EDGE_CURVE('',#2587,#2588,#2848,.T.);
#2077=EDGE_CURVE('',#2588,#2586,#2849,.T.);
#2078=EDGE_CURVE('',#2585,#2587,#2850,.F.);
#2079=EDGE_CURVE('',#2313,#2589,#2851,.T.);
#2080=EDGE_CURVE('',#2589,#2583,#459,.F.);
#2081=EDGE_CURVE('',#2590,#2591,#2852,.F.);
#2082=EDGE_CURVE('',#2591,#2592,#2853,.T.);
#2083=EDGE_CURVE('',#2593,#2592,#2854,.T.);
#2084=EDGE_CURVE('',#2593,#2594,#307,.T.);
#2085=EDGE_CURVE('',#2594,#2590,#308,.T.);
#2086=EDGE_CURVE('',#2595,#2596,#2855,.T.);
#2087=EDGE_CURVE('',#2596,#2597,#2856,.T.);
#2088=EDGE_CURVE('',#2597,#2598,#309,.T.);
#2089=EDGE_CURVE('',#2598,#2595,#2857,.T.);
#2090=EDGE_CURVE('',#2599,#2600,#460,.F.);
#2091=EDGE_CURVE('',#2600,#2601,#310,.T.);
#2092=EDGE_CURVE('',#2601,#2602,#311,.T.);
#2093=EDGE_CURVE('',#2603,#2602,#2858,.T.);
#2094=EDGE_CURVE('',#2603,#2599,#2859,.T.);
#2095=EDGE_CURVE('',#2604,#2605,#2860,.T.);
#2096=EDGE_CURVE('',#2605,#2596,#461,.F.);
#2097=EDGE_CURVE('',#2595,#2606,#312,.T.);
#2098=EDGE_CURVE('',#2606,#2604,#462,.T.);
#2099=EDGE_CURVE('',#2607,#2608,#2861,.T.);
#2100=EDGE_CURVE('',#2608,#2605,#2862,.T.);
#2101=EDGE_CURVE('',#2604,#2607,#2863,.T.);
#2102=EDGE_CURVE('',#2330,#2609,#2864,.T.);
#2103=EDGE_CURVE('',#2609,#2610,#2865,.F.);
#2104=EDGE_CURVE('',#2610,#2331,#2866,.T.);
#2105=EDGE_CURVE('',#2610,#2611,#463,.F.);
#2106=EDGE_CURVE('',#2611,#2612,#2867,.T.);
#2107=EDGE_CURVE('',#2612,#2332,#2868,.T.);
#2108=EDGE_CURVE('',#2612,#2599,#464,.F.);
#2109=EDGE_CURVE('',#2603,#2333,#2869,.T.);
#2110=EDGE_CURVE('',#2592,#2334,#2870,.T.);
#2111=EDGE_CURVE('',#2602,#2593,#313,.T.);
#2112=EDGE_CURVE('',#2312,#2573,#2871,.F.);
#2113=EDGE_CURVE('',#2572,#2589,#180,.F.);
#2114=EDGE_CURVE('',#2329,#2608,#2872,.F.);
#2115=EDGE_CURVE('',#2607,#2613,#181,.T.);
#2116=EDGE_CURVE('',#2613,#2609,#182,.T.);
#2117=EDGE_CURVE('',#2614,#2615,#2873,.F.);
#2118=EDGE_CURVE('',#2615,#2616,#314,.T.);
#2119=EDGE_CURVE('',#2616,#2617,#315,.T.);
#2120=EDGE_CURVE('',#2617,#2618,#316,.T.);
#2121=EDGE_CURVE('',#2618,#2619,#2874,.F.);
#2122=EDGE_CURVE('',#2619,#2620,#317,.T.);
#2123=EDGE_CURVE('',#2620,#2614,#2875,.T.);
#2124=EDGE_CURVE('',#2621,#2622,#2876,.F.);
#2125=EDGE_CURVE('',#2622,#2623,#2877,.T.);
#2126=EDGE_CURVE('',#2623,#2624,#2878,.F.);
#2127=EDGE_CURVE('',#2624,#2625,#183,.T.);
#2128=EDGE_CURVE('',#2625,#2621,#2879,.F.);
#2129=EDGE_CURVE('',#2580,#2587,#465,.T.);
#2130=EDGE_CURVE('',#2618,#2626,#318,.T.);
#2131=EDGE_CURVE('',#2626,#2595,#319,.T.);
#2132=EDGE_CURVE('',#2598,#2619,#320,.T.);
#2133=EDGE_CURVE('',#2606,#2627,#321,.T.);
#2134=EDGE_CURVE('',#2627,#2600,#322,.T.);
#2135=EDGE_CURVE('',#2604,#2612,#466,.T.);
#2136=EDGE_CURVE('',#2613,#2611,#184,.F.);
#2137=EDGE_CURVE('',#2614,#2628,#185,.F.);
#2138=EDGE_CURVE('',#2628,#2615,#323,.T.);
#2139=EDGE_CURVE('',#2489,#2560,#186,.T.);
#2140=EDGE_CURVE('',#2490,#2559,#467,.T.);
#2141=EDGE_CURVE('',#2486,#2499,#468,.T.);
#2142=EDGE_CURVE('',#2498,#2487,#469,.F.);
#2143=EDGE_CURVE('',#2575,#2622,#187,.F.);
#2144=EDGE_CURVE('',#2621,#2576,#188,.F.);
#2145=EDGE_CURVE('',#2576,#2578,#189,.T.);
#2146=EDGE_CURVE('',#2623,#2567,#190,.F.);
#2147=EDGE_CURVE('',#2571,#2624,#191,.T.);
#2148=EDGE_CURVE('',#2579,#2629,#192,.T.);
#2149=EDGE_CURVE('',#2629,#2571,#193,.F.);
#2150=EDGE_CURVE('',#2580,#2570,#470,.T.);
#2151=EDGE_CURVE('',#2587,#2570,#471,.T.);
#2152=EDGE_CURVE('',#2569,#2588,#472,.F.);
#2153=EDGE_CURVE('',#2620,#2406,#324,.T.);
#2154=EDGE_CURVE('',#2614,#2405,#473,.T.);
#2155=EDGE_CURVE('',#2594,#2630,#325,.T.);
#2156=EDGE_CURVE('',#2630,#2628,#326,.F.);
#2157=EDGE_CURVE('',#2590,#2404,#474,.F.);
#2158=EDGE_CURVE('',#2403,#2591,#327,.T.);
#2159=EDGE_CURVE('',#2447,#2560,#475,.T.);
#2160=EDGE_CURVE('',#2438,#2489,#476,.T.);
#2161=EDGE_CURVE('',#2488,#2439,#328,.T.);
#2162=EDGE_CURVE('',#2574,#2415,#329,.T.);
#2163=EDGE_CURVE('',#2575,#2414,#477,.T.);
#2164=EDGE_CURVE('',#2622,#2421,#478,.T.);
#2165=EDGE_CURVE('',#2623,#2420,#479,.T.);
#2166=EDGE_CURVE('',#2567,#2419,#480,.T.);
#2167=EDGE_CURVE('',#2418,#2568,#330,.T.);
#2168=EDGE_CURVE('',#2624,#2629,#481,.T.);
#2169=EDGE_CURVE('',#2625,#2579,#482,.T.);
#2170=EDGE_CURVE('',#2621,#2578,#483,.T.);
#2171=EDGE_CURVE('',#2410,#2406,#484,.T.);
#2172=EDGE_CURVE('',#2411,#2620,#485,.T.);
#2173=EDGE_CURVE('',#2412,#2619,#486,.T.);
#2174=EDGE_CURVE('',#2413,#2598,#487,.T.);
#2175=EDGE_CURVE('',#2597,#2631,#331,.F.);
#2176=EDGE_CURVE('',#2407,#2631,#488,.T.);
#2177=EDGE_CURVE('',#2631,#2632,#489,.T.);
#2178=EDGE_CURVE('',#2407,#2632,#490,.T.);
#2179=EDGE_CURVE('',#2632,#2408,#332,.F.);
#2180=EDGE_CURVE('',#2522,#2516,#491,.T.);
#2181=EDGE_CURVE('',#2523,#2566,#333,.F.);
#2182=EDGE_CURVE('',#2524,#2563,#492,.T.);
#2183=EDGE_CURVE('',#2519,#2557,#493,.T.);
#2184=EDGE_CURVE('',#2556,#2520,#334,.T.);
#2185=EDGE_CURVE('',#2530,#2531,#335,.F.);
#2186=EDGE_CURVE('',#2526,#2529,#336,.T.);
#2187=EDGE_CURVE('',#2450,#2525,#337,.T.);
#2188=EDGE_CURVE('',#2521,#2422,#338,.F.);
#2189=EDGE_CURVE('',#2416,#2534,#339,.F.);
#2190=EDGE_CURVE('',#2535,#2538,#340,.F.);
#2191=EDGE_CURVE('',#2539,#2536,#341,.F.);
#2192=EDGE_CURVE('',#2537,#2462,#342,.F.);
#2193=EDGE_CURVE('',#2432,#2402,#343,.F.);
#2194=EDGE_CURVE('',#2409,#2417,#344,.F.);
#2195=EDGE_CURVE('',#2601,#2633,#345,.T.);
#2196=EDGE_CURVE('',#2633,#2630,#346,.T.);
#2197=EDGE_CURVE('',#2606,#2626,#347,.F.);
#2198=EDGE_CURVE('',#2627,#2618,#348,.F.);
#2199=EDGE_CURVE('',#2600,#2617,#349,.T.);
#2200=EDGE_CURVE('',#2601,#2616,#350,.F.);
#2201=EDGE_CURVE('',#2633,#2615,#351,.F.);
#2202=EDGE_CURVE('',#2502,#2634,#2880,.T.);
#2203=EDGE_CURVE('',#2634,#2635,#2881,.T.);
#2204=EDGE_CURVE('',#2345,#2635,#2882,.T.);
#2205=EDGE_CURVE('',#2636,#2637,#2883,.T.);
#2206=EDGE_CURVE('',#2637,#2277,#2884,.T.);
#2207=EDGE_CURVE('',#2346,#2636,#2885,.T.);
#2208=EDGE_CURVE('',#2635,#2636,#2886,.T.);
#2209=EDGE_CURVE('',#2634,#2393,#2887,.F.);
#2210=EDGE_CURVE('',#2392,#2637,#2888,.T.);
#2211=EDGE_CURVE('',#2638,#2638,#494,.T.);
#2212=EDGE_CURVE('',#2639,#2639,#495,.T.);
#2213=EDGE_CURVE('',#2640,#2640,#496,.T.);
#2214=EDGE_CURVE('',#2641,#2641,#497,.T.);
#2215=EDGE_CURVE('',#2642,#2642,#498,.T.);
#2216=EDGE_CURVE('',#2643,#2643,#499,.T.);
#2217=EDGE_CURVE('',#2644,#2644,#500,.T.);
#2218=EDGE_CURVE('',#2645,#2645,#501,.T.);
#2219=EDGE_CURVE('',#2646,#2646,#502,.T.);
#2220=EDGE_CURVE('',#2647,#2647,#503,.T.);
#2221=EDGE_CURVE('',#2648,#2648,#504,.T.);
#2222=EDGE_CURVE('',#2649,#2649,#505,.T.);
#2223=EDGE_CURVE('',#2650,#2650,#506,.T.);
#2224=EDGE_CURVE('',#2651,#2651,#507,.T.);
#2225=EDGE_CURVE('',#2652,#2652,#508,.T.);
#2226=EDGE_CURVE('',#2653,#2653,#509,.T.);
#2227=EDGE_CURVE('',#2654,#2654,#510,.T.);
#2228=EDGE_CURVE('',#2655,#2655,#511,.T.);
#2229=EDGE_CURVE('',#2656,#2656,#512,.T.);
#2230=EDGE_CURVE('',#2657,#2657,#513,.T.);
#2231=EDGE_CURVE('',#2341,#2422,#352,.F.);
#2232=EDGE_CURVE('',#2342,#2521,#353,.T.);
#2233=EDGE_CURVE('',#2279,#2520,#354,.F.);
#2234=EDGE_CURVE('',#2280,#2556,#355,.T.);
#2235=EDGE_CURVE('',#2302,#2462,#356,.F.);
#2236=EDGE_CURVE('',#2303,#2537,#357,.F.);
#2237=EDGE_CURVE('',#2304,#2536,#358,.F.);
#2238=EDGE_CURVE('',#2305,#2539,#359,.T.);
#2239=EDGE_CURVE('',#2306,#2538,#360,.F.);
#2240=EDGE_CURVE('',#2307,#2535,#361,.F.);
#2241=EDGE_CURVE('',#2308,#2534,#362,.F.);
#2242=EDGE_CURVE('',#2309,#2416,#363,.T.);
#2243=EDGE_CURVE('',#2310,#2415,#364,.F.);
#2244=EDGE_CURVE('',#2311,#2574,#365,.T.);
#2245=EDGE_CURVE('',#2335,#2591,#366,.F.);
#2246=EDGE_CURVE('',#2336,#2403,#367,.T.);
#2247=EDGE_CURVE('',#2337,#2402,#368,.F.);
#2248=EDGE_CURVE('',#2338,#2432,#369,.F.);
#2249=EDGE_CURVE('',#2285,#2439,#370,.F.);
#2250=EDGE_CURVE('',#2286,#2488,#371,.T.);
#2251=EDGE_CURVE('',#2287,#2487,#2889,.T.);
#2252=EDGE_CURVE('',#2288,#2498,#2890,.T.);
#2253=EDGE_CURVE('',#2605,#2328,#2891,.T.);
#2254=EDGE_CURVE('',#2596,#2327,#2892,.T.);
#2255=EDGE_CURVE('',#2597,#2326,#372,.F.);
#2256=EDGE_CURVE('',#2631,#2325,#373,.F.);
#2257=EDGE_CURVE('',#2632,#2325,#374,.F.);
#2258=EDGE_CURVE('',#2408,#2324,#375,.F.);
#2259=EDGE_CURVE('',#2409,#2323,#376,.F.);
#2260=EDGE_CURVE('',#2417,#2322,#377,.T.);
#2261=EDGE_CURVE('',#2418,#2321,#378,.F.);
#2262=EDGE_CURVE('',#2568,#2320,#379,.T.);
#2263=EDGE_CURVE('',#2569,#2319,#2893,.T.);
#2264=EDGE_CURVE('',#2588,#2318,#2894,.T.);
#2265=EDGE_CURVE('',#2293,#2533,#380,.F.);
#2266=EDGE_CURVE('',#2294,#2531,#381,.F.);
#2267=EDGE_CURVE('',#2295,#2530,#382,.T.);
#2268=EDGE_CURVE('',#2296,#2529,#383,.F.);
#2269=EDGE_CURVE('',#2297,#2526,#384,.F.);
#2270=EDGE_CURVE('',#2298,#2525,#385,.F.);
#2271=EDGE_CURVE('',#2299,#2450,#386,.T.);
#2272=VERTEX_POINT('',#5428);
#2273=VERTEX_POINT('',#5429);
#2274=VERTEX_POINT('',#5431);
#2275=VERTEX_POINT('',#5433);
#2276=VERTEX_POINT('',#5435);
#2277=VERTEX_POINT('',#5437);
#2278=VERTEX_POINT('',#5439);
#2279=VERTEX_POINT('',#5449);
#2280=VERTEX_POINT('',#5450);
#2281=VERTEX_POINT('',#5452);
#2282=VERTEX_POINT('',#5454);
#2283=VERTEX_POINT('',#5456);
#2284=VERTEX_POINT('',#5458);
#2285=VERTEX_POINT('',#5460);
#2286=VERTEX_POINT('',#5466);
#2287=VERTEX_POINT('',#5468);
#2288=VERTEX_POINT('',#5470);
#2289=VERTEX_POINT('',#5472);
#2290=VERTEX_POINT('',#5474);
#2291=VERTEX_POINT('',#5476);
#2292=VERTEX_POINT('',#5478);
#2293=VERTEX_POINT('',#5480);
#2294=VERTEX_POINT('',#5488);
#2295=VERTEX_POINT('',#5493);
#2296=VERTEX_POINT('',#5495);
#2297=VERTEX_POINT('',#5500);
#2298=VERTEX_POINT('',#5506);
#2299=VERTEX_POINT('',#5511);
#2300=VERTEX_POINT('',#5513);
#2301=VERTEX_POINT('',#5515);
#2302=VERTEX_POINT('',#5517);
#2303=VERTEX_POINT('',#5522);
#2304=VERTEX_POINT('',#5528);
#2305=VERTEX_POINT('',#5533);
#2306=VERTEX_POINT('',#5535);
#2307=VERTEX_POINT('',#5540);
#2308=VERTEX_POINT('',#5546);
#2309=VERTEX_POINT('',#5551);
#2310=VERTEX_POINT('',#5553);
#2311=VERTEX_POINT('',#5564);
#2312=VERTEX_POINT('',#5566);
#2313=VERTEX_POINT('',#5568);
#2314=VERTEX_POINT('',#5570);
#2315=VERTEX_POINT('',#5572);
#2316=VERTEX_POINT('',#5574);
#2317=VERTEX_POINT('',#5576);
#2318=VERTEX_POINT('',#5578);
#2319=VERTEX_POINT('',#5580);
#2320=VERTEX_POINT('',#5582);
#2321=VERTEX_POINT('',#5588);
#2322=VERTEX_POINT('',#5590);
#2323=VERTEX_POINT('',#5595);
#2324=VERTEX_POINT('',#5601);
#2325=VERTEX_POINT('',#5606);
#2326=VERTEX_POINT('',#5613);
#2327=VERTEX_POINT('',#5615);
#2328=VERTEX_POINT('',#5617);
#2329=VERTEX_POINT('',#5619);
#2330=VERTEX_POINT('',#5621);
#2331=VERTEX_POINT('',#5623);
#2332=VERTEX_POINT('',#5625);
#2333=VERTEX_POINT('',#5627);
#2334=VERTEX_POINT('',#5629);
#2335=VERTEX_POINT('',#5631);
#2336=VERTEX_POINT('',#5637);
#2337=VERTEX_POINT('',#5639);
#2338=VERTEX_POINT('',#5644);
#2339=VERTEX_POINT('',#5649);
#2340=VERTEX_POINT('',#5651);
#2341=VERTEX_POINT('',#5657);
#2342=VERTEX_POINT('',#5662);
#2343=VERTEX_POINT('',#5665);
#2344=VERTEX_POINT('',#5666);
#2345=VERTEX_POINT('',#5668);
#2346=VERTEX_POINT('',#5670);
#2347=VERTEX_POINT('',#5673);
#2348=VERTEX_POINT('',#5675);
#2349=VERTEX_POINT('',#5677);
#2350=VERTEX_POINT('',#5679);
#2351=VERTEX_POINT('',#5681);
#2352=VERTEX_POINT('',#5683);
#2353=VERTEX_POINT('',#5687);
#2354=VERTEX_POINT('',#5689);
#2355=VERTEX_POINT('',#5691);
#2356=VERTEX_POINT('',#5693);
#2357=VERTEX_POINT('',#5695);
#2358=VERTEX_POINT('',#5697);
#2359=VERTEX_POINT('',#5699);
#2360=VERTEX_POINT('',#5701);
#2361=VERTEX_POINT('',#5703);
#2362=VERTEX_POINT('',#5704);
#2363=VERTEX_POINT('',#5709);
#2364=VERTEX_POINT('',#5711);
#2365=VERTEX_POINT('',#5716);
#2366=VERTEX_POINT('',#5718);
#2367=VERTEX_POINT('',#5723);
#2368=VERTEX_POINT('',#5725);
#2369=VERTEX_POINT('',#5730);
#2370=VERTEX_POINT('',#5732);
#2371=VERTEX_POINT('',#5737);
#2372=VERTEX_POINT('',#5739);
#2373=VERTEX_POINT('',#5744);
#2374=VERTEX_POINT('',#5746);
#2375=VERTEX_POINT('',#5751);
#2376=VERTEX_POINT('',#5753);
#2377=VERTEX_POINT('',#5759);
#2378=VERTEX_POINT('',#5760);
#2379=VERTEX_POINT('',#5765);
#2380=VERTEX_POINT('',#5767);
#2381=VERTEX_POINT('',#5772);
#2382=VERTEX_POINT('',#5774);
#2383=VERTEX_POINT('',#5776);
#2384=VERTEX_POINT('',#5781);
#2385=VERTEX_POINT('',#5783);
#2386=VERTEX_POINT('',#5788);
#2387=VERTEX_POINT('',#5790);
#2388=VERTEX_POINT('',#5795);
#2389=VERTEX_POINT('',#5797);
#2390=VERTEX_POINT('',#5802);
#2391=VERTEX_POINT('',#5804);
#2392=VERTEX_POINT('',#5810);
#2393=VERTEX_POINT('',#5812);
#2394=VERTEX_POINT('',#5814);
#2395=VERTEX_POINT('',#5816);
#2396=VERTEX_POINT('',#5818);
#2397=VERTEX_POINT('',#5820);
#2398=VERTEX_POINT('',#5822);
#2399=VERTEX_POINT('',#5824);
#2400=VERTEX_POINT('',#5826);
#2401=VERTEX_POINT('',#5828);
#2402=VERTEX_POINT('',#5837);
#2403=VERTEX_POINT('',#5839);
#2404=VERTEX_POINT('',#5841);
#2405=VERTEX_POINT('',#5843);
#2406=VERTEX_POINT('',#5845);
#2407=VERTEX_POINT('',#5874);
#2408=VERTEX_POINT('',#5875);
#2409=VERTEX_POINT('',#5881);
#2410=VERTEX_POINT('',#5899);
#2411=VERTEX_POINT('',#5908);
#2412=VERTEX_POINT('',#5913);
#2413=VERTEX_POINT('',#5919);
#2414=VERTEX_POINT('',#5929);
#2415=VERTEX_POINT('',#5930);
#2416=VERTEX_POINT('',#5932);
#2417=VERTEX_POINT('',#5945);
#2418=VERTEX_POINT('',#5947);
#2419=VERTEX_POINT('',#5949);
#2420=VERTEX_POINT('',#5951);
#2421=VERTEX_POINT('',#5953);
#2422=VERTEX_POINT('',#5987);
#2423=VERTEX_POINT('',#5992);
#2424=VERTEX_POINT('',#5999);
#2425=VERTEX_POINT('',#6007);
#2426=VERTEX_POINT('',#6012);
#2427=VERTEX_POINT('',#6017);
#2428=VERTEX_POINT('',#6022);
#2429=VERTEX_POINT('',#6029);
#2430=VERTEX_POINT('',#6060);
#2431=VERTEX_POINT('',#6061);
#2432=VERTEX_POINT('',#6066);
#2433=VERTEX_POINT('',#6083);
#2434=VERTEX_POINT('',#6089);
#2435=VERTEX_POINT('',#6094);
#2436=VERTEX_POINT('',#6099);
#2437=VERTEX_POINT('',#6104);
#2438=VERTEX_POINT('',#6114);
#2439=VERTEX_POINT('',#6115);
#2440=VERTEX_POINT('',#6117);
#2441=VERTEX_POINT('',#6119);
#2442=VERTEX_POINT('',#6126);
#2443=VERTEX_POINT('',#6128);
#2444=VERTEX_POINT('',#6130);
#2445=VERTEX_POINT('',#6132);
#2446=VERTEX_POINT('',#6134);
#2447=VERTEX_POINT('',#6136);
#2448=VERTEX_POINT('',#6140);
#2449=VERTEX_POINT('',#6141);
#2450=VERTEX_POINT('',#6143);
#2451=VERTEX_POINT('',#6170);
#2452=VERTEX_POINT('',#6172);
#2453=VERTEX_POINT('',#6174);
#2454=VERTEX_POINT('',#6176);
#2455=VERTEX_POINT('',#6178);
#2456=VERTEX_POINT('',#6180);
#2457=VERTEX_POINT('',#6182);
#2458=VERTEX_POINT('',#6184);
#2459=VERTEX_POINT('',#6186);
#2460=VERTEX_POINT('',#6188);
#2461=VERTEX_POINT('',#6190);
#2462=VERTEX_POINT('',#6199);
#2463=VERTEX_POINT('',#6201);
#2464=VERTEX_POINT('',#6203);
#2465=VERTEX_POINT('',#6205);
#2466=VERTEX_POINT('',#6207);
#2467=VERTEX_POINT('',#6209);
#2468=VERTEX_POINT('',#6211);
#2469=VERTEX_POINT('',#6213);
#2470=VERTEX_POINT('',#6215);
#2471=VERTEX_POINT('',#6217);
#2472=VERTEX_POINT('',#6219);
#2473=VERTEX_POINT('',#6221);
#2474=VERTEX_POINT('',#6223);
#2475=VERTEX_POINT('',#6225);
#2476=VERTEX_POINT('',#6232);
#2477=VERTEX_POINT('',#6234);
#2478=VERTEX_POINT('',#6236);
#2479=VERTEX_POINT('',#6238);
#2480=VERTEX_POINT('',#6248);
#2481=VERTEX_POINT('',#6250);
#2482=VERTEX_POINT('',#6253);
#2483=VERTEX_POINT('',#6255);
#2484=VERTEX_POINT('',#6258);
#2485=VERTEX_POINT('',#6260);
#2486=VERTEX_POINT('',#6262);
#2487=VERTEX_POINT('',#6263);
#2488=VERTEX_POINT('',#6265);
#2489=VERTEX_POINT('',#6267);
#2490=VERTEX_POINT('',#6269);
#2491=VERTEX_POINT('',#6273);
#2492=VERTEX_POINT('',#6275);
#2493=VERTEX_POINT('',#6277);
#2494=VERTEX_POINT('',#6279);
#2495=VERTEX_POINT('',#6282);
#2496=VERTEX_POINT('',#6285);
#2497=VERTEX_POINT('',#6287);
#2498=VERTEX_POINT('',#6290);
#2499=VERTEX_POINT('',#6292);
#2500=VERTEX_POINT('',#6296);
#2501=VERTEX_POINT('',#6302);
#2502=VERTEX_POINT('',#6308);
#2503=VERTEX_POINT('',#6319);
#2504=VERTEX_POINT('',#6321);
#2505=VERTEX_POINT('',#6323);
#2506=VERTEX_POINT('',#6325);
#2507=VERTEX_POINT('',#6327);
#2508=VERTEX_POINT('',#6331);
#2509=VERTEX_POINT('',#6337);
#2510=VERTEX_POINT('',#6341);
#2511=VERTEX_POINT('',#6343);
#2512=VERTEX_POINT('',#6355);
#2513=VERTEX_POINT('',#6357);
#2514=VERTEX_POINT('',#6359);
#2515=VERTEX_POINT('',#6390);
#2516=VERTEX_POINT('',#6391);
#2517=VERTEX_POINT('',#6400);
#2518=VERTEX_POINT('',#6407);
#2519=VERTEX_POINT('',#6414);
#2520=VERTEX_POINT('',#6415);
#2521=VERTEX_POINT('',#6417);
#2522=VERTEX_POINT('',#6428);
#2523=VERTEX_POINT('',#6439);
#2524=VERTEX_POINT('',#6444);
#2525=VERTEX_POINT('',#6488);
#2526=VERTEX_POINT('',#6496);
#2527=VERTEX_POINT('',#6533);
#2528=VERTEX_POINT('',#6535);
#2529=VERTEX_POINT('',#6570);
#2530=VERTEX_POINT('',#6572);
#2531=VERTEX_POINT('',#6623);
#2532=VERTEX_POINT('',#6641);
#2533=VERTEX_POINT('',#6658);
#2534=VERTEX_POINT('',#6696);
#2535=VERTEX_POINT('',#6703);
#2536=VERTEX_POINT('',#6749);
#2537=VERTEX_POINT('',#6757);
#2538=VERTEX_POINT('',#6778);
#2539=VERTEX_POINT('',#6780);
#2540=VERTEX_POINT('',#6789);
#2541=VERTEX_POINT('',#6791);
#2542=VERTEX_POINT('',#6795);
#2543=VERTEX_POINT('',#6797);
#2544=VERTEX_POINT('',#6801);
#2545=VERTEX_POINT('',#6803);
#2546=VERTEX_POINT('',#6807);
#2547=VERTEX_POINT('',#6809);
#2548=VERTEX_POINT('',#6813);
#2549=VERTEX_POINT('',#6815);
#2550=VERTEX_POINT('',#6819);
#2551=VERTEX_POINT('',#6821);
#2552=VERTEX_POINT('',#6825);
#2553=VERTEX_POINT('',#6827);
#2554=VERTEX_POINT('',#6831);
#2555=VERTEX_POINT('',#6833);
#2556=VERTEX_POINT('',#6837);
#2557=VERTEX_POINT('',#6839);
#2558=VERTEX_POINT('',#6843);
#2559=VERTEX_POINT('',#6853);
#2560=VERTEX_POINT('',#6854);
#2561=VERTEX_POINT('',#6861);
#2562=VERTEX_POINT('',#6865);
#2563=VERTEX_POINT('',#6875);
#2564=VERTEX_POINT('',#6910);
#2565=VERTEX_POINT('',#6922);
#2566=VERTEX_POINT('',#6973);
#2567=VERTEX_POINT('',#7041);
#2568=VERTEX_POINT('',#7042);
#2569=VERTEX_POINT('',#7044);
#2570=VERTEX_POINT('',#7046);
#2571=VERTEX_POINT('',#7048);
#2572=VERTEX_POINT('',#7052);
#2573=VERTEX_POINT('',#7053);
#2574=VERTEX_POINT('',#7055);
#2575=VERTEX_POINT('',#7057);
#2576=VERTEX_POINT('',#7059);
#2577=VERTEX_POINT('',#7063);
#2578=VERTEX_POINT('',#7064);
#2579=VERTEX_POINT('',#7066);
#2580=VERTEX_POINT('',#7068);
#2581=VERTEX_POINT('',#7070);
#2582=VERTEX_POINT('',#7072);
#2583=VERTEX_POINT('',#7076);
#2584=VERTEX_POINT('',#7078);
#2585=VERTEX_POINT('',#7085);
#2586=VERTEX_POINT('',#7086);
#2587=VERTEX_POINT('',#7091);
#2588=VERTEX_POINT('',#7092);
#2589=VERTEX_POINT('',#7097);
#2590=VERTEX_POINT('',#7101);
#2591=VERTEX_POINT('',#7102);
#2592=VERTEX_POINT('',#7104);
#2593=VERTEX_POINT('',#7106);
#2594=VERTEX_POINT('',#7111);
#2595=VERTEX_POINT('',#7118);
#2596=VERTEX_POINT('',#7119);
#2597=VERTEX_POINT('',#7121);
#2598=VERTEX_POINT('',#7128);
#2599=VERTEX_POINT('',#7132);
#2600=VERTEX_POINT('',#7133);
#2601=VERTEX_POINT('',#7138);
#2602=VERTEX_POINT('',#7143);
#2603=VERTEX_POINT('',#7145);
#2604=VERTEX_POINT('',#7149);
#2605=VERTEX_POINT('',#7150);
#2606=VERTEX_POINT('',#7156);
#2607=VERTEX_POINT('',#7160);
#2608=VERTEX_POINT('',#7161);
#2609=VERTEX_POINT('',#7166);
#2610=VERTEX_POINT('',#7168);
#2611=VERTEX_POINT('',#7172);
#2612=VERTEX_POINT('',#7174);
#2613=VERTEX_POINT('',#7199);
#2614=VERTEX_POINT('',#7203);
#2615=VERTEX_POINT('',#7204);
#2616=VERTEX_POINT('',#7209);
#2617=VERTEX_POINT('',#7214);
#2618=VERTEX_POINT('',#7219);
#2619=VERTEX_POINT('',#7221);
#2620=VERTEX_POINT('',#7226);
#2621=VERTEX_POINT('',#7230);
#2622=VERTEX_POINT('',#7231);
#2623=VERTEX_POINT('',#7233);
#2624=VERTEX_POINT('',#7235);
#2625=VERTEX_POINT('',#7237);
#2626=VERTEX_POINT('',#7256);
#2627=VERTEX_POINT('',#7282);
#2628=VERTEX_POINT('',#7293);
#2629=VERTEX_POINT('',#7333);
#2630=VERTEX_POINT('',#7374);
#2631=VERTEX_POINT('',#7672);
#2632=VERTEX_POINT('',#7676);
#2633=VERTEX_POINT('',#8272);
#2634=VERTEX_POINT('',#9233);
#2635=VERTEX_POINT('',#9235);
#2636=VERTEX_POINT('',#9239);
#2637=VERTEX_POINT('',#9240);
#2638=VERTEX_POINT('',#9260);
#2639=VERTEX_POINT('',#9262);
#2640=VERTEX_POINT('',#9266);
#2641=VERTEX_POINT('',#9268);
#2642=VERTEX_POINT('',#9272);
#2643=VERTEX_POINT('',#9274);
#2644=VERTEX_POINT('',#9278);
#2645=VERTEX_POINT('',#9280);
#2646=VERTEX_POINT('',#9284);
#2647=VERTEX_POINT('',#9286);
#2648=VERTEX_POINT('',#9290);
#2649=VERTEX_POINT('',#9292);
#2650=VERTEX_POINT('',#9296);
#2651=VERTEX_POINT('',#9298);
#2652=VERTEX_POINT('',#9302);
#2653=VERTEX_POINT('',#9304);
#2654=VERTEX_POINT('',#9308);
#2655=VERTEX_POINT('',#9310);
#2656=VERTEX_POINT('',#9314);
#2657=VERTEX_POINT('',#9316);
#2658=LINE('',#5427,#2895);
#2659=LINE('',#5432,#2896);
#2660=LINE('',#5434,#2897);
#2661=LINE('',#5436,#2898);
#2662=LINE('',#5438,#2899);
#2663=LINE('',#5440,#2900);
#2664=LINE('',#5451,#2901);
#2665=LINE('',#5453,#2902);
#2666=LINE('',#5455,#2903);
#2667=LINE('',#5457,#2904);
#2668=LINE('',#5459,#2905);
#2669=LINE('',#5467,#2906);
#2670=LINE('',#5471,#2907);
#2671=LINE('',#5473,#2908);
#2672=LINE('',#5475,#2909);
#2673=LINE('',#5477,#2910);
#2674=LINE('',#5479,#2911);
#2675=LINE('',#5494,#2912);
#2676=LINE('',#5512,#2913);
#2677=LINE('',#5514,#2914);
#2678=LINE('',#5516,#2915);
#2679=LINE('',#5534,#2916);
#2680=LINE('',#5552,#2917);
#2681=LINE('',#5565,#2918);
#2682=LINE('',#5567,#2919);
#2683=LINE('',#5569,#2920);
#2684=LINE('',#5571,#2921);
#2685=LINE('',#5573,#2922);
#2686=LINE('',#5575,#2923);
#2687=LINE('',#5577,#2924);
#2688=LINE('',#5581,#2925);
#2689=LINE('',#5589,#2926);
#2690=LINE('',#5614,#2927);
#2691=LINE('',#5618,#2928);
#2692=LINE('',#5620,#2929);
#2693=LINE('',#5622,#2930);
#2694=LINE('',#5624,#2931);
#2695=LINE('',#5626,#2932);
#2696=LINE('',#5628,#2933);
#2697=LINE('',#5630,#2934);
#2698=LINE('',#5638,#2935);
#2699=LINE('',#5650,#2936);
#2700=LINE('',#5663,#2937);
#2701=LINE('',#5664,#2938);
#2702=LINE('',#5667,#2939);
#2703=LINE('',#5669,#2940);
#2704=LINE('',#5671,#2941);
#2705=LINE('',#5674,#2942);
#2706=LINE('',#5678,#2943);
#2707=LINE('',#5682,#2944);
#2708=LINE('',#5702,#2945);
#2709=LINE('',#5717,#2946);
#2710=LINE('',#5731,#2947);
#2711=LINE('',#5745,#2948);
#2712=LINE('',#5766,#2949);
#2713=LINE('',#5775,#2950);
#2714=LINE('',#5789,#2951);
#2715=LINE('',#5803,#2952);
#2716=LINE('',#5809,#2953);
#2717=LINE('',#5811,#2954);
#2718=LINE('',#5813,#2955);
#2719=LINE('',#5815,#2956);
#2720=LINE('',#5819,#2957);
#2721=LINE('',#5823,#2958);
#2722=LINE('',#5827,#2959);
#2723=LINE('',#5838,#2960);
#2724=LINE('',#5840,#2961);
#2725=LINE('',#5844,#2962);
#2726=LINE('',#5928,#2963);
#2727=LINE('',#5931,#2964);
#2728=LINE('',#5946,#2965);
#2729=LINE('',#5948,#2966);
#2730=LINE('',#5952,#2967);
#2731=LINE('',#6113,#2968);
#2732=LINE('',#6116,#2969);
#2733=LINE('',#6118,#2970);
#2734=LINE('',#6125,#2971);
#2735=LINE('',#6127,#2972);
#2736=LINE('',#6129,#2973);
#2737=LINE('',#6131,#2974);
#2738=LINE('',#6133,#2975);
#2739=LINE('',#6135,#2976);
#2740=LINE('',#6139,#2977);
#2741=LINE('',#6142,#2978);
#2742=LINE('',#6171,#2979);
#2743=LINE('',#6175,#2980);
#2744=LINE('',#6177,#2981);
#2745=LINE('',#6179,#2982);
#2746=LINE('',#6183,#2983);
#2747=LINE('',#6185,#2984);
#2748=LINE('',#6187,#2985);
#2749=LINE('',#6189,#2986);
#2750=LINE('',#6200,#2987);
#2751=LINE('',#6202,#2988);
#2752=LINE('',#6206,#2989);
#2753=LINE('',#6208,#2990);
#2754=LINE('',#6210,#2991);
#2755=LINE('',#6212,#2992);
#2756=LINE('',#6216,#2993);
#2757=LINE('',#6218,#2994);
#2758=LINE('',#6220,#2995);
#2759=LINE('',#6224,#2996);
#2760=LINE('',#6231,#2997);
#2761=LINE('',#6233,#2998);
#2762=LINE('',#6237,#2999);
#2763=LINE('',#6249,#3000);
#2764=LINE('',#6251,#3001);
#2765=LINE('',#6261,#3002);
#2766=LINE('',#6264,#3003);
#2767=LINE('',#6266,#3004);
#2768=LINE('',#6268,#3005);
#2769=LINE('',#6272,#3006);
#2770=LINE('',#6274,#3007);
#2771=LINE('',#6278,#3008);
#2772=LINE('',#6281,#3009);
#2773=LINE('',#6283,#3010);
#2774=LINE('',#6289,#3011);
#2775=LINE('',#6291,#3012);
#2776=LINE('',#6293,#3013);
#2777=LINE('',#6295,#3014);
#2778=LINE('',#6303,#3015);
#2779=LINE('',#6304,#3016);
#2780=LINE('',#6307,#3017);
#2781=LINE('',#6309,#3018);
#2782=LINE('',#6316,#3019);
#2783=LINE('',#6328,#3020);
#2784=LINE('',#6330,#3021);
#2785=LINE('',#6338,#3022);
#2786=LINE('',#6340,#3023);
#2787=LINE('',#6344,#3024);
#2788=LINE('',#6352,#3025);
#2789=LINE('',#6361,#3026);
#2790=LINE('',#6362,#3027);
#2791=LINE('',#6413,#3028);
#2792=LINE('',#6416,#3029);
#2793=LINE('',#6571,#3030);
#2794=LINE('',#6779,#3031);
#2795=LINE('',#6836,#3032);
#2796=LINE('',#6838,#3033);
#2797=LINE('',#6840,#3034);
#2798=LINE('',#6842,#3035);
#2799=LINE('',#6852,#3036);
#2800=LINE('',#6855,#3037);
#2801=LINE('',#6856,#3038);
#2802=LINE('',#6891,#3039);
#2803=LINE('',#6893,#3040);
#2804=LINE('',#6895,#3041);
#2805=LINE('',#6896,#3042);
#2806=LINE('',#6898,#3043);
#2807=LINE('',#6900,#3044);
#2808=LINE('',#6901,#3045);
#2809=LINE('',#6903,#3046);
#2810=LINE('',#6909,#3047);
#2811=LINE('',#6911,#3048);
#2812=LINE('',#6913,#3049);
#2813=LINE('',#6914,#3050);
#2814=LINE('',#6921,#3051);
#2815=LINE('',#6923,#3052);
#2816=LINE('',#6925,#3053);
#2817=LINE('',#6926,#3054);
#2818=LINE('',#6929,#3055);
#2819=LINE('',#6931,#3056);
#2820=LINE('',#6941,#3057);
#2821=LINE('',#6943,#3058);
#2822=LINE('',#6944,#3059);
#2823=LINE('',#6945,#3060);
#2824=LINE('',#6947,#3061);
#2825=LINE('',#6949,#3062);
#2826=LINE('',#7040,#3063);
#2827=LINE('',#7043,#3064);
#2828=LINE('',#7045,#3065);
#2829=LINE('',#7047,#3066);
#2830=LINE('',#7049,#3067);
#2831=LINE('',#7051,#3068);
#2832=LINE('',#7054,#3069);
#2833=LINE('',#7056,#3070);
#2834=LINE('',#7058,#3071);
#2835=LINE('',#7060,#3072);
#2836=LINE('',#7062,#3073);
#2837=LINE('',#7065,#3074);
#2838=LINE('',#7067,#3075);
#2839=LINE('',#7069,#3076);
#2840=LINE('',#7071,#3077);
#2841=LINE('',#7073,#3078);
#2842=LINE('',#7075,#3079);
#2843=LINE('',#7077,#3080);
#2844=LINE('',#7079,#3081);
#2845=LINE('',#7082,#3082);
#2846=LINE('',#7084,#3083);
#2847=LINE('',#7087,#3084);
#2848=LINE('',#7090,#3085);
#2849=LINE('',#7093,#3086);
#2850=LINE('',#7094,#3087);
#2851=LINE('',#7096,#3088);
#2852=LINE('',#7100,#3089);
#2853=LINE('',#7103,#3090);
#2854=LINE('',#7105,#3091);
#2855=LINE('',#7117,#3092);
#2856=LINE('',#7120,#3093);
#2857=LINE('',#7129,#3094);
#2858=LINE('',#7144,#3095);
#2859=LINE('',#7146,#3096);
#2860=LINE('',#7148,#3097);
#2861=LINE('',#7159,#3098);
#2862=LINE('',#7162,#3099);
#2863=LINE('',#7163,#3100);
#2864=LINE('',#7165,#3101);
#2865=LINE('',#7167,#3102);
#2866=LINE('',#7169,#3103);
#2867=LINE('',#7173,#3104);
#2868=LINE('',#7175,#3105);
#2869=LINE('',#7178,#3106);
#2870=LINE('',#7180,#3107);
#2871=LINE('',#7194,#3108);
#2872=LINE('',#7197,#3109);
#2873=LINE('',#7202,#3110);
#2874=LINE('',#7220,#3111);
#2875=LINE('',#7227,#3112);
#2876=LINE('',#7229,#3113);
#2877=LINE('',#7232,#3114);
#2878=LINE('',#7234,#3115);
#2879=LINE('',#7238,#3116);
#2880=LINE('',#9232,#3117);
#2881=LINE('',#9234,#3118);
#2882=LINE('',#9236,#3119);
#2883=LINE('',#9238,#3120);
#2884=LINE('',#9241,#3121);
#2885=LINE('',#9242,#3122);
#2886=LINE('',#9244,#3123);
#2887=LINE('',#9246,#3124);
#2888=LINE('',#9247,#3125);
#2889=LINE('',#9550,#3126);
#2890=LINE('',#9552,#3127);
#2891=LINE('',#9555,#3128);
#2892=LINE('',#9557,#3129);
#2893=LINE('',#9650,#3130);
#2894=LINE('',#9652,#3131);
#2895=VECTOR('',#4510,1.);
#2896=VECTOR('',#4513,1.);
#2897=VECTOR('',#4514,1.);
#2898=VECTOR('',#4515,1.);
#2899=VECTOR('',#4516,1.);
#2900=VECTOR('',#4517,1.);
#2901=VECTOR('',#4520,1.);
#2902=VECTOR('',#4521,1.);
#2903=VECTOR('',#4522,1.);
#2904=VECTOR('',#4523,1.);
#2905=VECTOR('',#4524,1.);
#2906=VECTOR('',#4525,1.);
#2907=VECTOR('',#4528,1.);
#2908=VECTOR('',#4529,1.);
#2909=VECTOR('',#4530,1.);
#2910=VECTOR('',#4531,1.);
#2911=VECTOR('',#4532,1.);
#2912=VECTOR('',#4533,1.);
#2913=VECTOR('',#4534,1.);
#2914=VECTOR('',#4535,1.);
#2915=VECTOR('',#4536,1.);
#2916=VECTOR('',#4537,1.);
#2917=VECTOR('',#4538,1.);
#2918=VECTOR('',#4539,1.);
#2919=VECTOR('',#4540,1.);
#2920=VECTOR('',#4541,1.);
#2921=VECTOR('',#4542,1.);
#2922=VECTOR('',#4543,1.);
#2923=VECTOR('',#4544,1.);
#2924=VECTOR('',#4545,1.);
#2925=VECTOR('',#4548,1.);
#2926=VECTOR('',#4549,1.);
#2927=VECTOR('',#4550,1.);
#2928=VECTOR('',#4553,1.);
#2929=VECTOR('',#4554,1.);
#2930=VECTOR('',#4555,1.);
#2931=VECTOR('',#4556,1.);
#2932=VECTOR('',#4557,1.);
#2933=VECTOR('',#4558,1.);
#2934=VECTOR('',#4559,1.);
#2935=VECTOR('',#4560,1.);
#2936=VECTOR('',#4561,1.);
#2937=VECTOR('',#4562,1.);
#2938=VECTOR('',#4563,1.);
#2939=VECTOR('',#4564,1.);
#2940=VECTOR('',#4565,1.);
#2941=VECTOR('',#4566,1.);
#2942=VECTOR('',#4569,1.);
#2943=VECTOR('',#4572,1.);
#2944=VECTOR('',#4575,1.);
#2945=VECTOR('',#4596,1.);
#2946=VECTOR('',#4599,1.);
#2947=VECTOR('',#4602,1.);
#2948=VECTOR('',#4605,1.);
#2949=VECTOR('',#4610,1.);
#2950=VECTOR('',#4613,1.);
#2951=VECTOR('',#4616,1.);
#2952=VECTOR('',#4619,1.);
#2953=VECTOR('',#4620,1.);
#2954=VECTOR('',#4621,1.);
#2955=VECTOR('',#4622,1.);
#2956=VECTOR('',#4623,1.);
#2957=VECTOR('',#4626,1.);
#2958=VECTOR('',#4629,1.);
#2959=VECTOR('',#4632,1.);
#2960=VECTOR('',#4637,1.);
#2961=VECTOR('',#4638,1.);
#2962=VECTOR('',#4641,1.);
#2963=VECTOR('',#4644,1.);
#2964=VECTOR('',#4645,1.);
#2965=VECTOR('',#4646,1.);
#2966=VECTOR('',#4647,1.);
#2967=VECTOR('',#4650,1.);
#2968=VECTOR('',#4655,1.);
#2969=VECTOR('',#4656,1.);
#2970=VECTOR('',#4657,1.);
#2971=VECTOR('',#4658,1.);
#2972=VECTOR('',#4659,1.);
#2973=VECTOR('',#4660,1.);
#2974=VECTOR('',#4661,1.);
#2975=VECTOR('',#4662,1.);
#2976=VECTOR('',#4663,1.);
#2977=VECTOR('',#4668,1.);
#2978=VECTOR('',#4669,1.);
#2979=VECTOR('',#4670,1.);
#2980=VECTOR('',#4673,1.);
#2981=VECTOR('',#4674,1.);
#2982=VECTOR('',#4675,1.);
#2983=VECTOR('',#4678,1.);
#2984=VECTOR('',#4679,1.);
#2985=VECTOR('',#4680,1.);
#2986=VECTOR('',#4681,1.);
#2987=VECTOR('',#4686,1.);
#2988=VECTOR('',#4687,1.);
#2989=VECTOR('',#4690,1.);
#2990=VECTOR('',#4691,1.);
#2991=VECTOR('',#4692,1.);
#2992=VECTOR('',#4693,1.);
#2993=VECTOR('',#4696,1.);
#2994=VECTOR('',#4697,1.);
#2995=VECTOR('',#4698,1.);
#2996=VECTOR('',#4701,1.);
#2997=VECTOR('',#4704,1.);
#2998=VECTOR('',#4705,1.);
#2999=VECTOR('',#4708,1.);
#3000=VECTOR('',#4709,1.);
#3001=VECTOR('',#4710,1.);
#3002=VECTOR('',#4721,1.);
#3003=VECTOR('',#4722,1.);
#3004=VECTOR('',#4723,1.);
#3005=VECTOR('',#4724,1.);
#3006=VECTOR('',#4729,1.);
#3007=VECTOR('',#4730,1.);
#3008=VECTOR('',#4733,1.);
#3009=VECTOR('',#4736,1.);
#3010=VECTOR('',#4737,1.);
#3011=VECTOR('',#4744,1.);
#3012=VECTOR('',#4745,1.);
#3013=VECTOR('',#4746,1.);
#3014=VECTOR('',#4749,1.);
#3015=VECTOR('',#4750,1.);
#3016=VECTOR('',#4751,1.);
#3017=VECTOR('',#4756,1.);
#3018=VECTOR('',#4757,1.);
#3019=VECTOR('',#4760,1.);
#3020=VECTOR('',#4773,1.);
#3021=VECTOR('',#4776,1.);
#3022=VECTOR('',#4777,1.);
#3023=VECTOR('',#4780,1.);
#3024=VECTOR('',#4783,1.);
#3025=VECTOR('',#4788,1.);
#3026=VECTOR('',#4799,1.);
#3027=VECTOR('',#4800,1.);
#3028=VECTOR('',#4803,1.);
#3029=VECTOR('',#4804,1.);
#3030=VECTOR('',#4813,1.);
#3031=VECTOR('',#4816,1.);
#3032=VECTOR('',#4883,1.);
#3033=VECTOR('',#4884,1.);
#3034=VECTOR('',#4885,1.);
#3035=VECTOR('',#4888,1.);
#3036=VECTOR('',#4891,1.);
#3037=VECTOR('',#4892,1.);
#3038=VECTOR('',#4893,1.);
#3039=VECTOR('',#4922,1.);
#3040=VECTOR('',#4925,1.);
#3041=VECTOR('',#4928,1.);
#3042=VECTOR('',#4929,1.);
#3043=VECTOR('',#4932,1.);
#3044=VECTOR('',#4935,1.);
#3045=VECTOR('',#4936,1.);
#3046=VECTOR('',#4939,1.);
#3047=VECTOR('',#4942,1.);
#3048=VECTOR('',#4943,1.);
#3049=VECTOR('',#4946,1.);
#3050=VECTOR('',#4947,1.);
#3051=VECTOR('',#4952,1.);
#3052=VECTOR('',#4953,1.);
#3053=VECTOR('',#4956,1.);
#3054=VECTOR('',#4957,1.);
#3055=VECTOR('',#4962,1.);
#3056=VECTOR('',#4965,1.);
#3057=VECTOR('',#4968,1.);
#3058=VECTOR('',#4971,1.);
#3059=VECTOR('',#4972,1.);
#3060=VECTOR('',#4973,1.);
#3061=VECTOR('',#4976,1.);
#3062=VECTOR('',#4979,1.);
#3063=VECTOR('',#4990,1.);
#3064=VECTOR('',#4991,1.);
#3065=VECTOR('',#4992,1.);
#3066=VECTOR('',#4993,1.);
#3067=VECTOR('',#4994,1.);
#3068=VECTOR('',#4997,1.);
#3069=VECTOR('',#4998,1.);
#3070=VECTOR('',#4999,1.);
#3071=VECTOR('',#5000,1.);
#3072=VECTOR('',#5001,1.);
#3073=VECTOR('',#5004,1.);
#3074=VECTOR('',#5005,1.);
#3075=VECTOR('',#5006,1.);
#3076=VECTOR('',#5007,1.);
#3077=VECTOR('',#5008,1.);
#3078=VECTOR('',#5009,1.);
#3079=VECTOR('',#5012,1.);
#3080=VECTOR('',#5013,1.);
#3081=VECTOR('',#5014,1.);
#3082=VECTOR('',#5019,1.);
#3083=VECTOR('',#5022,1.);
#3084=VECTOR('',#5023,1.);
#3085=VECTOR('',#5028,1.);
#3086=VECTOR('',#5029,1.);
#3087=VECTOR('',#5030,1.);
#3088=VECTOR('',#5033,1.);
#3089=VECTOR('',#5038,1.);
#3090=VECTOR('',#5039,1.);
#3091=VECTOR('',#5040,1.);
#3092=VECTOR('',#5043,1.);
#3093=VECTOR('',#5044,1.);
#3094=VECTOR('',#5045,1.);
#3095=VECTOR('',#5050,1.);
#3096=VECTOR('',#5051,1.);
#3097=VECTOR('',#5054,1.);
#3098=VECTOR('',#5061,1.);
#3099=VECTOR('',#5062,1.);
#3100=VECTOR('',#5063,1.);
#3101=VECTOR('',#5066,1.);
#3102=VECTOR('',#5067,1.);
#3103=VECTOR('',#5068,1.);
#3104=VECTOR('',#5073,1.);
#3105=VECTOR('',#5074,1.);
#3106=VECTOR('',#5079,1.);
#3107=VECTOR('',#5082,1.);
#3108=VECTOR('',#5085,1.);
#3109=VECTOR('',#5090,1.);
#3110=VECTOR('',#5097,1.);
#3111=VECTOR('',#5098,1.);
#3112=VECTOR('',#5099,1.);
#3113=VECTOR('',#5102,1.);
#3114=VECTOR('',#5103,1.);
#3115=VECTOR('',#5104,1.);
#3116=VECTOR('',#5107,1.);
#3117=VECTOR('',#5238,1.);
#3118=VECTOR('',#5239,1.);
#3119=VECTOR('',#5240,1.);
#3120=VECTOR('',#5243,1.);
#3121=VECTOR('',#5244,1.);
#3122=VECTOR('',#5245,1.);
#3123=VECTOR('',#5248,1.);
#3124=VECTOR('',#5251,1.);
#3125=VECTOR('',#5252,1.);
#3126=VECTOR('',#5393,1.);
#3127=VECTOR('',#5396,1.);
#3128=VECTOR('',#5401,1.);
#3129=VECTOR('',#5404,1.);
#3130=VECTOR('',#5413,1.);
#3131=VECTOR('',#5416,1.);
#3132=EDGE_LOOP('',(#514,#515,#516,#517,#518,#519,#520));
#3133=EDGE_LOOP('',(#521,#522,#523,#524,#525,#526,#527,#528,#529,#530,#531,
#532,#533,#534,#535,#536,#537,#538,#539,#540,#541,#542,#543,#544,#545,#546,
#547,#548,#549,#550,#551,#552,#553,#554,#555,#556,#557,#558,#559,#560,#561,
#562,#563,#564,#565,#566,#567,#568,#569,#570,#571,#572,#573,#574,#575,#576,
#577,#578,#579,#580,#581,#582,#583,#584));
#3134=EDGE_LOOP('',(#585,#586,#587,#588,#589,#590,#591,#592,#593,#594,#595,
#596));
#3135=EDGE_LOOP('',(#597));
#3136=EDGE_LOOP('',(#598));
#3137=EDGE_LOOP('',(#599));
#3138=EDGE_LOOP('',(#600));
#3139=EDGE_LOOP('',(#601));
#3140=EDGE_LOOP('',(#602));
#3141=EDGE_LOOP('',(#603));
#3142=EDGE_LOOP('',(#604));
#3143=EDGE_LOOP('',(#605,#606,#607,#608,#609,#610,#611,#612,#613,#614,#615,
#616,#617,#618,#619,#620));
#3144=EDGE_LOOP('',(#621,#622,#623,#624,#625,#626,#627,#628,#629,#630,#631,
#632,#633,#634,#635));
#3145=EDGE_LOOP('',(#636,#637,#638,#639,#640,#641,#642,#643,#644,#645,#646,
#647));
#3146=EDGE_LOOP('',(#648,#649,#650,#651,#652,#653,#654));
#3147=EDGE_LOOP('',(#655,#656,#657,#658,#659,#660,#661,#662,#663));
#3148=EDGE_LOOP('',(#664,#665,#666,#667,#668,#669,#670,#671,#672,#673));
#3149=EDGE_LOOP('',(#674,#675,#676,#677,#678,#679,#680,#681,#682,#683));
#3150=EDGE_LOOP('',(#684,#685,#686,#687,#688,#689,#690,#691,#692,#693));
#3151=EDGE_LOOP('',(#694,#695,#696,#697,#698,#699,#700,#701,#702,#703,#704,
#705));
#3152=EDGE_LOOP('',(#706,#707,#708,#709,#710,#711,#712,#713,#714,#715,#716,
#717,#718,#719,#720,#721));
#3153=EDGE_LOOP('',(#722,#723,#724,#725,#726,#727,#728,#729,#730,#731,#732,
#733,#734,#735,#736,#737));
#3154=EDGE_LOOP('',(#738,#739,#740,#741,#742,#743,#744,#745));
#3155=EDGE_LOOP('',(#746));
#3156=EDGE_LOOP('',(#747));
#3157=EDGE_LOOP('',(#748));
#3158=EDGE_LOOP('',(#749));
#3159=EDGE_LOOP('',(#750,#751,#752,#753,#754));
#3160=EDGE_LOOP('',(#755,#756,#757,#758,#759,#760,#761,#762,#763));
#3161=EDGE_LOOP('',(#764));
#3162=EDGE_LOOP('',(#765));
#3163=EDGE_LOOP('',(#766,#767,#768,#769));
#3164=EDGE_LOOP('',(#770,#771,#772,#773,#774,#775));
#3165=EDGE_LOOP('',(#776,#777,#778,#779,#780,#781,#782));
#3166=EDGE_LOOP('',(#783,#784,#785,#786,#787,#788));
#3167=EDGE_LOOP('',(#789));
#3168=EDGE_LOOP('',(#790));
#3169=EDGE_LOOP('',(#791));
#3170=EDGE_LOOP('',(#792));
#3171=EDGE_LOOP('',(#793));
#3172=EDGE_LOOP('',(#794,#795,#796,#797));
#3173=EDGE_LOOP('',(#798,#799,#800,#801,#802,#803));
#3174=EDGE_LOOP('',(#804,#805,#806,#807,#808,#809,#810,#811));
#3175=EDGE_LOOP('',(#812,#813,#814,#815,#816,#817));
#3176=EDGE_LOOP('',(#818));
#3177=EDGE_LOOP('',(#819));
#3178=EDGE_LOOP('',(#820));
#3179=EDGE_LOOP('',(#821,#822,#823,#824));
#3180=EDGE_LOOP('',(#825,#826,#827,#828));
#3181=EDGE_LOOP('',(#829,#830,#831,#832,#833,#834));
#3182=EDGE_LOOP('',(#835,#836,#837,#838,#839,#840,#841,#842));
#3183=EDGE_LOOP('',(#843,#844,#845,#846));
#3184=EDGE_LOOP('',(#847));
#3185=EDGE_LOOP('',(#848));
#3186=EDGE_LOOP('',(#849,#850,#851,#852));
#3187=EDGE_LOOP('',(#853,#854,#855,#856,#857,#858));
#3188=EDGE_LOOP('',(#859,#860,#861,#862));
#3189=EDGE_LOOP('',(#863,#864,#865,#866));
#3190=EDGE_LOOP('',(#867,#868,#869,#870));
#3191=EDGE_LOOP('',(#871));
#3192=EDGE_LOOP('',(#872));
#3193=EDGE_LOOP('',(#873));
#3194=EDGE_LOOP('',(#874));
#3195=EDGE_LOOP('',(#875));
#3196=EDGE_LOOP('',(#876));
#3197=EDGE_LOOP('',(#877));
#3198=EDGE_LOOP('',(#878));
#3199=EDGE_LOOP('',(#879));
#3200=EDGE_LOOP('',(#880));
#3201=EDGE_LOOP('',(#881));
#3202=EDGE_LOOP('',(#882));
#3203=EDGE_LOOP('',(#883));
#3204=EDGE_LOOP('',(#884));
#3205=EDGE_LOOP('',(#885));
#3206=EDGE_LOOP('',(#886));
#3207=EDGE_LOOP('',(#887));
#3208=EDGE_LOOP('',(#888));
#3209=EDGE_LOOP('',(#889));
#3210=EDGE_LOOP('',(#890));
#3211=EDGE_LOOP('',(#891));
#3212=EDGE_LOOP('',(#892));
#3213=EDGE_LOOP('',(#893));
#3214=EDGE_LOOP('',(#894));
#3215=EDGE_LOOP('',(#895,#896,#897,#898));
#3216=EDGE_LOOP('',(#899,#900,#901));
#3217=EDGE_LOOP('',(#902,#903,#904,#905));
#3218=EDGE_LOOP('',(#906));
#3219=EDGE_LOOP('',(#907));
#3220=EDGE_LOOP('',(#908));
#3221=EDGE_LOOP('',(#909));
#3222=EDGE_LOOP('',(#910));
#3223=EDGE_LOOP('',(#911));
#3224=EDGE_LOOP('',(#912));
#3225=EDGE_LOOP('',(#913));
#3226=EDGE_LOOP('',(#914));
#3227=EDGE_LOOP('',(#915));
#3228=EDGE_LOOP('',(#916,#917,#918,#919));
#3229=EDGE_LOOP('',(#920,#921,#922,#923,#924));
#3230=EDGE_LOOP('',(#925));
#3231=EDGE_LOOP('',(#926));
#3232=EDGE_LOOP('',(#927));
#3233=EDGE_LOOP('',(#928));
#3234=EDGE_LOOP('',(#929,#930,#931,#932,#933,#934));
#3235=EDGE_LOOP('',(#935,#936,#937,#938));
#3236=EDGE_LOOP('',(#939,#940,#941,#942));
#3237=EDGE_LOOP('',(#943,#944,#945,#946));
#3238=EDGE_LOOP('',(#947,#948,#949,#950));
#3239=EDGE_LOOP('',(#951,#952,#953,#954));
#3240=EDGE_LOOP('',(#955,#956,#957,#958,#959));
#3241=EDGE_LOOP('',(#960,#961,#962,#963,#964,#965,#966));
#3242=EDGE_LOOP('',(#967,#968,#969,#970));
#3243=EDGE_LOOP('',(#971,#972,#973,#974));
#3244=EDGE_LOOP('',(#975,#976,#977,#978,#979));
#3245=EDGE_LOOP('',(#980,#981,#982,#983));
#3246=EDGE_LOOP('',(#984,#985,#986,#987));
#3247=EDGE_LOOP('',(#988,#989,#990,#991,#992,#993,#994,#995));
#3248=EDGE_LOOP('',(#996,#997,#998,#999));
#3249=EDGE_LOOP('',(#1000,#1001,#1002,#1003,#1004,#1005));
#3250=EDGE_LOOP('',(#1006,#1007,#1008,#1009));
#3251=EDGE_LOOP('',(#1010,#1011,#1012,#1013));
#3252=EDGE_LOOP('',(#1014,#1015,#1016,#1017));
#3253=EDGE_LOOP('',(#1018,#1019,#1020,#1021));
#3254=EDGE_LOOP('',(#1022,#1023,#1024,#1025));
#3255=EDGE_LOOP('',(#1026,#1027,#1028,#1029));
#3256=EDGE_LOOP('',(#1030,#1031,#1032));
#3257=EDGE_LOOP('',(#1033,#1034,#1035,#1036,#1037,#1038));
#3258=EDGE_LOOP('',(#1039,#1040,#1041,#1042,#1043));
#3259=EDGE_LOOP('',(#1044,#1045,#1046,#1047,#1048));
#3260=EDGE_LOOP('',(#1049,#1050,#1051,#1052,#1053,#1054));
#3261=EDGE_LOOP('',(#1055,#1056,#1057,#1058));
#3262=EDGE_LOOP('',(#1059,#1060,#1061,#1062,#1063));
#3263=EDGE_LOOP('',(#1064,#1065,#1066,#1067,#1068,#1069));
#3264=EDGE_LOOP('',(#1070,#1071,#1072,#1073));
#3265=EDGE_LOOP('',(#1074,#1075,#1076,#1077));
#3266=EDGE_LOOP('',(#1078,#1079,#1080,#1081,#1082));
#3267=EDGE_LOOP('',(#1083,#1084,#1085,#1086));
#3268=EDGE_LOOP('',(#1087,#1088,#1089,#1090,#1091));
#3269=EDGE_LOOP('',(#1092,#1093,#1094,#1095,#1096));
#3270=EDGE_LOOP('',(#1097,#1098,#1099,#1100));
#3271=EDGE_LOOP('',(#1101,#1102,#1103,#1104));
#3272=EDGE_LOOP('',(#1105,#1106,#1107,#1108,#1109));
#3273=EDGE_LOOP('',(#1110,#1111,#1112,#1113,#1114));
#3274=EDGE_LOOP('',(#1115,#1116,#1117,#1118,#1119,#1120));
#3275=EDGE_LOOP('',(#1121,#1122,#1123,#1124,#1125));
#3276=EDGE_LOOP('',(#1126,#1127,#1128,#1129,#1130,#1131));
#3277=EDGE_LOOP('',(#1132,#1133,#1134,#1135,#1136,#1137,#1138));
#3278=EDGE_LOOP('',(#1139,#1140,#1141,#1142,#1143));
#3279=EDGE_LOOP('',(#1144,#1145,#1146,#1147));
#3280=EDGE_LOOP('',(#1148,#1149,#1150,#1151,#1152));
#3281=EDGE_LOOP('',(#1153,#1154,#1155,#1156,#1157,#1158));
#3282=EDGE_LOOP('',(#1159,#1160,#1161,#1162,#1163));
#3283=EDGE_LOOP('',(#1164,#1165,#1166,#1167));
#3284=EDGE_LOOP('',(#1168,#1169,#1170));
#3285=EDGE_LOOP('',(#1171,#1172,#1173,#1174));
#3286=EDGE_LOOP('',(#1175,#1176,#1177,#1178));
#3287=EDGE_LOOP('',(#1179,#1180,#1181,#1182));
#3288=EDGE_LOOP('',(#1183,#1184,#1185,#1186));
#3289=EDGE_LOOP('',(#1187,#1188,#1189,#1190,#1191,#1192,#1193));
#3290=EDGE_LOOP('',(#1194,#1195,#1196,#1197));
#3291=EDGE_LOOP('',(#1198,#1199,#1200,#1201,#1202));
#3292=EDGE_LOOP('',(#1203,#1204,#1205));
#3293=EDGE_LOOP('',(#1206,#1207,#1208,#1209));
#3294=EDGE_LOOP('',(#1210,#1211,#1212,#1213));
#3295=EDGE_LOOP('',(#1214,#1215,#1216,#1217,#1218,#1219,#1220));
#3296=EDGE_LOOP('',(#1221,#1222,#1223,#1224));
#3297=EDGE_LOOP('',(#1225,#1226,#1227,#1228));
#3298=EDGE_LOOP('',(#1229,#1230,#1231,#1232));
#3299=EDGE_LOOP('',(#1233,#1234,#1235,#1236));
#3300=EDGE_LOOP('',(#1237,#1238,#1239,#1240));
#3301=EDGE_LOOP('',(#1241,#1242,#1243,#1244));
#3302=EDGE_LOOP('',(#1245,#1246,#1247,#1248));
#3303=EDGE_LOOP('',(#1249,#1250,#1251,#1252));
#3304=EDGE_LOOP('',(#1253,#1254,#1255,#1256));
#3305=EDGE_LOOP('',(#1257,#1258,#1259));
#3306=EDGE_LOOP('',(#1260,#1261,#1262,#1263));
#3307=EDGE_LOOP('',(#1264,#1265,#1266,#1267));
#3308=EDGE_LOOP('',(#1268,#1269,#1270));
#3309=EDGE_LOOP('',(#1271,#1272,#1273,#1274));
#3310=EDGE_LOOP('',(#1275,#1276,#1277,#1278));
#3311=EDGE_LOOP('',(#1279,#1280,#1281,#1282));
#3312=EDGE_LOOP('',(#1283,#1284,#1285,#1286));
#3313=EDGE_LOOP('',(#1287,#1288,#1289,#1290,#1291));
#3314=EDGE_LOOP('',(#1292,#1293,#1294));
#3315=EDGE_LOOP('',(#1295,#1296,#1297));
#3316=EDGE_LOOP('',(#1298,#1299,#1300,#1301));
#3317=EDGE_LOOP('',(#1302,#1303,#1304,#1305));
#3318=EDGE_LOOP('',(#1306,#1307,#1308,#1309));
#3319=EDGE_LOOP('',(#1310,#1311,#1312,#1313));
#3320=EDGE_LOOP('',(#1314,#1315,#1316,#1317));
#3321=EDGE_LOOP('',(#1318,#1319,#1320,#1321));
#3322=EDGE_LOOP('',(#1322,#1323,#1324,#1325));
#3323=EDGE_LOOP('',(#1326,#1327,#1328,#1329));
#3324=EDGE_LOOP('',(#1330,#1331,#1332,#1333));
#3325=EDGE_LOOP('',(#1334,#1335,#1336,#1337));
#3326=EDGE_LOOP('',(#1338,#1339,#1340,#1341));
#3327=EDGE_LOOP('',(#1342,#1343,#1344,#1345));
#3328=EDGE_LOOP('',(#1346,#1347,#1348,#1349));
#3329=EDGE_LOOP('',(#1350,#1351,#1352,#1353));
#3330=EDGE_LOOP('',(#1354,#1355,#1356,#1357));
#3331=EDGE_LOOP('',(#1358,#1359,#1360,#1361));
#3332=EDGE_LOOP('',(#1362,#1363,#1364,#1365));
#3333=EDGE_LOOP('',(#1366,#1367,#1368,#1369));
#3334=EDGE_LOOP('',(#1370,#1371,#1372,#1373,#1374,#1375));
#3335=EDGE_LOOP('',(#1376,#1377,#1378));
#3336=EDGE_LOOP('',(#1379,#1380,#1381,#1382));
#3337=EDGE_LOOP('',(#1383,#1384,#1385,#1386));
#3338=EDGE_LOOP('',(#1387,#1388,#1389,#1390));
#3339=EDGE_LOOP('',(#1391,#1392,#1393,#1394));
#3340=EDGE_LOOP('',(#1395,#1396,#1397,#1398));
#3341=EDGE_LOOP('',(#1399,#1400,#1401,#1402,#1403));
#3342=EDGE_LOOP('',(#1404,#1405,#1406,#1407,#1408));
#3343=EDGE_LOOP('',(#1409,#1410,#1411,#1412));
#3344=EDGE_LOOP('',(#1413,#1414,#1415,#1416,#1417,#1418));
#3345=EDGE_LOOP('',(#1419,#1420,#1421,#1422));
#3346=EDGE_LOOP('',(#1423,#1424,#1425,#1426));
#3347=EDGE_LOOP('',(#1427));
#3348=EDGE_LOOP('',(#1428));
#3349=EDGE_LOOP('',(#1429));
#3350=EDGE_LOOP('',(#1430));
#3351=EDGE_LOOP('',(#1431));
#3352=EDGE_LOOP('',(#1432));
#3353=EDGE_LOOP('',(#1433));
#3354=EDGE_LOOP('',(#1434));
#3355=EDGE_LOOP('',(#1435));
#3356=EDGE_LOOP('',(#1436));
#3357=EDGE_LOOP('',(#1437));
#3358=EDGE_LOOP('',(#1438));
#3359=EDGE_LOOP('',(#1439));
#3360=EDGE_LOOP('',(#1440));
#3361=EDGE_LOOP('',(#1441));
#3362=EDGE_LOOP('',(#1442));
#3363=EDGE_LOOP('',(#1443));
#3364=EDGE_LOOP('',(#1444));
#3365=EDGE_LOOP('',(#1445));
#3366=EDGE_LOOP('',(#1446));
#3367=EDGE_LOOP('',(#1447));
#3368=EDGE_LOOP('',(#1448));
#3369=EDGE_LOOP('',(#1449));
#3370=EDGE_LOOP('',(#1450));
#3371=EDGE_LOOP('',(#1451));
#3372=EDGE_LOOP('',(#1452));
#3373=EDGE_LOOP('',(#1453));
#3374=EDGE_LOOP('',(#1454));
#3375=EDGE_LOOP('',(#1455));
#3376=EDGE_LOOP('',(#1456));
#3377=EDGE_LOOP('',(#1457));
#3378=EDGE_LOOP('',(#1458));
#3379=EDGE_LOOP('',(#1459));
#3380=EDGE_LOOP('',(#1460));
#3381=EDGE_LOOP('',(#1461));
#3382=EDGE_LOOP('',(#1462));
#3383=EDGE_LOOP('',(#1463));
#3384=EDGE_LOOP('',(#1464));
#3385=EDGE_LOOP('',(#1465));
#3386=EDGE_LOOP('',(#1466));
#3387=EDGE_LOOP('',(#1467));
#3388=EDGE_LOOP('',(#1468));
#3389=EDGE_LOOP('',(#1469));
#3390=EDGE_LOOP('',(#1470));
#3391=EDGE_LOOP('',(#1471));
#3392=EDGE_LOOP('',(#1472));
#3393=EDGE_LOOP('',(#1473));
#3394=EDGE_LOOP('',(#1474,#1475));
#3395=EDGE_LOOP('',(#1476));
#3396=EDGE_LOOP('',(#1477,#1478));
#3397=EDGE_LOOP('',(#1479,#1480));
#3398=EDGE_LOOP('',(#1481));
#3399=EDGE_LOOP('',(#1482,#1483));
#3400=EDGE_LOOP('',(#1484));
#3401=EDGE_LOOP('',(#1485));
#3402=EDGE_LOOP('',(#1486));
#3403=EDGE_LOOP('',(#1487));
#3404=EDGE_LOOP('',(#1488));
#3405=EDGE_LOOP('',(#1489));
#3406=EDGE_LOOP('',(#1490));
#3407=EDGE_LOOP('',(#1491));
#3408=EDGE_LOOP('',(#1492));
#3409=EDGE_LOOP('',(#1493));
#3410=EDGE_LOOP('',(#1494));
#3411=EDGE_LOOP('',(#1495));
#3412=EDGE_LOOP('',(#1496));
#3413=EDGE_LOOP('',(#1497,#1498,#1499,#1500));
#3414=EDGE_LOOP('',(#1501,#1502,#1503,#1504));
#3415=EDGE_LOOP('',(#1505,#1506,#1507,#1508));
#3416=EDGE_LOOP('',(#1509,#1510,#1511,#1512));
#3417=EDGE_LOOP('',(#1513,#1514,#1515,#1516));
#3418=EDGE_LOOP('',(#1517,#1518,#1519,#1520));
#3419=EDGE_LOOP('',(#1521,#1522,#1523,#1524));
#3420=EDGE_LOOP('',(#1525,#1526,#1527,#1528));
#3421=EDGE_LOOP('',(#1529,#1530,#1531,#1532));
#3422=EDGE_LOOP('',(#1533,#1534,#1535,#1536));
#3423=EDGE_LOOP('',(#1537,#1538,#1539,#1540));
#3424=EDGE_LOOP('',(#1541,#1542,#1543,#1544));
#3425=EDGE_LOOP('',(#1545,#1546,#1547,#1548));
#3426=EDGE_LOOP('',(#1549,#1550,#1551,#1552));
#3427=EDGE_LOOP('',(#1553,#1554,#1555,#1556));
#3428=EDGE_LOOP('',(#1557,#1558,#1559,#1560));
#3429=EDGE_LOOP('',(#1561,#1562,#1563,#1564));
#3430=EDGE_LOOP('',(#1565,#1566,#1567,#1568));
#3431=EDGE_LOOP('',(#1569,#1570,#1571,#1572));
#3432=EDGE_LOOP('',(#1573,#1574,#1575,#1576));
#3433=EDGE_LOOP('',(#1577,#1578,#1579,#1580));
#3434=EDGE_LOOP('',(#1581,#1582,#1583,#1584));
#3435=EDGE_LOOP('',(#1585,#1586,#1587,#1588));
#3436=EDGE_LOOP('',(#1589,#1590,#1591,#1592));
#3437=EDGE_LOOP('',(#1593,#1594,#1595,#1596));
#3438=EDGE_LOOP('',(#1597,#1598,#1599,#1600));
#3439=EDGE_LOOP('',(#1601,#1602,#1603,#1604));
#3440=EDGE_LOOP('',(#1605,#1606,#1607,#1608));
#3441=EDGE_LOOP('',(#1609,#1610,#1611,#1612));
#3442=EDGE_LOOP('',(#1613,#1614,#1615,#1616));
#3443=EDGE_LOOP('',(#1617,#1618,#1619));
#3444=EDGE_LOOP('',(#1620,#1621,#1622,#1623));
#3445=EDGE_LOOP('',(#1624,#1625,#1626,#1627));
#3446=EDGE_LOOP('',(#1628,#1629,#1630,#1631));
#3447=EDGE_LOOP('',(#1632,#1633,#1634,#1635));
#3448=EDGE_LOOP('',(#1636,#1637,#1638,#1639));
#3449=EDGE_LOOP('',(#1640,#1641,#1642,#1643));
#3450=EDGE_LOOP('',(#1644,#1645,#1646,#1647));
#3451=EDGE_LOOP('',(#1648,#1649,#1650,#1651));
#3452=EDGE_LOOP('',(#1652,#1653,#1654,#1655,#1656));
#3453=EDGE_LOOP('',(#1657,#1658,#1659,#1660,#1661));
#3454=EDGE_LOOP('',(#1662,#1663,#1664,#1665));
#3455=EDGE_LOOP('',(#1666,#1667,#1668,#1669));
#3456=EDGE_LOOP('',(#1670,#1671,#1672,#1673));
#3457=EDGE_LOOP('',(#1674,#1675,#1676,#1677));
#3458=EDGE_LOOP('',(#1678,#1679,#1680,#1681));
#3459=EDGE_LOOP('',(#1682,#1683,#1684,#1685));
#3460=FACE_BOUND('',#3132,.T.);
#3461=FACE_BOUND('',#3133,.T.);
#3462=FACE_BOUND('',#3134,.T.);
#3463=FACE_BOUND('',#3135,.T.);
#3464=FACE_BOUND('',#3136,.T.);
#3465=FACE_BOUND('',#3137,.T.);
#3466=FACE_BOUND('',#3138,.T.);
#3467=FACE_BOUND('',#3139,.T.);
#3468=FACE_BOUND('',#3140,.T.);
#3469=FACE_BOUND('',#3141,.T.);
#3470=FACE_BOUND('',#3142,.T.);
#3471=FACE_BOUND('',#3143,.T.);
#3472=FACE_BOUND('',#3144,.T.);
#3473=FACE_BOUND('',#3145,.T.);
#3474=FACE_BOUND('',#3146,.T.);
#3475=FACE_BOUND('',#3147,.T.);
#3476=FACE_BOUND('',#3148,.T.);
#3477=FACE_BOUND('',#3149,.T.);
#3478=FACE_BOUND('',#3150,.T.);
#3479=FACE_BOUND('',#3151,.T.);
#3480=FACE_BOUND('',#3152,.T.);
#3481=FACE_BOUND('',#3153,.T.);
#3482=FACE_BOUND('',#3154,.T.);
#3483=FACE_BOUND('',#3155,.T.);
#3484=FACE_BOUND('',#3156,.T.);
#3485=FACE_BOUND('',#3157,.T.);
#3486=FACE_BOUND('',#3158,.T.);
#3487=FACE_BOUND('',#3159,.T.);
#3488=FACE_BOUND('',#3160,.T.);
#3489=FACE_BOUND('',#3161,.T.);
#3490=FACE_BOUND('',#3162,.T.);
#3491=FACE_BOUND('',#3163,.T.);
#3492=FACE_BOUND('',#3164,.T.);
#3493=FACE_BOUND('',#3165,.T.);
#3494=FACE_BOUND('',#3166,.T.);
#3495=FACE_BOUND('',#3167,.T.);
#3496=FACE_BOUND('',#3168,.T.);
#3497=FACE_BOUND('',#3169,.T.);
#3498=FACE_BOUND('',#3170,.T.);
#3499=FACE_BOUND('',#3171,.T.);
#3500=FACE_BOUND('',#3172,.T.);
#3501=FACE_BOUND('',#3173,.T.);
#3502=FACE_BOUND('',#3174,.T.);
#3503=FACE_BOUND('',#3175,.T.);
#3504=FACE_BOUND('',#3176,.T.);
#3505=FACE_BOUND('',#3177,.T.);
#3506=FACE_BOUND('',#3178,.T.);
#3507=FACE_BOUND('',#3179,.T.);
#3508=FACE_BOUND('',#3180,.T.);
#3509=FACE_BOUND('',#3181,.T.);
#3510=FACE_BOUND('',#3182,.T.);
#3511=FACE_BOUND('',#3183,.T.);
#3512=FACE_BOUND('',#3184,.T.);
#3513=FACE_BOUND('',#3185,.T.);
#3514=FACE_BOUND('',#3186,.T.);
#3515=FACE_BOUND('',#3187,.T.);
#3516=FACE_BOUND('',#3188,.T.);
#3517=FACE_BOUND('',#3189,.T.);
#3518=FACE_BOUND('',#3190,.T.);
#3519=FACE_BOUND('',#3191,.T.);
#3520=FACE_BOUND('',#3192,.T.);
#3521=FACE_BOUND('',#3193,.T.);
#3522=FACE_BOUND('',#3194,.T.);
#3523=FACE_BOUND('',#3195,.T.);
#3524=FACE_BOUND('',#3196,.T.);
#3525=FACE_BOUND('',#3197,.T.);
#3526=FACE_BOUND('',#3198,.T.);
#3527=FACE_BOUND('',#3199,.T.);
#3528=FACE_BOUND('',#3200,.T.);
#3529=FACE_BOUND('',#3201,.T.);
#3530=FACE_BOUND('',#3202,.T.);
#3531=FACE_BOUND('',#3203,.T.);
#3532=FACE_BOUND('',#3204,.T.);
#3533=FACE_BOUND('',#3205,.T.);
#3534=FACE_BOUND('',#3206,.T.);
#3535=FACE_BOUND('',#3207,.T.);
#3536=FACE_BOUND('',#3208,.T.);
#3537=FACE_BOUND('',#3209,.T.);
#3538=FACE_BOUND('',#3210,.T.);
#3539=FACE_BOUND('',#3211,.T.);
#3540=FACE_BOUND('',#3212,.T.);
#3541=FACE_BOUND('',#3213,.T.);
#3542=FACE_BOUND('',#3214,.T.);
#3543=FACE_BOUND('',#3215,.T.);
#3544=FACE_BOUND('',#3216,.T.);
#3545=FACE_BOUND('',#3217,.T.);
#3546=FACE_BOUND('',#3218,.T.);
#3547=FACE_BOUND('',#3219,.T.);
#3548=FACE_BOUND('',#3220,.T.);
#3549=FACE_BOUND('',#3221,.T.);
#3550=FACE_BOUND('',#3222,.T.);
#3551=FACE_BOUND('',#3223,.T.);
#3552=FACE_BOUND('',#3224,.T.);
#3553=FACE_BOUND('',#3225,.T.);
#3554=FACE_BOUND('',#3226,.T.);
#3555=FACE_BOUND('',#3227,.T.);
#3556=FACE_BOUND('',#3228,.T.);
#3557=FACE_BOUND('',#3229,.T.);
#3558=FACE_BOUND('',#3230,.T.);
#3559=FACE_BOUND('',#3231,.T.);
#3560=FACE_BOUND('',#3232,.T.);
#3561=FACE_BOUND('',#3233,.T.);
#3562=FACE_BOUND('',#3234,.T.);
#3563=FACE_BOUND('',#3235,.T.);
#3564=FACE_BOUND('',#3236,.T.);
#3565=FACE_BOUND('',#3237,.T.);
#3566=FACE_BOUND('',#3238,.T.);
#3567=FACE_BOUND('',#3239,.T.);
#3568=FACE_BOUND('',#3240,.T.);
#3569=FACE_BOUND('',#3241,.T.);
#3570=FACE_BOUND('',#3242,.T.);
#3571=FACE_BOUND('',#3243,.T.);
#3572=FACE_BOUND('',#3244,.T.);
#3573=FACE_BOUND('',#3245,.T.);
#3574=FACE_BOUND('',#3246,.T.);
#3575=FACE_BOUND('',#3247,.T.);
#3576=FACE_BOUND('',#3248,.T.);
#3577=FACE_BOUND('',#3249,.T.);
#3578=FACE_BOUND('',#3250,.T.);
#3579=FACE_BOUND('',#3251,.T.);
#3580=FACE_BOUND('',#3252,.T.);
#3581=FACE_BOUND('',#3253,.T.);
#3582=FACE_BOUND('',#3254,.T.);
#3583=FACE_BOUND('',#3255,.T.);
#3584=FACE_BOUND('',#3256,.T.);
#3585=FACE_BOUND('',#3257,.T.);
#3586=FACE_BOUND('',#3258,.T.);
#3587=FACE_BOUND('',#3259,.T.);
#3588=FACE_BOUND('',#3260,.T.);
#3589=FACE_BOUND('',#3261,.T.);
#3590=FACE_BOUND('',#3262,.T.);
#3591=FACE_BOUND('',#3263,.T.);
#3592=FACE_BOUND('',#3264,.T.);
#3593=FACE_BOUND('',#3265,.T.);
#3594=FACE_BOUND('',#3266,.T.);
#3595=FACE_BOUND('',#3267,.T.);
#3596=FACE_BOUND('',#3268,.T.);
#3597=FACE_BOUND('',#3269,.T.);
#3598=FACE_BOUND('',#3270,.T.);
#3599=FACE_BOUND('',#3271,.T.);
#3600=FACE_BOUND('',#3272,.T.);
#3601=FACE_BOUND('',#3273,.T.);
#3602=FACE_BOUND('',#3274,.T.);
#3603=FACE_BOUND('',#3275,.T.);
#3604=FACE_BOUND('',#3276,.T.);
#3605=FACE_BOUND('',#3277,.T.);
#3606=FACE_BOUND('',#3278,.T.);
#3607=FACE_BOUND('',#3279,.T.);
#3608=FACE_BOUND('',#3280,.T.);
#3609=FACE_BOUND('',#3281,.T.);
#3610=FACE_BOUND('',#3282,.T.);
#3611=FACE_BOUND('',#3283,.T.);
#3612=FACE_BOUND('',#3284,.T.);
#3613=FACE_BOUND('',#3285,.T.);
#3614=FACE_BOUND('',#3286,.T.);
#3615=FACE_BOUND('',#3287,.T.);
#3616=FACE_BOUND('',#3288,.T.);
#3617=FACE_BOUND('',#3289,.T.);
#3618=FACE_BOUND('',#3290,.T.);
#3619=FACE_BOUND('',#3291,.T.);
#3620=FACE_BOUND('',#3292,.T.);
#3621=FACE_BOUND('',#3293,.T.);
#3622=FACE_BOUND('',#3294,.T.);
#3623=FACE_BOUND('',#3295,.T.);
#3624=FACE_BOUND('',#3296,.T.);
#3625=FACE_BOUND('',#3297,.T.);
#3626=FACE_BOUND('',#3298,.T.);
#3627=FACE_BOUND('',#3299,.T.);
#3628=FACE_BOUND('',#3300,.T.);
#3629=FACE_BOUND('',#3301,.T.);
#3630=FACE_BOUND('',#3302,.T.);
#3631=FACE_BOUND('',#3303,.T.);
#3632=FACE_BOUND('',#3304,.T.);
#3633=FACE_BOUND('',#3305,.T.);
#3634=FACE_BOUND('',#3306,.T.);
#3635=FACE_BOUND('',#3307,.T.);
#3636=FACE_BOUND('',#3308,.T.);
#3637=FACE_BOUND('',#3309,.T.);
#3638=FACE_BOUND('',#3310,.T.);
#3639=FACE_BOUND('',#3311,.T.);
#3640=FACE_BOUND('',#3312,.T.);
#3641=FACE_BOUND('',#3313,.T.);
#3642=FACE_BOUND('',#3314,.T.);
#3643=FACE_BOUND('',#3315,.T.);
#3644=FACE_BOUND('',#3316,.T.);
#3645=FACE_BOUND('',#3317,.T.);
#3646=FACE_BOUND('',#3318,.T.);
#3647=FACE_BOUND('',#3319,.T.);
#3648=FACE_BOUND('',#3320,.T.);
#3649=FACE_BOUND('',#3321,.T.);
#3650=FACE_BOUND('',#3322,.T.);
#3651=FACE_BOUND('',#3323,.T.);
#3652=FACE_BOUND('',#3324,.T.);
#3653=FACE_BOUND('',#3325,.T.);
#3654=FACE_BOUND('',#3326,.T.);
#3655=FACE_BOUND('',#3327,.T.);
#3656=FACE_BOUND('',#3328,.T.);
#3657=FACE_BOUND('',#3329,.T.);
#3658=FACE_BOUND('',#3330,.T.);
#3659=FACE_BOUND('',#3331,.T.);
#3660=FACE_BOUND('',#3332,.T.);
#3661=FACE_BOUND('',#3333,.T.);
#3662=FACE_BOUND('',#3334,.T.);
#3663=FACE_BOUND('',#3335,.T.);
#3664=FACE_BOUND('',#3336,.T.);
#3665=FACE_BOUND('',#3337,.T.);
#3666=FACE_BOUND('',#3338,.T.);
#3667=FACE_BOUND('',#3339,.T.);
#3668=FACE_BOUND('',#3340,.T.);
#3669=FACE_BOUND('',#3341,.T.);
#3670=FACE_BOUND('',#3342,.T.);
#3671=FACE_BOUND('',#3343,.T.);
#3672=FACE_BOUND('',#3344,.T.);
#3673=FACE_BOUND('',#3345,.T.);
#3674=FACE_BOUND('',#3346,.T.);
#3675=FACE_BOUND('',#3347,.T.);
#3676=FACE_BOUND('',#3348,.T.);
#3677=FACE_BOUND('',#3349,.T.);
#3678=FACE_BOUND('',#3350,.T.);
#3679=FACE_BOUND('',#3351,.T.);
#3680=FACE_BOUND('',#3352,.T.);
#3681=FACE_BOUND('',#3353,.T.);
#3682=FACE_BOUND('',#3354,.T.);
#3683=FACE_BOUND('',#3355,.T.);
#3684=FACE_BOUND('',#3356,.T.);
#3685=FACE_BOUND('',#3357,.T.);
#3686=FACE_BOUND('',#3358,.T.);
#3687=FACE_BOUND('',#3359,.T.);
#3688=FACE_BOUND('',#3360,.T.);
#3689=FACE_BOUND('',#3361,.T.);
#3690=FACE_BOUND('',#3362,.T.);
#3691=FACE_BOUND('',#3363,.T.);
#3692=FACE_BOUND('',#3364,.T.);
#3693=FACE_BOUND('',#3365,.T.);
#3694=FACE_BOUND('',#3366,.T.);
#3695=FACE_BOUND('',#3367,.T.);
#3696=FACE_BOUND('',#3368,.T.);
#3697=FACE_BOUND('',#3369,.T.);
#3698=FACE_BOUND('',#3370,.T.);
#3699=FACE_BOUND('',#3371,.T.);
#3700=FACE_BOUND('',#3372,.T.);
#3701=FACE_BOUND('',#3373,.T.);
#3702=FACE_BOUND('',#3374,.T.);
#3703=FACE_BOUND('',#3375,.T.);
#3704=FACE_BOUND('',#3376,.T.);
#3705=FACE_BOUND('',#3377,.T.);
#3706=FACE_BOUND('',#3378,.T.);
#3707=FACE_BOUND('',#3379,.T.);
#3708=FACE_BOUND('',#3380,.T.);
#3709=FACE_BOUND('',#3381,.T.);
#3710=FACE_BOUND('',#3382,.T.);
#3711=FACE_BOUND('',#3383,.T.);
#3712=FACE_BOUND('',#3384,.T.);
#3713=FACE_BOUND('',#3385,.T.);
#3714=FACE_BOUND('',#3386,.T.);
#3715=FACE_BOUND('',#3387,.T.);
#3716=FACE_BOUND('',#3388,.T.);
#3717=FACE_BOUND('',#3389,.T.);
#3718=FACE_BOUND('',#3390,.T.);
#3719=FACE_BOUND('',#3391,.T.);
#3720=FACE_BOUND('',#3392,.T.);
#3721=FACE_BOUND('',#3393,.T.);
#3722=FACE_BOUND('',#3394,.T.);
#3723=FACE_BOUND('',#3395,.T.);
#3724=FACE_BOUND('',#3396,.T.);
#3725=FACE_BOUND('',#3397,.T.);
#3726=FACE_BOUND('',#3398,.T.);
#3727=FACE_BOUND('',#3399,.T.);
#3728=FACE_BOUND('',#3400,.T.);
#3729=FACE_BOUND('',#3401,.T.);
#3730=FACE_BOUND('',#3402,.T.);
#3731=FACE_BOUND('',#3403,.T.);
#3732=FACE_BOUND('',#3404,.T.);
#3733=FACE_BOUND('',#3405,.T.);
#3734=FACE_BOUND('',#3406,.T.);
#3735=FACE_BOUND('',#3407,.T.);
#3736=FACE_BOUND('',#3408,.T.);
#3737=FACE_BOUND('',#3409,.T.);
#3738=FACE_BOUND('',#3410,.T.);
#3739=FACE_BOUND('',#3411,.T.);
#3740=FACE_BOUND('',#3412,.T.);
#3741=FACE_BOUND('',#3413,.T.);
#3742=FACE_BOUND('',#3414,.T.);
#3743=FACE_BOUND('',#3415,.T.);
#3744=FACE_BOUND('',#3416,.T.);
#3745=FACE_BOUND('',#3417,.T.);
#3746=FACE_BOUND('',#3418,.T.);
#3747=FACE_BOUND('',#3419,.T.);
#3748=FACE_BOUND('',#3420,.T.);
#3749=FACE_BOUND('',#3421,.T.);
#3750=FACE_BOUND('',#3422,.T.);
#3751=FACE_BOUND('',#3423,.T.);
#3752=FACE_BOUND('',#3424,.T.);
#3753=FACE_BOUND('',#3425,.T.);
#3754=FACE_BOUND('',#3426,.T.);
#3755=FACE_BOUND('',#3427,.T.);
#3756=FACE_BOUND('',#3428,.T.);
#3757=FACE_BOUND('',#3429,.T.);
#3758=FACE_BOUND('',#3430,.T.);
#3759=FACE_BOUND('',#3431,.T.);
#3760=FACE_BOUND('',#3432,.T.);
#3761=FACE_BOUND('',#3433,.T.);
#3762=FACE_BOUND('',#3434,.T.);
#3763=FACE_BOUND('',#3435,.T.);
#3764=FACE_BOUND('',#3436,.T.);
#3765=FACE_BOUND('',#3437,.T.);
#3766=FACE_BOUND('',#3438,.T.);
#3767=FACE_BOUND('',#3439,.T.);
#3768=FACE_BOUND('',#3440,.T.);
#3769=FACE_BOUND('',#3441,.T.);
#3770=FACE_BOUND('',#3442,.T.);
#3771=FACE_BOUND('',#3443,.T.);
#3772=FACE_BOUND('',#3444,.T.);
#3773=FACE_BOUND('',#3445,.T.);
#3774=FACE_BOUND('',#3446,.T.);
#3775=FACE_BOUND('',#3447,.T.);
#3776=FACE_BOUND('',#3448,.T.);
#3777=FACE_BOUND('',#3449,.T.);
#3778=FACE_BOUND('',#3450,.T.);
#3779=FACE_BOUND('',#3451,.T.);
#3780=FACE_BOUND('',#3452,.T.);
#3781=FACE_BOUND('',#3453,.T.);
#3782=FACE_BOUND('',#3454,.T.);
#3783=FACE_BOUND('',#3455,.T.);
#3784=FACE_BOUND('',#3456,.T.);
#3785=FACE_BOUND('',#3457,.T.);
#3786=FACE_BOUND('',#3458,.T.);
#3787=FACE_BOUND('',#3459,.T.);
#3788=PLANE('',#4166);
#3789=PLANE('',#4168);
#3790=PLANE('',#4176);
#3791=PLANE('',#4197);
#3792=PLANE('',#4199);
#3793=PLANE('',#4202);
#3794=PLANE('',#4204);
#3795=PLANE('',#4208);
#3796=PLANE('',#4212);
#3797=PLANE('',#4216);
#3798=PLANE('',#4220);
#3799=PLANE('',#4225);
#3800=PLANE('',#4227);
#3801=PLANE('',#4230);
#3802=PLANE('',#4237);
#3803=PLANE('',#4241);
#3804=PLANE('',#4245);
#3805=PLANE('',#4246);
#3806=PLANE('',#4248);
#3807=PLANE('',#4251);
#3808=PLANE('',#4255);
#3809=PLANE('',#4259);
#3810=PLANE('',#4263);
#3811=PLANE('',#4267);
#3812=PLANE('',#4271);
#3813=PLANE('',#4275);
#3814=PLANE('',#4279);
#3815=PLANE('',#4283);
#3816=PLANE('',#4284);
#3817=PLANE('',#4285);
#3818=PLANE('',#4286);
#3819=PLANE('',#4291);
#3820=PLANE('',#4294);
#3821=PLANE('',#4300);
#3822=PLANE('',#4301);
#3823=PLANE('',#4302);
#3824=PLANE('',#4303);
#3825=PLANE('',#4304);
#3826=PLANE('',#4305);
#3827=PLANE('',#4306);
#3828=PLANE('',#4307);
#3829=PLANE('',#4308);
#3830=PLANE('',#4309);
#3831=PLANE('',#4310);
#3832=PLANE('',#4311);
#3833=PLANE('',#4312);
#3834=PLANE('',#4313);
#3835=PLANE('',#4314);
#3836=PLANE('',#4315);
#3837=PLANE('',#4316);
#3838=PLANE('',#4317);
#3839=PLANE('',#4322);
#3840=PLANE('',#4323);
#3841=PLANE('',#4324);
#3842=PLANE('',#4325);
#3843=PLANE('',#4326);
#3844=PLANE('',#4328);
#3845=PLANE('',#4330);
#3846=PLANE('',#4331);
#3847=PLANE('',#4333);
#3848=PLANE('',#4334);
#3849=PLANE('',#4335);
#3850=PLANE('',#4340);
#3851=PLANE('',#4341);
#3852=PLANE('',#4342);
#3853=PLANE('',#4344);
#3854=PLANE('',#4346);
#3855=PLANE('',#4347);
#3856=PLANE('',#4349);
#3857=PLANE('',#4352);
#3858=PLANE('',#4353);
#3859=PLANE('',#4419);
#3860=PLANE('',#4420);
#3861=PLANE('',#4421);
#3862=PLANE('',#4422);
#3863=PLANE('',#4423);
#3864=PLANE('',#4424);
#3865=PLANE('',#4436);
#3866=PLANE('',#4440);
#3867=PLANE('',#4444);
#3868=PLANE('',#4448);
#3869=PLANE('',#4452);
#3870=PLANE('',#4456);
#3871=PLANE('',#4460);
#3872=PLANE('',#4464);
#3873=PLANE('',#4468);
#3874=PLANE('',#4472);
#3875=PLANE('',#4483);
#3876=PLANE('',#4484);
#3877=PLANE('',#4485);
#3878=PLANE('',#4486);
#3879=PLANE('',#4487);
#3880=PLANE('',#4488);
#3881=PLANE('',#4489);
#3882=PLANE('',#4490);
#3883=PLANE('',#4491);
#3884=PLANE('',#4492);
#3885=PLANE('',#4494);
#3886=PLANE('',#4495);
#3887=PLANE('',#4497);
#3888=PLANE('',#4499);
#3889=PLANE('',#4500);
#3890=PLANE('',#4502);
#3891=PLANE('',#4503);
#3892=PLANE('',#4504);
#3893=PLANE('',#4505);
#3894=ADVANCED_FACE('',(#3460),#3788,.F.);
#3895=ADVANCED_FACE('',(#3461,#3462),#3789,.T.);
#3896=ADVANCED_FACE('',(#3463,#3464,#3465,#3466,#3467,#3468,#3469,#3470,
#3471,#3472,#3473),#3790,.F.);
#3897=ADVANCED_FACE('',(#3474),#3791,.T.);
#3898=ADVANCED_FACE('',(#3475),#131,.F.);
#3899=ADVANCED_FACE('',(#3476),#3792,.T.);
#3900=ADVANCED_FACE('',(#3477),#132,.F.);
#3901=ADVANCED_FACE('',(#3478),#133,.F.);
#3902=ADVANCED_FACE('',(#3479),#3793,.F.);
#3903=ADVANCED_FACE('',(#3480),#3794,.F.);
#3904=ADVANCED_FACE('',(#3481),#3795,.F.);
#3905=ADVANCED_FACE('',(#3482,#3483,#3484),#3796,.F.);
#3906=ADVANCED_FACE('',(#3485,#3486,#3487),#3797,.F.);
#3907=ADVANCED_FACE('',(#3488,#3489,#3490),#3798,.T.);
#3908=ADVANCED_FACE('',(#3491),#3799,.T.);
#3909=ADVANCED_FACE('',(#3492),#71,.T.);
#3910=ADVANCED_FACE('',(#3493),#3800,.F.);
#3911=ADVANCED_FACE('',(#3494),#72,.T.);
#3912=ADVANCED_FACE('',(#3495,#3496,#3497,#3498,#3499,#3500),#3801,.F.);
#3913=ADVANCED_FACE('',(#3501),#73,.T.);
#3914=ADVANCED_FACE('',(#3502),#3802,.F.);
#3915=ADVANCED_FACE('',(#3503),#74,.T.);
#3916=ADVANCED_FACE('',(#3504,#3505,#3506,#3507),#3803,.T.);
#3917=ADVANCED_FACE('',(#3508),#3804,.T.);
#3918=ADVANCED_FACE('',(#3509),#134,.F.);
#3919=ADVANCED_FACE('',(#3510),#3805,.F.);
#3920=ADVANCED_FACE('',(#3511),#135,.F.);
#3921=ADVANCED_FACE('',(#3512,#3513,#3514),#3806,.F.);
#3922=ADVANCED_FACE('',(#3515),#136,.F.);
#3923=ADVANCED_FACE('',(#3516),#137,.F.);
#3924=ADVANCED_FACE('',(#3517),#138,.F.);
#3925=ADVANCED_FACE('',(#3518),#3807,.F.);
#3926=ADVANCED_FACE('',(#3519,#3520),#75,.F.);
#3927=ADVANCED_FACE('',(#3521),#3808,.F.);
#3928=ADVANCED_FACE('',(#3522,#3523),#76,.F.);
#3929=ADVANCED_FACE('',(#3524),#3809,.F.);
#3930=ADVANCED_FACE('',(#3525,#3526),#77,.F.);
#3931=ADVANCED_FACE('',(#3527),#3810,.F.);
#3932=ADVANCED_FACE('',(#3528,#3529),#78,.F.);
#3933=ADVANCED_FACE('',(#3530),#3811,.F.);
#3934=ADVANCED_FACE('',(#3531,#3532),#79,.F.);
#3935=ADVANCED_FACE('',(#3533),#3812,.F.);
#3936=ADVANCED_FACE('',(#3534,#3535),#80,.F.);
#3937=ADVANCED_FACE('',(#3536),#3813,.F.);
#3938=ADVANCED_FACE('',(#3537,#3538),#81,.F.);
#3939=ADVANCED_FACE('',(#3539),#3814,.F.);
#3940=ADVANCED_FACE('',(#3540,#3541),#82,.F.);
#3941=ADVANCED_FACE('',(#3542),#3815,.F.);
#3942=ADVANCED_FACE('',(#3543),#3816,.T.);
#3943=ADVANCED_FACE('',(#3544),#3817,.T.);
#3944=ADVANCED_FACE('',(#3545),#3818,.T.);
#3945=ADVANCED_FACE('',(#3546,#3547),#83,.F.);
#3946=ADVANCED_FACE('',(#3548,#3549),#84,.F.);
#3947=ADVANCED_FACE('',(#3550,#3551),#85,.F.);
#3948=ADVANCED_FACE('',(#3552),#3819,.F.);
#3949=ADVANCED_FACE('',(#3553,#3554),#86,.F.);
#3950=ADVANCED_FACE('',(#3555),#3820,.F.);
#3951=ADVANCED_FACE('',(#3556),#87,.T.);
#3952=ADVANCED_FACE('',(#3557),#48,.T.);
#3953=ADVANCED_FACE('',(#3558,#3559),#88,.F.);
#3954=ADVANCED_FACE('',(#3560,#3561),#89,.F.);
#3955=ADVANCED_FACE('',(#3562),#3821,.F.);
#3956=ADVANCED_FACE('',(#3563),#3822,.F.);
#3957=ADVANCED_FACE('',(#3564),#3823,.T.);
#3958=ADVANCED_FACE('',(#3565),#3824,.T.);
#3959=ADVANCED_FACE('',(#3566),#3825,.F.);
#3960=ADVANCED_FACE('',(#3567),#3826,.T.);
#3961=ADVANCED_FACE('',(#3568),#3827,.T.);
#3962=ADVANCED_FACE('',(#3569),#3828,.F.);
#3963=ADVANCED_FACE('',(#3570),#3829,.T.);
#3964=ADVANCED_FACE('',(#3571),#3830,.T.);
#3965=ADVANCED_FACE('',(#3572),#3831,.F.);
#3966=ADVANCED_FACE('',(#3573),#3832,.T.);
#3967=ADVANCED_FACE('',(#3574),#3833,.T.);
#3968=ADVANCED_FACE('',(#3575),#3834,.T.);
#3969=ADVANCED_FACE('',(#3576),#3835,.T.);
#3970=ADVANCED_FACE('',(#3577),#3836,.T.);
#3971=ADVANCED_FACE('',(#3578),#3837,.F.);
#3972=ADVANCED_FACE('',(#3579),#3838,.T.);
#3973=ADVANCED_FACE('',(#3580),#90,.F.);
#3974=ADVANCED_FACE('',(#3581),#91,.F.);
#3975=ADVANCED_FACE('',(#3582),#92,.F.);
#3976=ADVANCED_FACE('',(#3583),#93,.F.);
#3977=ADVANCED_FACE('',(#3584),#15,.F.);
#3978=ADVANCED_FACE('',(#3585),#16,.F.);
#3979=ADVANCED_FACE('',(#3586),#3839,.F.);
#3980=ADVANCED_FACE('',(#3587),#3840,.F.);
#3981=ADVANCED_FACE('',(#3588),#3841,.F.);
#3982=ADVANCED_FACE('',(#3589),#3842,.F.);
#3983=ADVANCED_FACE('',(#3590),#3843,.T.);
#3984=ADVANCED_FACE('',(#3591),#3844,.T.);
#3985=ADVANCED_FACE('',(#3592),#3845,.F.);
#3986=ADVANCED_FACE('',(#3593),#3846,.F.);
#3987=ADVANCED_FACE('',(#3594),#3847,.F.);
#3988=ADVANCED_FACE('',(#3595),#3848,.F.);
#3989=ADVANCED_FACE('',(#3596),#3849,.F.);
#3990=ADVANCED_FACE('',(#3597),#94,.T.);
#3991=ADVANCED_FACE('',(#3598),#3850,.T.);
#3992=ADVANCED_FACE('',(#3599),#3851,.F.);
#3993=ADVANCED_FACE('',(#3600),#3852,.F.);
#3994=ADVANCED_FACE('',(#3601),#3853,.F.);
#3995=ADVANCED_FACE('',(#3602),#3854,.T.);
#3996=ADVANCED_FACE('',(#3603),#3855,.F.);
#3997=ADVANCED_FACE('',(#3604),#3856,.T.);
#3998=ADVANCED_FACE('',(#3605),#3857,.F.);
#3999=ADVANCED_FACE('',(#3606),#3858,.F.);
#4000=ADVANCED_FACE('',(#3607),#95,.T.);
#4001=ADVANCED_FACE('',(#3608),#96,.T.);
#4002=ADVANCED_FACE('',(#3609),#14,.T.);
#4003=ADVANCED_FACE('',(#3610),#97,.T.);
#4004=ADVANCED_FACE('',(#3611),#98,.T.);
#4005=ADVANCED_FACE('',(#3612),#99,.T.);
#4006=ADVANCED_FACE('',(#3613),#100,.T.);
#4007=ADVANCED_FACE('',(#3614),#17,.T.);
#4008=ADVANCED_FACE('',(#3615),#101,.T.);
#4009=ADVANCED_FACE('',(#3616),#102,.T.);
#4010=ADVANCED_FACE('',(#3617),#103,.T.);
#4011=ADVANCED_FACE('',(#3618),#104,.T.);
#4012=ADVANCED_FACE('',(#3619),#105,.T.);
#4013=ADVANCED_FACE('',(#3620),#12,.T.);
#4014=ADVANCED_FACE('',(#3621),#106,.T.);
#4015=ADVANCED_FACE('',(#3622),#107,.F.);
#4016=ADVANCED_FACE('',(#3623),#18,.F.);
#4017=ADVANCED_FACE('',(#3624),#108,.F.);
#4018=ADVANCED_FACE('',(#3625),#109,.F.);
#4019=ADVANCED_FACE('',(#3626),#19,.F.);
#4020=ADVANCED_FACE('',(#3627),#110,.F.);
#4021=ADVANCED_FACE('',(#3628),#111,.F.);
#4022=ADVANCED_FACE('',(#3629),#20,.F.);
#4023=ADVANCED_FACE('',(#3630),#112,.F.);
#4024=ADVANCED_FACE('',(#3631),#21,.F.);
#4025=ADVANCED_FACE('',(#3632),#113,.F.);
#4026=ADVANCED_FACE('',(#3633),#22,.F.);
#4027=ADVANCED_FACE('',(#3634),#23,.F.);
#4028=ADVANCED_FACE('',(#3635),#114,.F.);
#4029=ADVANCED_FACE('',(#3636),#24,.F.);
#4030=ADVANCED_FACE('',(#3637),#25,.F.);
#4031=ADVANCED_FACE('',(#3638),#26,.F.);
#4032=ADVANCED_FACE('',(#3639),#27,.F.);
#4033=ADVANCED_FACE('',(#3640),#28,.F.);
#4034=ADVANCED_FACE('',(#3641),#29,.F.);
#4035=ADVANCED_FACE('',(#3642),#13,.F.);
#4036=ADVANCED_FACE('',(#3643),#30,.F.);
#4037=ADVANCED_FACE('',(#3644),#31,.F.);
#4038=ADVANCED_FACE('',(#3645),#32,.F.);
#4039=ADVANCED_FACE('',(#3646),#33,.F.);
#4040=ADVANCED_FACE('',(#3647),#34,.F.);
#4041=ADVANCED_FACE('',(#3648),#115,.F.);
#4042=ADVANCED_FACE('',(#3649),#35,.F.);
#4043=ADVANCED_FACE('',(#3650),#36,.F.);
#4044=ADVANCED_FACE('',(#3651),#37,.F.);
#4045=ADVANCED_FACE('',(#3652),#38,.F.);
#4046=ADVANCED_FACE('',(#3653),#39,.F.);
#4047=ADVANCED_FACE('',(#3654),#40,.F.);
#4048=ADVANCED_FACE('',(#3655),#41,.F.);
#4049=ADVANCED_FACE('',(#3656),#42,.F.);
#4050=ADVANCED_FACE('',(#3657),#43,.F.);
#4051=ADVANCED_FACE('',(#3658),#44,.F.);
#4052=ADVANCED_FACE('',(#3659),#45,.F.);
#4053=ADVANCED_FACE('',(#3660),#46,.F.);
#4054=ADVANCED_FACE('',(#3661),#47,.F.);
#4055=ADVANCED_FACE('',(#3662),#139,.T.);
#4056=ADVANCED_FACE('',(#3663),#140,.T.);
#4057=ADVANCED_FACE('',(#3664),#141,.T.);
#4058=ADVANCED_FACE('',(#3665),#142,.T.);
#4059=ADVANCED_FACE('',(#3666),#116,.F.);
#4060=ADVANCED_FACE('',(#3667),#143,.T.);
#4061=ADVANCED_FACE('',(#3668),#144,.T.);
#4062=ADVANCED_FACE('',(#3669),#3859,.F.);
#4063=ADVANCED_FACE('',(#3670),#3860,.T.);
#4064=ADVANCED_FACE('',(#3671),#3861,.T.);
#4065=ADVANCED_FACE('',(#3672),#3862,.T.);
#4066=ADVANCED_FACE('',(#3673),#3863,.T.);
#4067=ADVANCED_FACE('',(#3674),#3864,.F.);
#4068=ADVANCED_FACE('',(#3675,#3676),#49,.F.);
#4069=ADVANCED_FACE('',(#3677,#3678),#50,.F.);
#4070=ADVANCED_FACE('',(#3679,#3680),#51,.F.);
#4071=ADVANCED_FACE('',(#3681,#3682),#52,.F.);
#4072=ADVANCED_FACE('',(#3683,#3684),#53,.F.);
#4073=ADVANCED_FACE('',(#3685,#3686),#54,.F.);
#4074=ADVANCED_FACE('',(#3687,#3688),#55,.F.);
#4075=ADVANCED_FACE('',(#3689,#3690),#56,.F.);
#4076=ADVANCED_FACE('',(#3691,#3692),#117,.F.);
#4077=ADVANCED_FACE('',(#3693),#3865,.T.);
#4078=ADVANCED_FACE('',(#3694,#3695),#118,.F.);
#4079=ADVANCED_FACE('',(#3696),#3866,.T.);
#4080=ADVANCED_FACE('',(#3697,#3698),#119,.F.);
#4081=ADVANCED_FACE('',(#3699),#3867,.T.);
#4082=ADVANCED_FACE('',(#3700,#3701),#120,.F.);
#4083=ADVANCED_FACE('',(#3702),#3868,.F.);
#4084=ADVANCED_FACE('',(#3703,#3704),#121,.F.);
#4085=ADVANCED_FACE('',(#3705),#3869,.F.);
#4086=ADVANCED_FACE('',(#3706,#3707),#122,.F.);
#4087=ADVANCED_FACE('',(#3708),#3870,.F.);
#4088=ADVANCED_FACE('',(#3709,#3710),#123,.F.);
#4089=ADVANCED_FACE('',(#3711),#3871,.T.);
#4090=ADVANCED_FACE('',(#3712,#3713),#124,.F.);
#4091=ADVANCED_FACE('',(#3714),#3872,.T.);
#4092=ADVANCED_FACE('',(#3715,#3716),#125,.F.);
#4093=ADVANCED_FACE('',(#3717),#3873,.F.);
#4094=ADVANCED_FACE('',(#3718,#3719),#126,.F.);
#4095=ADVANCED_FACE('',(#3720),#3874,.F.);
#4096=ADVANCED_FACE('',(#3721,#3722),#57,.F.);
#4097=ADVANCED_FACE('',(#3723,#3724),#58,.F.);
#4098=ADVANCED_FACE('',(#3725,#3726),#59,.F.);
#4099=ADVANCED_FACE('',(#3727,#3728),#60,.F.);
#4100=ADVANCED_FACE('',(#3729,#3730),#61,.F.);
#4101=ADVANCED_FACE('',(#3731,#3732),#62,.F.);
#4102=ADVANCED_FACE('',(#3733,#3734),#63,.F.);
#4103=ADVANCED_FACE('',(#3735,#3736),#64,.F.);
#4104=ADVANCED_FACE('',(#3737,#3738),#65,.F.);
#4105=ADVANCED_FACE('',(#3739,#3740),#66,.F.);
#4106=ADVANCED_FACE('',(#3741),#145,.T.);
#4107=ADVANCED_FACE('',(#3742),#146,.T.);
#4108=ADVANCED_FACE('',(#3743),#3875,.T.);
#4109=ADVANCED_FACE('',(#3744),#147,.T.);
#4110=ADVANCED_FACE('',(#3745),#3876,.F.);
#4111=ADVANCED_FACE('',(#3746),#3877,.T.);
#4112=ADVANCED_FACE('',(#3747),#148,.T.);
#4113=ADVANCED_FACE('',(#3748),#149,.T.);
#4114=ADVANCED_FACE('',(#3749),#150,.T.);
#4115=ADVANCED_FACE('',(#3750),#3878,.T.);
#4116=ADVANCED_FACE('',(#3751),#151,.T.);
#4117=ADVANCED_FACE('',(#3752),#152,.T.);
#4118=ADVANCED_FACE('',(#3753),#153,.T.);
#4119=ADVANCED_FACE('',(#3754),#3879,.F.);
#4120=ADVANCED_FACE('',(#3755),#154,.T.);
#4121=ADVANCED_FACE('',(#3756),#3880,.T.);
#4122=ADVANCED_FACE('',(#3757),#3881,.T.);
#4123=ADVANCED_FACE('',(#3758),#155,.T.);
#4124=ADVANCED_FACE('',(#3759),#3882,.F.);
#4125=ADVANCED_FACE('',(#3760),#156,.T.);
#4126=ADVANCED_FACE('',(#3761),#157,.T.);
#4127=ADVANCED_FACE('',(#3762),#3883,.T.);
#4128=ADVANCED_FACE('',(#3763),#158,.T.);
#4129=ADVANCED_FACE('',(#3764),#3884,.T.);
#4130=ADVANCED_FACE('',(#3765),#67,.T.);
#4131=ADVANCED_FACE('',(#3766),#3885,.F.);
#4132=ADVANCED_FACE('',(#3767),#3886,.F.);
#4133=ADVANCED_FACE('',(#3768),#68,.T.);
#4134=ADVANCED_FACE('',(#3769),#3887,.T.);
#4135=ADVANCED_FACE('',(#3770),#159,.T.);
#4136=ADVANCED_FACE('',(#3771),#69,.F.);
#4137=ADVANCED_FACE('',(#3772),#160,.T.);
#4138=ADVANCED_FACE('',(#3773),#161,.T.);
#4139=ADVANCED_FACE('',(#3774),#162,.T.);
#4140=ADVANCED_FACE('',(#3775),#3888,.F.);
#4141=ADVANCED_FACE('',(#3776),#163,.T.);
#4142=ADVANCED_FACE('',(#3777),#3889,.T.);
#4143=ADVANCED_FACE('',(#3778),#70,.T.);
#4144=ADVANCED_FACE('',(#3779),#3890,.T.);
#4145=ADVANCED_FACE('',(#3780),#3891,.T.);
#4146=ADVANCED_FACE('',(#3781),#164,.T.);
#4147=ADVANCED_FACE('',(#3782),#165,.T.);
#4148=ADVANCED_FACE('',(#3783),#3892,.T.);
#4149=ADVANCED_FACE('',(#3784),#166,.T.);
#4150=ADVANCED_FACE('',(#3785),#167,.T.);
#4151=ADVANCED_FACE('',(#3786),#168,.T.);
#4152=ADVANCED_FACE('',(#3787),#3893,.T.);
#4153=CLOSED_SHELL('',(#3894,#3895,#3896,#3897,#3898,#3899,#3900,#3901,
#3902,#3903,#3904,#3905,#3906,#3907,#3908,#3909,#3910,#3911,#3912,#3913,
#3914,#3915,#3916,#3917,#3918,#3919,#3920,#3921,#3922,#3923,#3924,#3925,
#3926,#3927,#3928,#3929,#3930,#3931,#3932,#3933,#3934,#3935,#3936,#3937,
#3938,#3939,#3940,#3941,#3942,#3943,#3944,#3945,#3946,#3947,#3948,#3949,
#3950,#3951,#3952,#3953,#3954,#3955,#3956,#3957,#3958,#3959,#3960,#3961,
#3962,#3963,#3964,#3965,#3966,#3967,#3968,#3969,#3970,#3971,#3972,#3973,
#3974,#3975,#3976,#3977,#3978,#3979,#3980,#3981,#3982,#3983,#3984,#3985,
#3986,#3987,#3988,#3989,#3990,#3991,#3992,#3993,#3994,#3995,#3996,#3997,
#3998,#3999,#4000,#4001,#4002,#4003,#4004,#4005,#4006,#4007,#4008,#4009,
#4010,#4011,#4012,#4013,#4014,#4015,#4016,#4017,#4018,#4019,#4020,#4021,
#4022,#4023,#4024,#4025,#4026,#4027,#4028,#4029,#4030,#4031,#4032,#4033,
#4034,#4035,#4036,#4037,#4038,#4039,#4040,#4041,#4042,#4043,#4044,#4045,
#4046,#4047,#4048,#4049,#4050,#4051,#4052,#4053,#4054,#4055,#4056,#4057,
#4058,#4059,#4060,#4061,#4062,#4063,#4064,#4065,#4066,#4067,#4068,#4069,
#4070,#4071,#4072,#4073,#4074,#4075,#4076,#4077,#4078,#4079,#4080,#4081,
#4082,#4083,#4084,#4085,#4086,#4087,#4088,#4089,#4090,#4091,#4092,#4093,
#4094,#4095,#4096,#4097,#4098,#4099,#4100,#4101,#4102,#4103,#4104,#4105,
#4106,#4107,#4108,#4109,#4110,#4111,#4112,#4113,#4114,#4115,#4116,#4117,
#4118,#4119,#4120,#4121,#4122,#4123,#4124,#4125,#4126,#4127,#4128,#4129,
#4130,#4131,#4132,#4133,#4134,#4135,#4136,#4137,#4138,#4139,#4140,#4141,
#4142,#4143,#4144,#4145,#4146,#4147,#4148,#4149,#4150,#4151,#4152));
#4154=STYLED_ITEM('',(#4155),#4162);
#4155=PRESENTATION_STYLE_ASSIGNMENT((#4156));
#4156=SURFACE_STYLE_USAGE(.BOTH.,#4157);
#4157=SURFACE_SIDE_STYLE('',(#4158));
#4158=SURFACE_STYLE_FILL_AREA(#4159);
#4159=FILL_AREA_STYLE('',(#4160));
#4160=FILL_AREA_STYLE_COLOUR('',#4161);
#4161=COLOUR_RGB('',0.615686274509804,0.811764705882353,0.929411764705882);
#4162=MANIFOLD_SOLID_BREP('Front Bracket',#4153);
#4163=SHAPE_DEFINITION_REPRESENTATION(#9765,#4164);
#4164=SHAPE_REPRESENTATION('Front Bracket',(#4165),#9760);
#4165=AXIS2_PLACEMENT_3D('',#5425,#4506,#4507);
#4166=AXIS2_PLACEMENT_3D('',#5426,#4508,#4509);
#4167=AXIS2_PLACEMENT_3D('',#5430,#4511,#4512);
#4168=AXIS2_PLACEMENT_3D('',#5441,#4518,#4519);
#4169=AXIS2_PLACEMENT_3D('',#5469,#4526,#4527);
#4170=AXIS2_PLACEMENT_3D('',#5579,#4546,#4547);
#4171=AXIS2_PLACEMENT_3D('',#5616,#4551,#4552);
#4172=AXIS2_PLACEMENT_3D('',#5672,#4567,#4568);
#4173=AXIS2_PLACEMENT_3D('',#5676,#4570,#4571);
#4174=AXIS2_PLACEMENT_3D('',#5680,#4573,#4574);
#4175=AXIS2_PLACEMENT_3D('',#5684,#4576,#4577);
#4176=AXIS2_PLACEMENT_3D('',#5685,#4578,#4579);
#4177=AXIS2_PLACEMENT_3D('',#5686,#4580,#4581);
#4178=AXIS2_PLACEMENT_3D('',#5688,#4582,#4583);
#4179=AXIS2_PLACEMENT_3D('',#5690,#4584,#4585);
#4180=AXIS2_PLACEMENT_3D('',#5692,#4586,#4587);
#4181=AXIS2_PLACEMENT_3D('',#5694,#4588,#4589);
#4182=AXIS2_PLACEMENT_3D('',#5696,#4590,#4591);
#4183=AXIS2_PLACEMENT_3D('',#5698,#4592,#4593);
#4184=AXIS2_PLACEMENT_3D('',#5700,#4594,#4595);
#4185=AXIS2_PLACEMENT_3D('',#5710,#4597,#4598);
#4186=AXIS2_PLACEMENT_3D('',#5724,#4600,#4601);
#4187=AXIS2_PLACEMENT_3D('',#5738,#4603,#4604);
#4188=AXIS2_PLACEMENT_3D('',#5752,#4606,#4607);
#4189=AXIS2_PLACEMENT_3D('',#5758,#4608,#4609);
#4190=AXIS2_PLACEMENT_3D('',#5773,#4611,#4612);
#4191=AXIS2_PLACEMENT_3D('',#5782,#4614,#4615);
#4192=AXIS2_PLACEMENT_3D('',#5796,#4617,#4618);
#4193=AXIS2_PLACEMENT_3D('',#5817,#4624,#4625);
#4194=AXIS2_PLACEMENT_3D('',#5821,#4627,#4628);
#4195=AXIS2_PLACEMENT_3D('',#5825,#4630,#4631);
#4196=AXIS2_PLACEMENT_3D('',#5829,#4633,#4634);
#4197=AXIS2_PLACEMENT_3D('',#5830,#4635,#4636);
#4198=AXIS2_PLACEMENT_3D('',#5842,#4639,#4640);
#4199=AXIS2_PLACEMENT_3D('',#5927,#4642,#4643);
#4200=AXIS2_PLACEMENT_3D('',#5950,#4648,#4649);
#4201=AXIS2_PLACEMENT_3D('',#5954,#4651,#4652);
#4202=AXIS2_PLACEMENT_3D('',#6112,#4653,#4654);
#4203=AXIS2_PLACEMENT_3D('',#6137,#4664,#4665);
#4204=AXIS2_PLACEMENT_3D('',#6138,#4666,#4667);
#4205=AXIS2_PLACEMENT_3D('',#6173,#4671,#4672);
#4206=AXIS2_PLACEMENT_3D('',#6181,#4676,#4677);
#4207=AXIS2_PLACEMENT_3D('',#6191,#4682,#4683);
#4208=AXIS2_PLACEMENT_3D('',#6192,#4684,#4685);
#4209=AXIS2_PLACEMENT_3D('',#6204,#4688,#4689);
#4210=AXIS2_PLACEMENT_3D('',#6214,#4694,#4695);
#4211=AXIS2_PLACEMENT_3D('',#6222,#4699,#4700);
#4212=AXIS2_PLACEMENT_3D('',#6230,#4702,#4703);
#4213=AXIS2_PLACEMENT_3D('',#6235,#4706,#4707);
#4214=AXIS2_PLACEMENT_3D('',#6252,#4711,#4712);
#4215=AXIS2_PLACEMENT_3D('',#6254,#4713,#4714);
#4216=AXIS2_PLACEMENT_3D('',#6256,#4715,#4716);
#4217=AXIS2_PLACEMENT_3D('',#6257,#4717,#4718);
#4218=AXIS2_PLACEMENT_3D('',#6259,#4719,#4720);
#4219=AXIS2_PLACEMENT_3D('',#6270,#4725,#4726);
#4220=AXIS2_PLACEMENT_3D('',#6271,#4727,#4728);
#4221=AXIS2_PLACEMENT_3D('',#6276,#4731,#4732);
#4222=AXIS2_PLACEMENT_3D('',#6280,#4734,#4735);
#4223=AXIS2_PLACEMENT_3D('',#6284,#4738,#4739);
#4224=AXIS2_PLACEMENT_3D('',#6286,#4740,#4741);
#4225=AXIS2_PLACEMENT_3D('',#6288,#4742,#4743);
#4226=AXIS2_PLACEMENT_3D('',#6294,#4747,#4748);
#4227=AXIS2_PLACEMENT_3D('',#6305,#4752,#4753);
#4228=AXIS2_PLACEMENT_3D('',#6306,#4754,#4755);
#4229=AXIS2_PLACEMENT_3D('',#6310,#4758,#4759);
#4230=AXIS2_PLACEMENT_3D('',#6317,#4761,#4762);
#4231=AXIS2_PLACEMENT_3D('',#6318,#4763,#4764);
#4232=AXIS2_PLACEMENT_3D('',#6320,#4765,#4766);
#4233=AXIS2_PLACEMENT_3D('',#6322,#4767,#4768);
#4234=AXIS2_PLACEMENT_3D('',#6324,#4769,#4770);
#4235=AXIS2_PLACEMENT_3D('',#6326,#4771,#4772);
#4236=AXIS2_PLACEMENT_3D('',#6329,#4774,#4775);
#4237=AXIS2_PLACEMENT_3D('',#6339,#4778,#4779);
#4238=AXIS2_PLACEMENT_3D('',#6342,#4781,#4782);
#4239=AXIS2_PLACEMENT_3D('',#6345,#4784,#4785);
#4240=AXIS2_PLACEMENT_3D('',#6346,#4786,#4787);
#4241=AXIS2_PLACEMENT_3D('',#6353,#4789,#4790);
#4242=AXIS2_PLACEMENT_3D('',#6354,#4791,#4792);
#4243=AXIS2_PLACEMENT_3D('',#6356,#4793,#4794);
#4244=AXIS2_PLACEMENT_3D('',#6358,#4795,#4796);
#4245=AXIS2_PLACEMENT_3D('',#6360,#4797,#4798);
#4246=AXIS2_PLACEMENT_3D('',#6412,#4801,#4802);
#4247=AXIS2_PLACEMENT_3D('',#6445,#4805,#4806);
#4248=AXIS2_PLACEMENT_3D('',#6531,#4807,#4808);
#4249=AXIS2_PLACEMENT_3D('',#6532,#4809,#4810);
#4250=AXIS2_PLACEMENT_3D('',#6534,#4811,#4812);
#4251=AXIS2_PLACEMENT_3D('',#6771,#4814,#4815);
#4252=AXIS2_PLACEMENT_3D('',#6787,#4817,#4818);
#4253=AXIS2_PLACEMENT_3D('',#6788,#4819,#4820);
#4254=AXIS2_PLACEMENT_3D('',#6790,#4821,#4822);
#4255=AXIS2_PLACEMENT_3D('',#6792,#4823,#4824);
#4256=AXIS2_PLACEMENT_3D('',#6793,#4825,#4826);
#4257=AXIS2_PLACEMENT_3D('',#6794,#4827,#4828);
#4258=AXIS2_PLACEMENT_3D('',#6796,#4829,#4830);
#4259=AXIS2_PLACEMENT_3D('',#6798,#4831,#4832);
#4260=AXIS2_PLACEMENT_3D('',#6799,#4833,#4834);
#4261=AXIS2_PLACEMENT_3D('',#6800,#4835,#4836);
#4262=AXIS2_PLACEMENT_3D('',#6802,#4837,#4838);
#4263=AXIS2_PLACEMENT_3D('',#6804,#4839,#4840);
#4264=AXIS2_PLACEMENT_3D('',#6805,#4841,#4842);
#4265=AXIS2_PLACEMENT_3D('',#6806,#4843,#4844);
#4266=AXIS2_PLACEMENT_3D('',#6808,#4845,#4846);
#4267=AXIS2_PLACEMENT_3D('',#6810,#4847,#4848);
#4268=AXIS2_PLACEMENT_3D('',#6811,#4849,#4850);
#4269=AXIS2_PLACEMENT_3D('',#6812,#4851,#4852);
#4270=AXIS2_PLACEMENT_3D('',#6814,#4853,#4854);
#4271=AXIS2_PLACEMENT_3D('',#6816,#4855,#4856);
#4272=AXIS2_PLACEMENT_3D('',#6817,#4857,#4858);
#4273=AXIS2_PLACEMENT_3D('',#6818,#4859,#4860);
#4274=AXIS2_PLACEMENT_3D('',#6820,#4861,#4862);
#4275=AXIS2_PLACEMENT_3D('',#6822,#4863,#4864);
#4276=AXIS2_PLACEMENT_3D('',#6823,#4865,#4866);
#4277=AXIS2_PLACEMENT_3D('',#6824,#4867,#4868);
#4278=AXIS2_PLACEMENT_3D('',#6826,#4869,#4870);
#4279=AXIS2_PLACEMENT_3D('',#6828,#4871,#4872);
#4280=AXIS2_PLACEMENT_3D('',#6829,#4873,#4874);
#4281=AXIS2_PLACEMENT_3D('',#6830,#4875,#4876);
#4282=AXIS2_PLACEMENT_3D('',#6832,#4877,#4878);
#4283=AXIS2_PLACEMENT_3D('',#6834,#4879,#4880);
#4284=AXIS2_PLACEMENT_3D('',#6835,#4881,#4882);
#4285=AXIS2_PLACEMENT_3D('',#6841,#4886,#4887);
#4286=AXIS2_PLACEMENT_3D('',#6851,#4889,#4890);
#4287=AXIS2_PLACEMENT_3D('',#6857,#4894,#4895);
#4288=AXIS2_PLACEMENT_3D('',#6858,#4896,#4897);
#4289=AXIS2_PLACEMENT_3D('',#6859,#4898,#4899);
#4290=AXIS2_PLACEMENT_3D('',#6860,#4900,#4901);
#4291=AXIS2_PLACEMENT_3D('',#6862,#4902,#4903);
#4292=AXIS2_PLACEMENT_3D('',#6863,#4904,#4905);
#4293=AXIS2_PLACEMENT_3D('',#6864,#4906,#4907);
#4294=AXIS2_PLACEMENT_3D('',#6866,#4908,#4909);
#4295=AXIS2_PLACEMENT_3D('',#6867,#4910,#4911);
#4296=AXIS2_PLACEMENT_3D('',#6868,#4912,#4913);
#4297=AXIS2_PLACEMENT_3D('',#6869,#4914,#4915);
#4298=AXIS2_PLACEMENT_3D('',#6880,#4916,#4917);
#4299=AXIS2_PLACEMENT_3D('',#6881,#4918,#4919);
#4300=AXIS2_PLACEMENT_3D('',#6882,#4920,#4921);
#4301=AXIS2_PLACEMENT_3D('',#6892,#4923,#4924);
#4302=AXIS2_PLACEMENT_3D('',#6894,#4926,#4927);
#4303=AXIS2_PLACEMENT_3D('',#6897,#4930,#4931);
#4304=AXIS2_PLACEMENT_3D('',#6899,#4933,#4934);
#4305=AXIS2_PLACEMENT_3D('',#6902,#4937,#4938);
#4306=AXIS2_PLACEMENT_3D('',#6904,#4940,#4941);
#4307=AXIS2_PLACEMENT_3D('',#6912,#4944,#4945);
#4308=AXIS2_PLACEMENT_3D('',#6919,#4948,#4949);
#4309=AXIS2_PLACEMENT_3D('',#6920,#4950,#4951);
#4310=AXIS2_PLACEMENT_3D('',#6924,#4954,#4955);
#4311=AXIS2_PLACEMENT_3D('',#6927,#4958,#4959);
#4312=AXIS2_PLACEMENT_3D('',#6928,#4960,#4961);
#4313=AXIS2_PLACEMENT_3D('',#6930,#4963,#4964);
#4314=AXIS2_PLACEMENT_3D('',#6940,#4966,#4967);
#4315=AXIS2_PLACEMENT_3D('',#6942,#4969,#4970);
#4316=AXIS2_PLACEMENT_3D('',#6946,#4974,#4975);
#4317=AXIS2_PLACEMENT_3D('',#6948,#4977,#4978);
#4318=AXIS2_PLACEMENT_3D('',#6950,#4980,#4981);
#4319=AXIS2_PLACEMENT_3D('',#6951,#4982,#4983);
#4320=AXIS2_PLACEMENT_3D('',#6952,#4984,#4985);
#4321=AXIS2_PLACEMENT_3D('',#6953,#4986,#4987);
#4322=AXIS2_PLACEMENT_3D('',#7039,#4988,#4989);
#4323=AXIS2_PLACEMENT_3D('',#7050,#4995,#4996);
#4324=AXIS2_PLACEMENT_3D('',#7061,#5002,#5003);
#4325=AXIS2_PLACEMENT_3D('',#7074,#5010,#5011);
#4326=AXIS2_PLACEMENT_3D('',#7080,#5015,#5016);
#4327=AXIS2_PLACEMENT_3D('',#7081,#5017,#5018);
#4328=AXIS2_PLACEMENT_3D('',#7083,#5020,#5021);
#4329=AXIS2_PLACEMENT_3D('',#7088,#5024,#5025);
#4330=AXIS2_PLACEMENT_3D('',#7089,#5026,#5027);
#4331=AXIS2_PLACEMENT_3D('',#7095,#5031,#5032);
#4332=AXIS2_PLACEMENT_3D('',#7098,#5034,#5035);
#4333=AXIS2_PLACEMENT_3D('',#7099,#5036,#5037);
#4334=AXIS2_PLACEMENT_3D('',#7116,#5041,#5042);
#4335=AXIS2_PLACEMENT_3D('',#7130,#5046,#5047);
#4336=AXIS2_PLACEMENT_3D('',#7131,#5048,#5049);
#4337=AXIS2_PLACEMENT_3D('',#7147,#5052,#5053);
#4338=AXIS2_PLACEMENT_3D('',#7151,#5055,#5056);
#4339=AXIS2_PLACEMENT_3D('',#7157,#5057,#5058);
#4340=AXIS2_PLACEMENT_3D('',#7158,#5059,#5060);
#4341=AXIS2_PLACEMENT_3D('',#7164,#5064,#5065);
#4342=AXIS2_PLACEMENT_3D('',#7170,#5069,#5070);
#4343=AXIS2_PLACEMENT_3D('',#7171,#5071,#5072);
#4344=AXIS2_PLACEMENT_3D('',#7176,#5075,#5076);
#4345=AXIS2_PLACEMENT_3D('',#7177,#5077,#5078);
#4346=AXIS2_PLACEMENT_3D('',#7179,#5080,#5081);
#4347=AXIS2_PLACEMENT_3D('',#7193,#5083,#5084);
#4348=AXIS2_PLACEMENT_3D('',#7195,#5086,#5087);
#4349=AXIS2_PLACEMENT_3D('',#7196,#5088,#5089);
#4350=AXIS2_PLACEMENT_3D('',#7198,#5091,#5092);
#4351=AXIS2_PLACEMENT_3D('',#7200,#5093,#5094);
#4352=AXIS2_PLACEMENT_3D('',#7201,#5095,#5096);
#4353=AXIS2_PLACEMENT_3D('',#7228,#5100,#5101);
#4354=AXIS2_PLACEMENT_3D('',#7236,#5105,#5106);
#4355=AXIS2_PLACEMENT_3D('',#7239,#5108,#5109);
#4356=AXIS2_PLACEMENT_3D('',#7240,#5110,#5111);
#4357=AXIS2_PLACEMENT_3D('',#7241,#5112,#5113);
#4358=AXIS2_PLACEMENT_3D('',#7266,#5114,#5115);
#4359=AXIS2_PLACEMENT_3D('',#7287,#5116,#5117);
#4360=AXIS2_PLACEMENT_3D('',#7288,#5118,#5119);
#4361=AXIS2_PLACEMENT_3D('',#7289,#5120,#5121);
#4362=AXIS2_PLACEMENT_3D('',#7290,#5122,#5123);
#4363=AXIS2_PLACEMENT_3D('',#7291,#5124,#5125);
#4364=AXIS2_PLACEMENT_3D('',#7292,#5126,#5127);
#4365=AXIS2_PLACEMENT_3D('',#7302,#5128,#5129);
#4366=AXIS2_PLACEMENT_3D('',#7303,#5130,#5131);
#4367=AXIS2_PLACEMENT_3D('',#7304,#5132,#5133);
#4368=AXIS2_PLACEMENT_3D('',#7320,#5134,#5135);
#4369=AXIS2_PLACEMENT_3D('',#7321,#5136,#5137);
#4370=AXIS2_PLACEMENT_3D('',#7322,#5138,#5139);
#4371=AXIS2_PLACEMENT_3D('',#7323,#5140,#5141);
#4372=AXIS2_PLACEMENT_3D('',#7324,#5142,#5143);
#4373=AXIS2_PLACEMENT_3D('',#7325,#5144,#5145);
#4374=AXIS2_PLACEMENT_3D('',#7326,#5146,#5147);
#4375=AXIS2_PLACEMENT_3D('',#7327,#5148,#5149);
#4376=AXIS2_PLACEMENT_3D('',#7328,#5150,#5151);
#4377=AXIS2_PLACEMENT_3D('',#7329,#5152,#5153);
#4378=AXIS2_PLACEMENT_3D('',#7330,#5154,#5155);
#4379=AXIS2_PLACEMENT_3D('',#7331,#5156,#5157);
#4380=AXIS2_PLACEMENT_3D('',#7332,#5158,#5159);
#4381=AXIS2_PLACEMENT_3D('',#7334,#5160,#5161);
#4382=AXIS2_PLACEMENT_3D('',#7335,#5162,#5163);
#4383=AXIS2_PLACEMENT_3D('',#7336,#5164,#5165);
#4384=AXIS2_PLACEMENT_3D('',#7337,#5166,#5167);
#4385=AXIS2_PLACEMENT_3D('',#7338,#5168,#5169);
#4386=AXIS2_PLACEMENT_3D('',#7339,#5170,#5171);
#4387=AXIS2_PLACEMENT_3D('',#7340,#5172,#5173);
#4388=AXIS2_PLACEMENT_3D('',#7348,#5174,#5175);
#4389=AXIS2_PLACEMENT_3D('',#7379,#5176,#5177);
#4390=AXIS2_PLACEMENT_3D('',#7380,#5178,#5179);
#4391=AXIS2_PLACEMENT_3D('',#7397,#5180,#5181);
#4392=AXIS2_PLACEMENT_3D('',#7398,#5182,#5183);
#4393=AXIS2_PLACEMENT_3D('',#7420,#5184,#5185);
#4394=AXIS2_PLACEMENT_3D('',#7421,#5186,#5187);
#4395=AXIS2_PLACEMENT_3D('',#7440,#5188,#5189);
#4396=AXIS2_PLACEMENT_3D('',#7463,#5190,#5191);
#4397=AXIS2_PLACEMENT_3D('',#7485,#5192,#5193);
#4398=AXIS2_PLACEMENT_3D('',#7486,#5194,#5195);
#4399=AXIS2_PLACEMENT_3D('',#7487,#5196,#5197);
#4400=AXIS2_PLACEMENT_3D('',#7503,#5198,#5199);
#4401=AXIS2_PLACEMENT_3D('',#7504,#5200,#5201);
#4402=AXIS2_PLACEMENT_3D('',#7525,#5202,#5203);
#4403=AXIS2_PLACEMENT_3D('',#7538,#5204,#5205);
#4404=AXIS2_PLACEMENT_3D('',#7539,#5206,#5207);
#4405=AXIS2_PLACEMENT_3D('',#7540,#5208,#5209);
#4406=AXIS2_PLACEMENT_3D('',#7574,#5210,#5211);
#4407=AXIS2_PLACEMENT_3D('',#7599,#5212,#5213);
#4408=AXIS2_PLACEMENT_3D('',#7612,#5214,#5215);
#4409=AXIS2_PLACEMENT_3D('',#7628,#5216,#5217);
#4410=AXIS2_PLACEMENT_3D('',#7673,#5218,#5219);
#4411=AXIS2_PLACEMENT_3D('',#7674,#5220,#5221);
#4412=AXIS2_PLACEMENT_3D('',#7675,#5222,#5223);
#4413=AXIS2_PLACEMENT_3D('',#7677,#5224,#5225);
#4414=AXIS2_PLACEMENT_3D('',#7706,#5226,#5227);
#4415=AXIS2_PLACEMENT_3D('',#7753,#5228,#5229);
#4416=AXIS2_PLACEMENT_3D('',#7769,#5230,#5231);
#4417=AXIS2_PLACEMENT_3D('',#7770,#5232,#5233);
#4418=AXIS2_PLACEMENT_3D('',#8661,#5234,#5235);
#4419=AXIS2_PLACEMENT_3D('',#9231,#5236,#5237);
#4420=AXIS2_PLACEMENT_3D('',#9237,#5241,#5242);
#4421=AXIS2_PLACEMENT_3D('',#9243,#5246,#5247);
#4422=AXIS2_PLACEMENT_3D('',#9245,#5249,#5250);
#4423=AXIS2_PLACEMENT_3D('',#9248,#5253,#5254);
#4424=AXIS2_PLACEMENT_3D('',#9249,#5255,#5256);
#4425=AXIS2_PLACEMENT_3D('',#9250,#5257,#5258);
#4426=AXIS2_PLACEMENT_3D('',#9251,#5259,#5260);
#4427=AXIS2_PLACEMENT_3D('',#9252,#5261,#5262);
#4428=AXIS2_PLACEMENT_3D('',#9253,#5263,#5264);
#4429=AXIS2_PLACEMENT_3D('',#9254,#5265,#5266);
#4430=AXIS2_PLACEMENT_3D('',#9255,#5267,#5268);
#4431=AXIS2_PLACEMENT_3D('',#9256,#5269,#5270);
#4432=AXIS2_PLACEMENT_3D('',#9257,#5271,#5272);
#4433=AXIS2_PLACEMENT_3D('',#9258,#5273,#5274);
#4434=AXIS2_PLACEMENT_3D('',#9259,#5275,#5276);
#4435=AXIS2_PLACEMENT_3D('',#9261,#5277,#5278);
#4436=AXIS2_PLACEMENT_3D('',#9263,#5279,#5280);
#4437=AXIS2_PLACEMENT_3D('',#9264,#5281,#5282);
#4438=AXIS2_PLACEMENT_3D('',#9265,#5283,#5284);
#4439=AXIS2_PLACEMENT_3D('',#9267,#5285,#5286);
#4440=AXIS2_PLACEMENT_3D('',#9269,#5287,#5288);
#4441=AXIS2_PLACEMENT_3D('',#9270,#5289,#5290);
#4442=AXIS2_PLACEMENT_3D('',#9271,#5291,#5292);
#4443=AXIS2_PLACEMENT_3D('',#9273,#5293,#5294);
#4444=AXIS2_PLACEMENT_3D('',#9275,#5295,#5296);
#4445=AXIS2_PLACEMENT_3D('',#9276,#5297,#5298);
#4446=AXIS2_PLACEMENT_3D('',#9277,#5299,#5300);
#4447=AXIS2_PLACEMENT_3D('',#9279,#5301,#5302);
#4448=AXIS2_PLACEMENT_3D('',#9281,#5303,#5304);
#4449=AXIS2_PLACEMENT_3D('',#9282,#5305,#5306);
#4450=AXIS2_PLACEMENT_3D('',#9283,#5307,#5308);
#4451=AXIS2_PLACEMENT_3D('',#9285,#5309,#5310);
#4452=AXIS2_PLACEMENT_3D('',#9287,#5311,#5312);
#4453=AXIS2_PLACEMENT_3D('',#9288,#5313,#5314);
#4454=AXIS2_PLACEMENT_3D('',#9289,#5315,#5316);
#4455=AXIS2_PLACEMENT_3D('',#9291,#5317,#5318);
#4456=AXIS2_PLACEMENT_3D('',#9293,#5319,#5320);
#4457=AXIS2_PLACEMENT_3D('',#9294,#5321,#5322);
#4458=AXIS2_PLACEMENT_3D('',#9295,#5323,#5324);
#4459=AXIS2_PLACEMENT_3D('',#9297,#5325,#5326);
#4460=AXIS2_PLACEMENT_3D('',#9299,#5327,#5328);
#4461=AXIS2_PLACEMENT_3D('',#9300,#5329,#5330);
#4462=AXIS2_PLACEMENT_3D('',#9301,#5331,#5332);
#4463=AXIS2_PLACEMENT_3D('',#9303,#5333,#5334);
#4464=AXIS2_PLACEMENT_3D('',#9305,#5335,#5336);
#4465=AXIS2_PLACEMENT_3D('',#9306,#5337,#5338);
#4466=AXIS2_PLACEMENT_3D('',#9307,#5339,#5340);
#4467=AXIS2_PLACEMENT_3D('',#9309,#5341,#5342);
#4468=AXIS2_PLACEMENT_3D('',#9311,#5343,#5344);
#4469=AXIS2_PLACEMENT_3D('',#9312,#5345,#5346);
#4470=AXIS2_PLACEMENT_3D('',#9313,#5347,#5348);
#4471=AXIS2_PLACEMENT_3D('',#9315,#5349,#5350);
#4472=AXIS2_PLACEMENT_3D('',#9317,#5351,#5352);
#4473=AXIS2_PLACEMENT_3D('',#9318,#5353,#5354);
#4474=AXIS2_PLACEMENT_3D('',#9319,#5355,#5356);
#4475=AXIS2_PLACEMENT_3D('',#9320,#5357,#5358);
#4476=AXIS2_PLACEMENT_3D('',#9321,#5359,#5360);
#4477=AXIS2_PLACEMENT_3D('',#9322,#5361,#5362);
#4478=AXIS2_PLACEMENT_3D('',#9323,#5363,#5364);
#4479=AXIS2_PLACEMENT_3D('',#9324,#5365,#5366);
#4480=AXIS2_PLACEMENT_3D('',#9325,#5367,#5368);
#4481=AXIS2_PLACEMENT_3D('',#9326,#5369,#5370);
#4482=AXIS2_PLACEMENT_3D('',#9327,#5371,#5372);
#4483=AXIS2_PLACEMENT_3D('',#9352,#5373,#5374);
#4484=AXIS2_PLACEMENT_3D('',#9369,#5375,#5376);
#4485=AXIS2_PLACEMENT_3D('',#9370,#5377,#5378);
#4486=AXIS2_PLACEMENT_3D('',#9415,#5379,#5380);
#4487=AXIS2_PLACEMENT_3D('',#9460,#5381,#5382);
#4488=AXIS2_PLACEMENT_3D('',#9481,#5383,#5384);
#4489=AXIS2_PLACEMENT_3D('',#9482,#5385,#5386);
#4490=AXIS2_PLACEMENT_3D('',#9503,#5387,#5388);
#4491=AXIS2_PLACEMENT_3D('',#9528,#5389,#5390);
#4492=AXIS2_PLACEMENT_3D('',#9549,#5391,#5392);
#4493=AXIS2_PLACEMENT_3D('',#9551,#5394,#5395);
#4494=AXIS2_PLACEMENT_3D('',#9553,#5397,#5398);
#4495=AXIS2_PLACEMENT_3D('',#9554,#5399,#5400);
#4496=AXIS2_PLACEMENT_3D('',#9556,#5402,#5403);
#4497=AXIS2_PLACEMENT_3D('',#9558,#5405,#5406);
#4498=AXIS2_PLACEMENT_3D('',#9583,#5407,#5408);
#4499=AXIS2_PLACEMENT_3D('',#9628,#5409,#5410);
#4500=AXIS2_PLACEMENT_3D('',#9649,#5411,#5412);
#4501=AXIS2_PLACEMENT_3D('',#9651,#5414,#5415);
#4502=AXIS2_PLACEMENT_3D('',#9653,#5417,#5418);
#4503=AXIS2_PLACEMENT_3D('',#9654,#5419,#5420);
#4504=AXIS2_PLACEMENT_3D('',#9713,#5421,#5422);
#4505=AXIS2_PLACEMENT_3D('',#9758,#5423,#5424);
#4506=DIRECTION('',(0.,0.,1.));
#4507=DIRECTION('',(1.,0.,0.));
#4508=DIRECTION('',(1.,0.,0.));
#4509=DIRECTION('',(0.,0.,-1.));
#4510=DIRECTION('',(0.,-1.,0.));
#4511=DIRECTION('',(1.,0.,0.));
#4512=DIRECTION('',(0.,0.,-1.));
#4513=DIRECTION('',(0.,-1.,0.));
#4514=DIRECTION('',(0.,0.,1.));
#4515=DIRECTION('',(0.,-1.,0.));
#4516=DIRECTION('',(0.,0.707106781186548,-0.707106781186547));
#4517=DIRECTION('',(0.,0.,1.));
#4518=DIRECTION('',(0.,1.,0.));
#4519=DIRECTION('',(-1.,0.,0.));
#4520=DIRECTION('',(0.422618261740699,0.,0.90630778703665));
#4521=DIRECTION('',(-1.,0.,0.));
#4522=DIRECTION('',(0.,0.,1.));
#4523=DIRECTION('',(1.,0.,0.));
#4524=DIRECTION('',(-4.5239718731919E-19,0.,1.));
#4525=DIRECTION('',(-0.915522308047388,0.,0.402267204066631));
#4526=DIRECTION('',(0.,1.,0.));
#4527=DIRECTION('',(0.,0.,1.));
#4528=DIRECTION('',(0.,0.,1.));
#4529=DIRECTION('',(1.,0.,0.));
#4530=DIRECTION('',(0.,0.,1.));
#4531=DIRECTION('',(1.,0.,0.));
#4532=DIRECTION('',(-4.5239718731919E-19,0.,1.));
#4533=DIRECTION('',(-1.,0.,-4.82706538259568E-16));
#4534=DIRECTION('',(0.,0.,-1.));
#4535=DIRECTION('',(1.,0.,0.));
#4536=DIRECTION('',(0.,0.,1.));
#4537=DIRECTION('',(-1.,0.,0.));
#4538=DIRECTION('',(1.97568314337178E-16,0.,-1.));
#4539=DIRECTION('',(1.,0.,0.));
#4540=DIRECTION('',(-0.707106781186548,0.,0.707106781186548));
#4541=DIRECTION('',(0.,0.,1.));
#4542=DIRECTION('',(1.,0.,0.));
#4543=DIRECTION('',(0.,0.,-1.));
#4544=DIRECTION('',(1.,0.,0.));
#4545=DIRECTION('',(0.,0.,-1.));
#4546=DIRECTION('',(0.,1.,0.));
#4547=DIRECTION('',(0.,0.,1.));
#4548=DIRECTION('',(-0.866025403784439,0.,-0.5));
#4549=DIRECTION('',(1.97568314337178E-16,0.,-1.));
#4550=DIRECTION('',(0.5,0.,0.866025403784438));
#4551=DIRECTION('',(0.,1.,0.));
#4552=DIRECTION('',(0.,0.,1.));
#4553=DIRECTION('',(1.,0.,0.));
#4554=DIRECTION('',(0.707106781186548,0.,-0.707106781186548));
#4555=DIRECTION('',(0.,0.,1.));
#4556=DIRECTION('',(1.,0.,0.));
#4557=DIRECTION('',(0.,0.,1.));
#4558=DIRECTION('',(1.,0.,0.));
#4559=DIRECTION('',(0.5,0.,-0.866025403784439));
#4560=DIRECTION('',(1.,0.,-2.89925929131614E-16));
#4561=DIRECTION('',(-1.,0.,0.));
#4562=DIRECTION('',(1.,0.,-1.9334687070735E-16));
#4563=DIRECTION('',(0.,0.,1.));
#4564=DIRECTION('',(1.,0.,0.));
#4565=DIRECTION('',(0.,0.,-1.));
#4566=DIRECTION('',(1.,0.,0.));
#4567=DIRECTION('',(0.,1.,0.));
#4568=DIRECTION('',(0.,0.,1.));
#4569=DIRECTION('',(1.,0.,0.));
#4570=DIRECTION('',(0.,1.,0.));
#4571=DIRECTION('',(0.,0.,1.));
#4572=DIRECTION('',(0.,0.,-1.));
#4573=DIRECTION('',(0.,1.,0.));
#4574=DIRECTION('',(0.,0.,1.));
#4575=DIRECTION('',(1.,0.,-1.16424003675573E-16));
#4576=DIRECTION('',(0.,1.,0.));
#4577=DIRECTION('',(0.,0.,1.));
#4578=DIRECTION('',(0.,1.,0.));
#4579=DIRECTION('',(-1.,0.,0.));
#4580=DIRECTION('',(0.,1.,0.));
#4581=DIRECTION('',(0.,0.,1.));
#4582=DIRECTION('',(0.,1.,0.));
#4583=DIRECTION('',(0.,0.,1.));
#4584=DIRECTION('',(0.,1.,0.));
#4585=DIRECTION('',(0.,0.,1.));
#4586=DIRECTION('',(0.,1.,0.));
#4587=DIRECTION('',(0.,0.,1.));
#4588=DIRECTION('',(0.,1.,0.));
#4589=DIRECTION('',(0.,0.,1.));
#4590=DIRECTION('',(0.,1.,0.));
#4591=DIRECTION('',(0.,0.,1.));
#4592=DIRECTION('',(0.,1.,0.));
#4593=DIRECTION('',(0.,0.,1.));
#4594=DIRECTION('',(0.,1.,0.));
#4595=DIRECTION('',(0.,0.,1.));
#4596=DIRECTION('',(1.,0.,0.));
#4597=DIRECTION('',(0.,1.,0.));
#4598=DIRECTION('',(0.,0.,1.));
#4599=DIRECTION('',(0.,0.,-1.));
#4600=DIRECTION('',(0.,1.,0.));
#4601=DIRECTION('',(0.,0.,1.));
#4602=DIRECTION('',(-1.,0.,0.));
#4603=DIRECTION('',(0.,1.,0.));
#4604=DIRECTION('',(0.,0.,1.));
#4605=DIRECTION('',(0.,0.,1.));
#4606=DIRECTION('',(0.,1.,0.));
#4607=DIRECTION('',(0.,0.,1.));
#4608=DIRECTION('',(0.,-1.,0.));
#4609=DIRECTION('',(0.,0.,1.));
#4610=DIRECTION('',(1.,0.,0.));
#4611=DIRECTION('',(0.,-1.,0.));
#4612=DIRECTION('',(0.,0.,1.));
#4613=DIRECTION('',(0.,0.,-1.));
#4614=DIRECTION('',(0.,1.,0.));
#4615=DIRECTION('',(0.,0.,1.));
#4616=DIRECTION('',(-1.,0.,0.));
#4617=DIRECTION('',(0.,-1.,0.));
#4618=DIRECTION('',(0.,0.,1.));
#4619=DIRECTION('',(0.,0.,1.));
#4620=DIRECTION('',(1.,0.,0.));
#4621=DIRECTION('',(0.,0.,-1.));
#4622=DIRECTION('',(-1.,0.,0.));
#4623=DIRECTION('',(0.,0.,1.));
#4624=DIRECTION('',(0.,1.,0.));
#4625=DIRECTION('',(0.,0.,1.));
#4626=DIRECTION('',(1.,0.,-1.16424003675573E-16));
#4627=DIRECTION('',(0.,1.,0.));
#4628=DIRECTION('',(0.,0.,1.));
#4629=DIRECTION('',(0.,0.,-1.));
#4630=DIRECTION('',(0.,1.,0.));
#4631=DIRECTION('',(0.,0.,1.));
#4632=DIRECTION('',(1.,0.,0.));
#4633=DIRECTION('',(0.,1.,0.));
#4634=DIRECTION('',(0.,0.,1.));
#4635=DIRECTION('',(2.89346209978615E-16,-0.0632066957540043,0.998000457721268));
#4636=DIRECTION('',(0.,-0.998000457721268,-0.0632066957540043));
#4637=DIRECTION('',(1.,0.,-2.89925929131614E-16));
#4638=DIRECTION('',(-0.0364681286661743,0.997336604344967,0.0631646517067731));
#4639=DIRECTION('',(2.89346209978615E-16,-0.0632066957540043,0.998000457721268));
#4640=DIRECTION('',(0.5,-0.864293749375116,-0.0547386042122419));
#4641=DIRECTION('',(-1.,-7.39557098644699E-32,2.89925929131614E-16));
#4642=DIRECTION('',(0.999200958726815,-0.0399680382232305,1.97410449099749E-16));
#4643=DIRECTION('',(0.0399680382232305,0.999200958726815,0.));
#4644=DIRECTION('',(-0.0399680382232305,-0.999200958726815,0.));
#4645=DIRECTION('',(1.97568314337178E-16,-9.85288212896424E-34,-1.));
#4646=DIRECTION('',(1.97568314337178E-16,-9.85288212896424E-34,-1.));
#4647=DIRECTION('',(0.0399574013533223,0.998935036978274,0.0230694164274586));
#4648=DIRECTION('',(0.999200958726815,-0.0399680382232305,1.97410449099749E-16));
#4649=DIRECTION('',(-0.0270115735435083,-0.675289340713907,-0.73705812607479));
#4650=DIRECTION('',(-1.97568314337178E-16,9.85288212896424E-34,1.));
#4651=DIRECTION('',(0.999200958726815,-0.0399680382232305,1.97410449099749E-16));
#4652=DIRECTION('',(0.0399680382232305,0.999200958726815,-3.65304418113751E-16));
#4653=DIRECTION('',(0.999200958722379,0.0399680383341297,4.52035703292642E-19));
#4654=DIRECTION('',(-0.0399680383341297,0.999200958722379,0.));
#4655=DIRECTION('',(0.0399618766496279,-0.99904691660978,-0.0175586681480069));
#4656=DIRECTION('',(4.52397187319189E-19,-3.84878209230586E-36,-1.));
#4657=DIRECTION('',(0.0399680383341297,-0.999200958722379,0.));
#4658=DIRECTION('',(0.0300091591141468,-0.750228977853688,-0.66049673061861));
#4659=DIRECTION('',(4.52397187319189E-19,-3.84878209230586E-36,-1.));
#4660=DIRECTION('',(0.0399680383341297,-0.999200958722379,0.));
#4661=DIRECTION('',(-4.52397187319189E-19,0.,1.));
#4662=DIRECTION('',(0.0399680383341297,-0.999200958722379,0.));
#4663=DIRECTION('',(4.52397187319189E-19,0.,-1.));
#4664=DIRECTION('',(0.999200958722379,0.0399680383341297,4.52035703292642E-19));
#4665=DIRECTION('',(-0.00362068388754079,0.0905170972219598,0.99588831992282));
#4666=DIRECTION('',(-1.,-1.21239823736019E-11,0.));
#4667=DIRECTION('',(1.21239823736019E-11,-1.,0.));
#4668=DIRECTION('',(-1.21239823736019E-11,1.,0.));
#4669=DIRECTION('',(0.,0.,1.));
#4670=DIRECTION('',(-8.57295015136008E-12,0.707106781186548,0.707106781186548));
#4671=DIRECTION('',(-1.,-1.21239823736019E-11,0.));
#4672=DIRECTION('',(1.21239823736019E-11,-1.,0.));
#4673=DIRECTION('',(-1.21239823736019E-11,1.,0.));
#4674=DIRECTION('',(0.,0.,-1.));
#4675=DIRECTION('',(1.21239823736019E-11,-1.,0.));
#4676=DIRECTION('',(-1.,-1.21239823736019E-11,0.));
#4677=DIRECTION('',(1.21239823736019E-11,-1.,0.));
#4678=DIRECTION('',(6.95403060423352E-12,-0.573576436351049,0.81915204428899));
#4679=DIRECTION('',(-1.21239823736019E-11,1.,0.));
#4680=DIRECTION('',(0.,0.,-1.));
#4681=DIRECTION('',(-8.57295015136008E-12,0.707106781186547,0.707106781186548));
#4682=DIRECTION('',(-1.,-1.21239823736019E-11,0.));
#4683=DIRECTION('',(1.21239823736019E-11,-1.,0.));
#4684=DIRECTION('',(1.,-1.2124791911224E-11,0.));
#4685=DIRECTION('',(1.2124791911224E-11,1.,0.));
#4686=DIRECTION('',(0.,0.,-1.));
#4687=DIRECTION('',(-1.2124791911224E-11,-1.,0.));
#4688=DIRECTION('',(1.,-1.2124791911224E-11,0.));
#4689=DIRECTION('',(1.2124791911224E-11,1.,0.));
#4690=DIRECTION('',(-8.57352258090231E-12,-0.707106781186547,-0.707106781186548));
#4691=DIRECTION('',(0.,0.,1.));
#4692=DIRECTION('',(-1.2124791911224E-11,-1.,0.));
#4693=DIRECTION('',(6.95449493593791E-12,0.573576436351049,-0.81915204428899));
#4694=DIRECTION('',(1.,-1.2124791911224E-11,0.));
#4695=DIRECTION('',(1.2124791911224E-11,1.,0.));
#4696=DIRECTION('',(1.2124791911224E-11,1.,0.));
#4697=DIRECTION('',(0.,0.,1.));
#4698=DIRECTION('',(-1.2124791911224E-11,-1.,0.));
#4699=DIRECTION('',(1.,-1.2124791911224E-11,0.));
#4700=DIRECTION('',(1.2124791911224E-11,1.,0.));
#4701=DIRECTION('',(-8.57352258090231E-12,-0.707106781186548,-0.707106781186548));
#4702=DIRECTION('',(0.,0.,-1.));
#4703=DIRECTION('',(-1.,0.,0.));
#4704=DIRECTION('',(0.537278777543523,0.843404716136528,0.));
#4705=DIRECTION('',(0.,-1.,0.));
#4706=DIRECTION('',(0.,0.,-1.));
#4707=DIRECTION('',(-1.,0.,0.));
#4708=DIRECTION('',(-1.,0.,0.));
#4709=DIRECTION('',(1.,0.,0.));
#4710=DIRECTION('',(0.,1.,0.));
#4711=DIRECTION('',(0.,0.,-1.));
#4712=DIRECTION('',(-1.,0.,0.));
#4713=DIRECTION('',(0.,0.,-1.));
#4714=DIRECTION('',(-1.,0.,0.));
#4715=DIRECTION('',(0.402267204066631,0.,0.915522308047387));
#4716=DIRECTION('',(0.915522308047387,0.,-0.402267204066631));
#4717=DIRECTION('',(0.402267204066631,0.,0.915522308047387));
#4718=DIRECTION('',(-0.915522308047388,0.,0.402267204066631));
#4719=DIRECTION('',(0.402267204066631,0.,0.915522308047387));
#4720=DIRECTION('',(-0.915522308047388,0.,0.402267204066631));
#4721=DIRECTION('',(0.,1.,0.));
#4722=DIRECTION('',(0.915522308047387,0.,-0.402267204066631));
#4723=DIRECTION('',(0.0399618766496279,-0.99904691660978,-0.0175586681480069));
#4724=DIRECTION('',(0.915522308047387,0.,-0.402267204066631));
#4725=DIRECTION('',(0.402267204066631,0.,0.915522308047387));
#4726=DIRECTION('',(-0.915522308047388,0.,0.402267204066631));
#4727=DIRECTION('',(0.,0.,1.));
#4728=DIRECTION('',(1.,0.,0.));
#4729=DIRECTION('',(0.509088004507089,0.860714472788154,0.));
#4730=DIRECTION('',(0.,1.,0.));
#4731=DIRECTION('',(0.,0.,-1.));
#4732=DIRECTION('',(-1.,0.,0.));
#4733=DIRECTION('',(1.,0.,0.));
#4734=DIRECTION('',(0.,0.,1.));
#4735=DIRECTION('',(1.,0.,0.));
#4736=DIRECTION('',(-1.,0.,0.));
#4737=DIRECTION('',(0.,1.,0.));
#4738=DIRECTION('',(0.,0.,-1.));
#4739=DIRECTION('',(-1.,0.,0.));
#4740=DIRECTION('',(0.,0.,-1.));
#4741=DIRECTION('',(-1.,0.,0.));
#4742=DIRECTION('',(-1.,0.,0.));
#4743=DIRECTION('',(0.,0.,1.));
#4744=DIRECTION('',(0.,0.,-1.));
#4745=DIRECTION('',(0.,1.,0.));
#4746=DIRECTION('',(0.,0.,1.));
#4747=DIRECTION('',(0.,1.,0.));
#4748=DIRECTION('',(0.,0.,1.));
#4749=DIRECTION('',(0.,-1.,0.));
#4750=DIRECTION('',(0.,-1.,0.));
#4751=DIRECTION('',(0.,-1.,0.));
#4752=DIRECTION('',(1.,0.,0.));
#4753=DIRECTION('',(0.,0.,-1.));
#4754=DIRECTION('',(1.,0.,0.));
#4755=DIRECTION('',(0.,0.,-1.));
#4756=DIRECTION('',(0.,0.707106781186548,0.707106781186547));
#4757=DIRECTION('',(0.,-1.,0.));
#4758=DIRECTION('',(0.,1.,0.));
#4759=DIRECTION('',(0.,0.,1.));
#4760=DIRECTION('',(0.,-1.,0.));
#4761=DIRECTION('',(0.,0.,-1.));
#4762=DIRECTION('',(-1.,0.,0.));
#4763=DIRECTION('',(0.,0.,-1.));
#4764=DIRECTION('',(-1.,0.,0.));
#4765=DIRECTION('',(0.,0.,-1.));
#4766=DIRECTION('',(-1.,0.,0.));
#4767=DIRECTION('',(0.,0.,-1.));
#4768=DIRECTION('',(-1.,0.,0.));
#4769=DIRECTION('',(0.,0.,-1.));
#4770=DIRECTION('',(-1.,0.,0.));
#4771=DIRECTION('',(0.,0.,-1.));
#4772=DIRECTION('',(-1.,0.,0.));
#4773=DIRECTION('',(0.,-1.,0.));
#4774=DIRECTION('',(0.,1.,0.));
#4775=DIRECTION('',(0.,0.,1.));
#4776=DIRECTION('',(0.,-1.,0.));
#4777=DIRECTION('',(0.,-1.,0.));
#4778=DIRECTION('',(-1.,0.,0.));
#4779=DIRECTION('',(0.,0.,1.));
#4780=DIRECTION('',(0.,-1.,0.));
#4781=DIRECTION('',(-1.,0.,0.));
#4782=DIRECTION('',(0.,0.,1.));
#4783=DIRECTION('',(0.,-1.,0.));
#4784=DIRECTION('',(-1.,0.,0.));
#4785=DIRECTION('',(0.,0.,1.));
#4786=DIRECTION('',(0.,1.,0.));
#4787=DIRECTION('',(0.,0.,1.));
#4788=DIRECTION('',(0.,-1.,0.));
#4789=DIRECTION('',(-1.16424003675573E-16,0.,-1.));
#4790=DIRECTION('',(-1.,0.,1.16424003675573E-16));
#4791=DIRECTION('',(-1.16424003675573E-16,0.,-1.));
#4792=DIRECTION('',(-1.,0.,1.16424003675573E-16));
#4793=DIRECTION('',(-1.16424003675573E-16,0.,-1.));
#4794=DIRECTION('',(-1.,0.,1.16424003675573E-16));
#4795=DIRECTION('',(-1.16424003675573E-16,0.,-1.));
#4796=DIRECTION('',(-1.,0.,1.16424003675573E-16));
#4797=DIRECTION('',(0.,1.,0.));
#4798=DIRECTION('',(-1.,0.,0.));
#4799=DIRECTION('',(1.,0.,0.));
#4800=DIRECTION('',(-1.,0.,0.));
#4801=DIRECTION('',(-1.92960265465557E-16,0.0632066957012516,-0.998000457724609));
#4802=DIRECTION('',(0.,0.998000457724609,0.0632066957012516));
#4803=DIRECTION('',(0.0294609726139004,0.997567257001768,0.063179259655452));
#4804=DIRECTION('',(-1.,3.08078267459481E-36,1.9334687070735E-16));
#4805=DIRECTION('',(-1.92960265465557E-16,0.0632066957012516,-0.998000457724609));
#4806=DIRECTION('',(3.04674103148022E-15,-0.998000457724609,-0.0632066957012516));
#4807=DIRECTION('',(-4.82320835811187E-16,0.0399680382996025,0.99920095872376));
#4808=DIRECTION('',(0.,-0.99920095872376,0.0399680382996025));
#4809=DIRECTION('',(-4.82320835811187E-16,0.0399680382996025,0.99920095872376));
#4810=DIRECTION('',(-1.20580209101675E-14,0.99920095872376,-0.0399680382996025));
#4811=DIRECTION('',(-4.82320835811187E-16,0.0399680382996025,0.99920095872376));
#4812=DIRECTION('',(-1.20580209101675E-14,0.99920095872376,-0.0399680382996025));
#4813=DIRECTION('',(1.,0.,4.82706538259568E-16));
#4814=DIRECTION('',(0.,0.0399680383488721,0.999200958721789));
#4815=DIRECTION('',(0.,-0.999200958721789,0.0399680383488721));
#4816=DIRECTION('',(1.,0.,0.));
#4817=DIRECTION('',(0.,-1.,0.));
#4818=DIRECTION('',(0.,0.,-1.));
#4819=DIRECTION('',(0.,1.,0.));
#4820=DIRECTION('',(0.,0.,1.));
#4821=DIRECTION('',(0.,1.,0.));
#4822=DIRECTION('',(0.,0.,1.));
#4823=DIRECTION('',(0.,1.,0.));
#4824=DIRECTION('',(-1.,0.,0.));
#4825=DIRECTION('',(0.,-1.,0.));
#4826=DIRECTION('',(0.,0.,-1.));
#4827=DIRECTION('',(0.,1.,0.));
#4828=DIRECTION('',(0.,0.,1.));
#4829=DIRECTION('',(0.,1.,0.));
#4830=DIRECTION('',(0.,0.,1.));
#4831=DIRECTION('',(0.,1.,0.));
#4832=DIRECTION('',(-1.,0.,0.));
#4833=DIRECTION('',(0.,-1.,0.));
#4834=DIRECTION('',(0.,0.,-1.));
#4835=DIRECTION('',(0.,1.,0.));
#4836=DIRECTION('',(0.,0.,1.));
#4837=DIRECTION('',(0.,1.,0.));
#4838=DIRECTION('',(0.,0.,1.));
#4839=DIRECTION('',(0.,1.,0.));
#4840=DIRECTION('',(-1.,0.,0.));
#4841=DIRECTION('',(0.,-1.,0.));
#4842=DIRECTION('',(0.,0.,-1.));
#4843=DIRECTION('',(0.,1.,0.));
#4844=DIRECTION('',(0.,0.,1.));
#4845=DIRECTION('',(0.,1.,0.));
#4846=DIRECTION('',(0.,0.,1.));
#4847=DIRECTION('',(0.,1.,0.));
#4848=DIRECTION('',(-1.,0.,0.));
#4849=DIRECTION('',(0.,-1.,0.));
#4850=DIRECTION('',(0.,0.,-1.));
#4851=DIRECTION('',(0.,1.,0.));
#4852=DIRECTION('',(0.,0.,1.));
#4853=DIRECTION('',(0.,1.,0.));
#4854=DIRECTION('',(0.,0.,1.));
#4855=DIRECTION('',(0.,1.,0.));
#4856=DIRECTION('',(-1.,0.,0.));
#4857=DIRECTION('',(0.,-1.,0.));
#4858=DIRECTION('',(0.,0.,-1.));
#4859=DIRECTION('',(0.,1.,0.));
#4860=DIRECTION('',(0.,0.,1.));
#4861=DIRECTION('',(0.,1.,0.));
#4862=DIRECTION('',(0.,0.,1.));
#4863=DIRECTION('',(0.,1.,0.));
#4864=DIRECTION('',(-1.,0.,0.));
#4865=DIRECTION('',(0.,-1.,0.));
#4866=DIRECTION('',(0.,0.,-1.));
#4867=DIRECTION('',(0.,1.,0.));
#4868=DIRECTION('',(0.,0.,1.));
#4869=DIRECTION('',(0.,1.,0.));
#4870=DIRECTION('',(0.,0.,1.));
#4871=DIRECTION('',(0.,1.,0.));
#4872=DIRECTION('',(-1.,0.,0.));
#4873=DIRECTION('',(0.,-1.,0.));
#4874=DIRECTION('',(0.,0.,-1.));
#4875=DIRECTION('',(0.,1.,0.));
#4876=DIRECTION('',(0.,0.,1.));
#4877=DIRECTION('',(0.,1.,0.));
#4878=DIRECTION('',(0.,0.,1.));
#4879=DIRECTION('',(0.,1.,0.));
#4880=DIRECTION('',(-1.,0.,0.));
#4881=DIRECTION('',(-0.90630778703665,0.,0.422618261740699));
#4882=DIRECTION('',(0.422618261740699,0.,0.90630778703665));
#4883=DIRECTION('',(0.422618261740699,0.,0.90630778703665));
#4884=DIRECTION('',(-0.0294609726139004,-0.997567257001768,-0.063179259655452));
#4885=DIRECTION('',(-0.422618261740699,0.,-0.90630778703665));
#4886=DIRECTION('',(0.,-0.90630778703665,0.422618261740699));
#4887=DIRECTION('',(0.,0.422618261740699,0.90630778703665));
#4888=DIRECTION('',(0.,-0.422618261740699,-0.90630778703665));
#4889=DIRECTION('',(0.,-1.,0.));
#4890=DIRECTION('',(1.,0.,0.));
#4891=DIRECTION('',(0.915522308047387,0.,-0.402267204066631));
#4892=DIRECTION('',(4.5239718731919E-19,0.,-1.));
#4893=DIRECTION('',(0.,0.,1.));
#4894=DIRECTION('',(0.,0.,1.));
#4895=DIRECTION('',(1.,0.,0.));
#4896=DIRECTION('',(0.,0.,1.));
#4897=DIRECTION('',(1.,0.,0.));
#4898=DIRECTION('',(0.,0.,1.));
#4899=DIRECTION('',(1.,0.,0.));
#4900=DIRECTION('',(0.,0.,-1.));
#4901=DIRECTION('',(-1.,0.,0.));
#4902=DIRECTION('',(0.,0.,-1.));
#4903=DIRECTION('',(-1.,0.,0.));
#4904=DIRECTION('',(0.,0.,1.));
#4905=DIRECTION('',(1.,0.,0.));
#4906=DIRECTION('',(0.,0.,-1.));
#4907=DIRECTION('',(-1.,0.,0.));
#4908=DIRECTION('',(0.,0.,-1.));
#4909=DIRECTION('',(-1.,0.,0.));
#4910=DIRECTION('',(0.,0.,1.));
#4911=DIRECTION('',(1.,0.,0.));
#4912=DIRECTION('',(-0.173101017931362,0.,-0.984904075324662));
#4913=DIRECTION('',(-0.984904075324661,0.,0.173101017931362));
#4914=DIRECTION('',(0.,0.,-1.));
#4915=DIRECTION('',(-1.,0.,0.));
#4916=DIRECTION('',(0.,0.,-1.));
#4917=DIRECTION('',(-1.,0.,0.));
#4918=DIRECTION('',(0.,0.,-1.));
#4919=DIRECTION('',(-1.,0.,0.));
#4920=DIRECTION('',(0.,0.,-1.));
#4921=DIRECTION('',(-1.,0.,0.));
#4922=DIRECTION('',(-1.,1.27709703752894E-16,0.));
#4923=DIRECTION('',(0.,0.,-1.));
#4924=DIRECTION('',(-1.,0.,0.));
#4925=DIRECTION('',(1.,-1.27709703752894E-16,0.));
#4926=DIRECTION('',(0.,0.,1.));
#4927=DIRECTION('',(1.,0.,0.));
#4928=DIRECTION('',(-1.,1.27709703752894E-16,0.));
#4929=DIRECTION('',(-1.,0.,0.));
#4930=DIRECTION('',(0.,1.,0.));
#4931=DIRECTION('',(0.,0.,1.));
#4932=DIRECTION('',(-1.,0.,0.));
#4933=DIRECTION('',(0.,0.,-1.));
#4934=DIRECTION('',(-1.,0.,0.));
#4935=DIRECTION('',(-1.,1.27709703752894E-16,0.));
#4936=DIRECTION('',(1.,0.,0.));
#4937=DIRECTION('',(0.,1.,0.));
#4938=DIRECTION('',(0.,0.,1.));
#4939=DIRECTION('',(-1.,0.,0.));
#4940=DIRECTION('',(0.,1.,0.));
#4941=DIRECTION('',(0.,0.,1.));
#4942=DIRECTION('',(-1.,0.,0.));
#4943=DIRECTION('',(0.,0.,-1.));
#4944=DIRECTION('',(0.,0.,1.));
#4945=DIRECTION('',(1.,0.,0.));
#4946=DIRECTION('',(0.5,0.866025403784441,0.));
#4947=DIRECTION('',(0.,1.,0.));
#4948=DIRECTION('',(-1.,0.,0.));
#4949=DIRECTION('',(0.,0.,1.));
#4950=DIRECTION('',(0.,1.,0.));
#4951=DIRECTION('',(0.,0.,1.));
#4952=DIRECTION('',(-1.,0.,0.));
#4953=DIRECTION('',(0.,0.,-1.));
#4954=DIRECTION('',(0.,0.,1.));
#4955=DIRECTION('',(1.,0.,0.));
#4956=DIRECTION('',(0.491172236386637,0.871062474339786,0.));
#4957=DIRECTION('',(0.,1.,0.));
#4958=DIRECTION('',(-1.,0.,0.));
#4959=DIRECTION('',(0.,0.,1.));
#4960=DIRECTION('',(0.,0.,-1.));
#4961=DIRECTION('',(-1.,0.,0.));
#4962=DIRECTION('',(1.,0.,0.));
#4963=DIRECTION('',(0.,0.707106781186548,-0.707106781186548));
#4964=DIRECTION('',(0.,0.707106781186548,0.707106781186548));
#4965=DIRECTION('',(1.,0.,0.));
#4966=DIRECTION('',(0.,0.707106781186548,-0.707106781186547));
#4967=DIRECTION('',(0.,0.707106781186547,0.707106781186548));
#4968=DIRECTION('',(1.,0.,0.));
#4969=DIRECTION('',(0.,0.,-1.));
#4970=DIRECTION('',(-1.,0.,0.));
#4971=DIRECTION('',(0.506289712823526,0.862363453938693,0.));
#4972=DIRECTION('',(0.5,-0.866025403784438,0.));
#4973=DIRECTION('',(1.,0.,0.));
#4974=DIRECTION('',(-1.04613664904724E-16,-0.819152044288991,-0.573576436351047));
#4975=DIRECTION('',(1.,-1.27709703752894E-16,0.));
#4976=DIRECTION('',(1.,-1.27709703752894E-16,-7.77091067972103E-33));
#4977=DIRECTION('',(1.04613664904724E-16,0.81915204428899,0.573576436351049));
#4978=DIRECTION('',(-1.,1.27709703752894E-16,0.));
#4979=DIRECTION('',(1.,-1.27709703752894E-16,-2.32591780733299E-33));
#4980=DIRECTION('',(1.,-1.27709703752894E-16,0.));
#4981=DIRECTION('',(1.27709703752894E-16,1.,0.));
#4982=DIRECTION('',(-1.,1.27709703752894E-16,0.));
#4983=DIRECTION('',(-1.27709703752894E-16,-1.,0.));
#4984=DIRECTION('',(-1.,0.,0.));
#4985=DIRECTION('',(0.,0.,1.));
#4986=DIRECTION('',(-1.,0.,0.));
#4987=DIRECTION('',(0.,0.,1.));
#4988=DIRECTION('',(-0.5,0.,0.866025403784439));
#4989=DIRECTION('',(0.866025403784439,0.,0.5));
#4990=DIRECTION('',(-0.0399574013533223,-0.998935036978274,-0.0230694164274586));
#4991=DIRECTION('',(0.866025403784439,0.,0.5));
#4992=DIRECTION('',(0.,1.,0.));
#4993=DIRECTION('',(0.866025403784439,0.,0.5));
#4994=DIRECTION('',(-0.797262323864922,-0.390508705742489,-0.460299617298159));
#4995=DIRECTION('',(0.,0.,-1.));
#4996=DIRECTION('',(-1.,0.,0.));
#4997=DIRECTION('',(0.,1.,0.));
#4998=DIRECTION('',(-1.,0.,0.));
#4999=DIRECTION('',(0.0399680382232305,0.999200958726815,0.));
#5000=DIRECTION('',(0.898056979519708,0.439879144238437,0.));
#5001=DIRECTION('',(-1.,0.,0.));
#5002=DIRECTION('',(0.,1.,0.));
#5003=DIRECTION('',(-1.,0.,0.));
#5004=DIRECTION('',(-1.,0.,0.));
#5005=DIRECTION('',(1.97568314337178E-16,0.,-1.));
#5006=DIRECTION('',(0.866025403784439,0.,0.5));
#5007=DIRECTION('',(0.,0.,1.));
#5008=DIRECTION('',(1.,0.,0.));
#5009=DIRECTION('',(0.,0.,-1.));
#5010=DIRECTION('',(0.,0.,1.));
#5011=DIRECTION('',(1.,0.,0.));
#5012=DIRECTION('',(0.,1.,0.));
#5013=DIRECTION('',(-1.,0.,0.));
#5014=DIRECTION('',(0.,1.,0.));
#5015=DIRECTION('',(1.,0.,0.));
#5016=DIRECTION('',(0.,0.,-1.));
#5017=DIRECTION('',(1.,0.,0.));
#5018=DIRECTION('',(0.,0.,-1.));
#5019=DIRECTION('',(0.,1.,0.));
#5020=DIRECTION('',(0.,0.,1.));
#5021=DIRECTION('',(1.,0.,0.));
#5022=DIRECTION('',(0.,1.,0.));
#5023=DIRECTION('',(-0.50908800448064,0.860714472803798,0.));
#5024=DIRECTION('',(0.,0.,1.));
#5025=DIRECTION('',(1.,0.,0.));
#5026=DIRECTION('',(-1.,0.,0.));
#5027=DIRECTION('',(0.,0.,1.));
#5028=DIRECTION('',(0.,1.,0.));
#5029=DIRECTION('',(0.,0.,1.));
#5030=DIRECTION('',(0.,0.,1.));
#5031=DIRECTION('',(-1.,0.,0.));
#5032=DIRECTION('',(0.,0.,1.));
#5033=DIRECTION('',(0.,-1.,0.));
#5034=DIRECTION('',(-1.,0.,0.));
#5035=DIRECTION('',(0.,0.,1.));
#5036=DIRECTION('',(-0.866025403784439,0.,-0.5));
#5037=DIRECTION('',(-0.5,0.,0.866025403784439));
#5038=DIRECTION('',(0.0364681286661743,-0.997336604344967,-0.0631646517067731));
#5039=DIRECTION('',(-0.5,0.,0.866025403784439));
#5040=DIRECTION('',(0.,1.,0.));
#5041=DIRECTION('',(0.866025403784438,0.,-0.5));
#5042=DIRECTION('',(-0.5,0.,-0.866025403784438));
#5043=DIRECTION('',(0.,1.,0.));
#5044=DIRECTION('',(-0.5,0.,-0.866025403784438));
#5045=DIRECTION('',(0.38797870913648,0.630785292335802,0.671998836479371));
#5046=DIRECTION('',(0.,1.,0.));
#5047=DIRECTION('',(-1.,0.,0.));
#5048=DIRECTION('',(0.,1.,0.));
#5049=DIRECTION('',(0.,0.,1.));
#5050=DIRECTION('',(1.,0.,0.));
#5051=DIRECTION('',(0.,0.,1.));
#5052=DIRECTION('',(0.,1.,0.));
#5053=DIRECTION('',(0.,0.,1.));
#5054=DIRECTION('',(0.,1.,0.));
#5055=DIRECTION('',(0.,1.,0.));
#5056=DIRECTION('',(0.,0.,1.));
#5057=DIRECTION('',(0.,1.,0.));
#5058=DIRECTION('',(0.,0.,1.));
#5059=DIRECTION('',(0.,0.,1.));
#5060=DIRECTION('',(1.,0.,0.));
#5061=DIRECTION('',(0.,1.,0.));
#5062=DIRECTION('',(-1.,0.,0.));
#5063=DIRECTION('',(1.,0.,0.));
#5064=DIRECTION('',(-1.,0.,0.));
#5065=DIRECTION('',(0.,0.,1.));
#5066=DIRECTION('',(0.,-1.,0.));
#5067=DIRECTION('',(0.,0.,1.));
#5068=DIRECTION('',(0.,1.,0.));
#5069=DIRECTION('',(0.,0.,1.));
#5070=DIRECTION('',(1.,0.,0.));
#5071=DIRECTION('',(0.,0.,1.));
#5072=DIRECTION('',(1.,0.,0.));
#5073=DIRECTION('',(-1.,0.,0.));
#5074=DIRECTION('',(0.,1.,0.));
#5075=DIRECTION('',(-1.,0.,0.));
#5076=DIRECTION('',(0.,0.,1.));
#5077=DIRECTION('',(-1.,0.,0.));
#5078=DIRECTION('',(0.,0.,1.));
#5079=DIRECTION('',(0.,1.,0.));
#5080=DIRECTION('',(0.,0.,1.));
#5081=DIRECTION('',(1.,0.,0.));
#5082=DIRECTION('',(-0.569791790498648,0.821789094281705,0.));
#5083=DIRECTION('',(-0.707106781186548,0.,-0.707106781186548));
#5084=DIRECTION('',(0.,1.,0.));
#5085=DIRECTION('',(0.451697163684837,0.769375944930791,-0.451697163684837));
#5086=DIRECTION('',(-0.707106781186548,0.,-0.707106781186548));
#5087=DIRECTION('',(-0.707106781186548,0.,0.707106781186548));
#5088=DIRECTION('',(0.707106781186548,0.,0.707106781186548));
#5089=DIRECTION('',(0.,-1.,0.));
#5090=DIRECTION('',(0.45368098496745,0.767037891996171,-0.45368098496745));
#5091=DIRECTION('',(0.707106781186548,0.,0.707106781186548));
#5092=DIRECTION('',(-0.707106781186548,0.,0.707106781186548));
#5093=DIRECTION('',(0.707106781186548,0.,0.707106781186548));
#5094=DIRECTION('',(-0.707106781186548,0.,0.707106781186548));
#5095=DIRECTION('',(-1.98423885095196E-16,0.729111341207228,-0.684395099429414));
#5096=DIRECTION('',(1.,0.,-2.89925929131614E-16));
#5097=DIRECTION('',(0.387978709136479,-0.630785292335802,-0.671998836479371));
#5098=DIRECTION('',(0.38797870913648,0.630785292335802,0.67199883647937));
#5099=DIRECTION('',(1.,7.39557098644699E-32,-2.89925929131614E-16));
#5100=DIRECTION('',(-0.439879144238437,0.898056979519707,-8.69061810392685E-17));
#5101=DIRECTION('',(1.97568314337178E-16,0.,-1.));
#5102=DIRECTION('',(0.898056979519708,0.439879144238437,0.));
#5103=DIRECTION('',(1.97568314337178E-16,-1.21004028631344E-32,-1.));
#5104=DIRECTION('',(-0.797262323864922,-0.390508705742489,-0.460299617298159));
#5105=DIRECTION('',(-0.439879144238437,0.898056979519707,-8.69061810392685E-17));
#5106=DIRECTION('',(0.755415515780051,0.370011634232251,0.54077609881682));
#5107=DIRECTION('',(1.97568314337178E-16,2.25548780943883E-34,-1.));
#5108=DIRECTION('',(0.,0.,1.));
#5109=DIRECTION('',(1.,0.,0.));
#5110=DIRECTION('',(0.,0.,1.));
#5111=DIRECTION('',(1.,0.,0.));
#5112=DIRECTION('',(0.38797870913648,0.630785292335802,0.67199883647937));
#5113=DIRECTION('',(0.,-0.729111341207228,0.684395099429414));
#5114=DIRECTION('',(0.,1.,0.));
#5115=DIRECTION('',(0.,0.,1.));
#5116=DIRECTION('',(1.,0.,0.));
#5117=DIRECTION('',(0.,0.,-1.));
#5118=DIRECTION('',(-1.,0.,0.));
#5119=DIRECTION('',(0.,0.,1.));
#5120=DIRECTION('',(-0.707106781186548,0.,0.707106781186548));
#5121=DIRECTION('',(0.707106781186548,0.,0.707106781186548));
#5122=DIRECTION('',(0.,0.,1.));
#5123=DIRECTION('',(1.,0.,0.));
#5124=DIRECTION('',(0.387978709136479,-0.630785292335802,-0.671998836479371));
#5125=DIRECTION('',(0.,0.729111341207228,-0.684395099429414));
#5126=DIRECTION('',(-0.223938921038148,0.443610794815399,-0.867790771077637));
#5127=DIRECTION('',(0.447047379641431,-0.744451633298152,-0.495923790551981));
#5128=DIRECTION('',(-0.915522308047387,0.,0.402267204066631));
#5129=DIRECTION('',(0.402267204066631,0.,0.915522308047387));
#5130=DIRECTION('',(-0.82167252422434,-0.0841847940222026,-0.563708420542252));
#5131=DIRECTION('',(-0.568568314451602,0.0519972060134718,0.820991085437873));
#5132=DIRECTION('',(-0.915522308047387,0.,0.402267204066631));
#5133=DIRECTION('',(0.402267204066631,0.,0.915522308047387));
#5134=DIRECTION('',(0.,1.,0.));
#5135=DIRECTION('',(0.,0.,1.));
#5136=DIRECTION('',(0.,-1.,0.));
#5137=DIRECTION('',(0.,0.,-1.));
#5138=DIRECTION('',(0.,1.,0.));
#5139=DIRECTION('',(0.,0.,1.));
#5140=DIRECTION('',(0.898056979519708,0.439879144238437,0.));
#5141=DIRECTION('',(-0.439879144238437,0.898056979519707,0.));
#5142=DIRECTION('',(-0.797322653735148,0.603553299917035,-3.70699358840372E-16));
#5143=DIRECTION('',(0.603553299917035,0.797322653735147,-2.60526938590888E-16));
#5144=DIRECTION('',(0.969186493879225,-0.246328114680591,0.));
#5145=DIRECTION('',(0.246328114680591,0.969186493879225,0.));
#5146=DIRECTION('',(-1.,0.,0.));
#5147=DIRECTION('',(0.,0.,1.));
#5148=DIRECTION('',(0.76203009499691,0.647541608175877,0.));
#5149=DIRECTION('',(-0.647541608175877,0.76203009499691,0.));
#5150=DIRECTION('',(-0.797262323864922,-0.390508705742489,-0.460299617298159));
#5151=DIRECTION('',(-0.5,0.,0.866025403784439));
#5152=DIRECTION('',(-0.82800319398956,0.39673819679369,0.396244260460613));
#5153=DIRECTION('',(-0.559949008186433,-0.54791599809289,-0.62148625669833));
#5154=DIRECTION('',(-0.841316381831377,0.237168704124752,-0.485734239523987));
#5155=DIRECTION('',(-0.205394122754671,-0.971468479047975,-0.118584352062375));
#5156=DIRECTION('',(0.866025403784439,0.,0.5));
#5157=DIRECTION('',(0.5,0.,-0.866025403784439));
#5158=DIRECTION('',(0.214898581298964,-0.965220973476242,-0.148886104513711));
#5159=DIRECTION('',(0.84732807269255,0.108459302472664,0.519876636265058));
#5160=DIRECTION('',(-0.69430702412327,-0.597704225910095,-0.400858347277817));
#5161=DIRECTION('',(0.517627043587455,-0.801716694555636,0.298852112955047));
#5162=DIRECTION('',(0.866025403784439,0.,0.5));
#5163=DIRECTION('',(0.5,0.,-0.866025403784439));
#5164=DIRECTION('',(-0.5,0.,0.866025403784439));
#5165=DIRECTION('',(0.866025403784439,0.,0.5));
#5166=DIRECTION('',(0.,1.,0.));
#5167=DIRECTION('',(0.,0.,1.));
#5168=DIRECTION('',(0.,1.,0.));
#5169=DIRECTION('',(0.,0.,1.));
#5170=DIRECTION('',(0.,1.,0.));
#5171=DIRECTION('',(0.,0.,1.));
#5172=DIRECTION('',(-1.,-7.20399760568394E-32,2.89925929131614E-16));
#5173=DIRECTION('',(2.89925929131614E-16,0.,1.));
#5174=DIRECTION('',(-1.,-5.2041704279304E-15,-5.5441946965178E-15));
#5175=DIRECTION('',(-5.5441946965178E-15,0.,1.));
#5176=DIRECTION('',(-0.0364681286661743,0.997336604344967,0.0631646517067731));
#5177=DIRECTION('',(0.,-0.0632066957540043,0.998000457721268));
#5178=DIRECTION('',(-0.0364681286661743,0.997336604344967,0.0631646517067731));
#5179=DIRECTION('',(0.,-0.0632066957540043,0.998000457721268));
#5180=DIRECTION('',(4.52397187319189E-19,0.,-1.));
#5181=DIRECTION('',(-1.,0.,-4.5239718731919E-19));
#5182=DIRECTION('',(-4.55364912275676E-17,1.13841228110978E-15,1.));
#5183=DIRECTION('',(0.,-1.,1.13841228110978E-15));
#5184=DIRECTION('',(0.0399618766496272,-0.99904691660978,-0.0175586681480066));
#5185=DIRECTION('',(0.999200958722379,0.0399680383341289,0.));
#5186=DIRECTION('',(-0.0399618766496279,0.99904691660978,0.0175586681480069));
#5187=DIRECTION('',(-0.999200958722379,-0.0399680383341297,0.));
#5188=DIRECTION('',(-0.0399680382232305,-0.999200958726815,0.));
#5189=DIRECTION('',(0.999200958726815,-0.0399680382232305,0.));
#5190=DIRECTION('',(0.0399680382232298,0.999200958726815,0.));
#5191=DIRECTION('',(-0.999200958726815,0.0399680382232298,0.));
#5192=DIRECTION('',(-2.21350646186411E-16,-1.0842021724855E-16,1.));
#5193=DIRECTION('',(1.,0.,2.21350646186411E-16));
#5194=DIRECTION('',(-1.97568314337178E-16,0.,1.));
#5195=DIRECTION('',(1.,0.,1.97568314337178E-16));
#5196=DIRECTION('',(-3.82438024049995E-16,-6.65952103916454E-17,1.));
#5197=DIRECTION('',(1.,0.,3.82438024049995E-16));
#5198=DIRECTION('',(-0.03995740135332,-0.998935036978274,-0.0230694164274591));
#5199=DIRECTION('',(0.999200958726815,-0.0399680382232281,0.));
#5200=DIRECTION('',(0.0399574013533223,0.998935036978274,0.0230694164274586));
#5201=DIRECTION('',(-0.999200958726815,0.0399680382232305,0.));
#5202=DIRECTION('',(0.448580170085855,0.219719979733612,-0.866313431450538));
#5203=DIRECTION('',(-0.888013842310509,0.,-0.459816719862302));
#5204=DIRECTION('',(-5.50863951573642E-15,-2.81892564846235E-15,-1.));
#5205=DIRECTION('',(-1.,0.,5.50863951573642E-15));
#5206=DIRECTION('',(-1.97568314337178E-16,0.,1.));
#5207=DIRECTION('',(1.,0.,1.97568314337178E-16));
#5208=DIRECTION('',(0.,0.,-1.));
#5209=DIRECTION('',(-1.,0.,0.));
#5210=DIRECTION('',(0.661173374629406,-0.748733019995603,-0.0474197580068361));
#5211=DIRECTION('',(0.749576255414637,0.661917998938366,0.));
#5212=DIRECTION('',(0.865006638402186,-0.34340237010882,-0.365839210205516));
#5213=DIRECTION('',(-0.389526976895733,0.,-0.921015056484133));
#5214=DIRECTION('',(0.848591325757129,-0.362078489562537,-0.385735569070147));
#5215=DIRECTION('',(-0.413813826057229,0.,-0.910361531131384));
#5216=DIRECTION('',(0.185228079423079,-0.928849952561197,0.320824444549197));
#5217=DIRECTION('',(0.,-0.326473893286074,-0.945206219299594));
#5218=DIRECTION('',(0.0731494095753063,-0.989240443732014,0.126698493928196));
#5219=DIRECTION('',(0.,-0.127038831796882,-0.991897744334406));
#5220=DIRECTION('',(-0.217223998478143,-0.139792252753755,-0.966059967370141));
#5221=DIRECTION('',(-0.975639916955151,0.,0.219378103838434));
#5222=DIRECTION('',(0.,1.,0.));
#5223=DIRECTION('',(0.,0.,1.));
#5224=DIRECTION('',(0.678389174638212,-0.733233678667379,-0.0464381330545074));
#5225=DIRECTION('',(0.734025568969421,0.679121833030803,0.));
#5226=DIRECTION('',(-0.660623890879657,-0.749215949975487,-0.0474503435325036));
#5227=DIRECTION('',(0.750060819939192,-0.661368858045303,0.));
#5228=DIRECTION('',(0.893791857020455,-0.44758525463288,-0.0283470661470943));
#5229=DIRECTION('',(0.44776519302715,0.894151179562695,0.));
#5230=DIRECTION('',(-0.0294609726138993,-0.997567257001768,-0.0631792596554501));
#5231=DIRECTION('',(0.,0.0632066957012497,-0.998000457724609));
#5232=DIRECTION('',(-0.0294609726139004,-0.997567257001768,-0.0631792596554519));
#5233=DIRECTION('',(0.,0.0632066957012516,-0.998000457724609));
#5234=DIRECTION('',(1.,0.,0.));
#5235=DIRECTION('',(0.,0.92981485823989,-0.368027620425876));
#5236=DIRECTION('',(0.,0.,-1.));
#5237=DIRECTION('',(-1.,0.,0.));
#5238=DIRECTION('',(1.,0.,0.));
#5239=DIRECTION('',(-0.707106781186548,0.707106781186548,0.));
#5240=DIRECTION('',(0.,-1.,0.));
#5241=DIRECTION('',(0.,0.,-1.));
#5242=DIRECTION('',(-1.,0.,0.));
#5243=DIRECTION('',(0.707106781186548,-0.707106781186548,0.));
#5244=DIRECTION('',(-1.,0.,0.));
#5245=DIRECTION('',(0.,-1.,0.));
#5246=DIRECTION('',(-1.,0.,0.));
#5247=DIRECTION('',(0.,0.,1.));
#5248=DIRECTION('',(0.,0.,1.));
#5249=DIRECTION('',(-0.707106781186548,-0.707106781186548,0.));
#5250=DIRECTION('',(0.,0.,1.));
#5251=DIRECTION('',(-0.577350269189626,0.577350269189626,0.577350269189625));
#5252=DIRECTION('',(-0.577350269189626,0.577350269189626,-0.577350269189625));
#5253=DIRECTION('',(0.,-0.707106781186547,-0.707106781186548));
#5254=DIRECTION('',(-1.,0.,0.));
#5255=DIRECTION('',(0.,0.707106781186547,-0.707106781186548));
#5256=DIRECTION('',(1.,0.,0.));
#5257=DIRECTION('',(0.,-1.,0.));
#5258=DIRECTION('',(0.,0.,-1.));
#5259=DIRECTION('',(0.,-1.,0.));
#5260=DIRECTION('',(0.,0.,-1.));
#5261=DIRECTION('',(0.,-1.,0.));
#5262=DIRECTION('',(0.,0.,-1.));
#5263=DIRECTION('',(0.,-1.,0.));
#5264=DIRECTION('',(0.,0.,-1.));
#5265=DIRECTION('',(0.,-1.,0.));
#5266=DIRECTION('',(0.,0.,-1.));
#5267=DIRECTION('',(0.,-1.,0.));
#5268=DIRECTION('',(0.,0.,-1.));
#5269=DIRECTION('',(0.,-1.,0.));
#5270=DIRECTION('',(0.,0.,-1.));
#5271=DIRECTION('',(0.,-1.,0.));
#5272=DIRECTION('',(0.,0.,-1.));
#5273=DIRECTION('',(-1.16424003675573E-16,0.,-1.));
#5274=DIRECTION('',(-1.,0.,1.16424003675573E-16));
#5275=DIRECTION('',(0.,0.,-1.));
#5276=DIRECTION('',(-1.,0.,0.));
#5277=DIRECTION('',(-1.16424003675573E-16,0.,-1.));
#5278=DIRECTION('',(-1.,0.,1.16424003675573E-16));
#5279=DIRECTION('',(-1.16424003675573E-16,0.,-1.));
#5280=DIRECTION('',(1.,0.,-1.16424003675573E-16));
#5281=DIRECTION('',(-1.16424003675573E-16,0.,-1.));
#5282=DIRECTION('',(-1.,0.,1.16424003675573E-16));
#5283=DIRECTION('',(0.,0.,-1.));
#5284=DIRECTION('',(-1.,0.,0.));
#5285=DIRECTION('',(-1.16424003675573E-16,0.,-1.));
#5286=DIRECTION('',(-1.,0.,1.16424003675573E-16));
#5287=DIRECTION('',(-1.16424003675573E-16,0.,-1.));
#5288=DIRECTION('',(1.,0.,-1.16424003675573E-16));
#5289=DIRECTION('',(-1.16424003675573E-16,0.,-1.));
#5290=DIRECTION('',(-1.,0.,1.16424003675573E-16));
#5291=DIRECTION('',(0.,0.,-1.));
#5292=DIRECTION('',(-1.,0.,0.));
#5293=DIRECTION('',(-1.16424003675573E-16,0.,-1.));
#5294=DIRECTION('',(-1.,0.,1.16424003675573E-16));
#5295=DIRECTION('',(-1.16424003675573E-16,0.,-1.));
#5296=DIRECTION('',(1.,0.,-1.16424003675573E-16));
#5297=DIRECTION('',(1.16424003675573E-16,0.,1.));
#5298=DIRECTION('',(1.,0.,-1.16424003675573E-16));
#5299=DIRECTION('',(0.,0.,1.));
#5300=DIRECTION('',(1.,0.,0.));
#5301=DIRECTION('',(-1.16424003675573E-16,0.,-1.));
#5302=DIRECTION('',(-1.,0.,1.16424003675573E-16));
#5303=DIRECTION('',(-1.16424003675573E-16,0.,-1.));
#5304=DIRECTION('',(1.,0.,-1.16424003675573E-16));
#5305=DIRECTION('',(1.16424003675573E-16,0.,1.));
#5306=DIRECTION('',(1.,0.,-1.16424003675573E-16));
#5307=DIRECTION('',(0.,0.,1.));
#5308=DIRECTION('',(1.,0.,0.));
#5309=DIRECTION('',(-1.16424003675573E-16,0.,-1.));
#5310=DIRECTION('',(-1.,0.,1.16424003675573E-16));
#5311=DIRECTION('',(-1.16424003675573E-16,0.,-1.));
#5312=DIRECTION('',(1.,0.,-1.16424003675573E-16));
#5313=DIRECTION('',(1.16424003675573E-16,0.,1.));
#5314=DIRECTION('',(1.,0.,-1.16424003675573E-16));
#5315=DIRECTION('',(0.,0.,1.));
#5316=DIRECTION('',(1.,0.,0.));
#5317=DIRECTION('',(-1.16424003675573E-16,0.,-1.));
#5318=DIRECTION('',(-1.,0.,1.16424003675573E-16));
#5319=DIRECTION('',(-1.16424003675573E-16,0.,-1.));
#5320=DIRECTION('',(1.,0.,-1.16424003675573E-16));
#5321=DIRECTION('',(-1.,0.,0.));
#5322=DIRECTION('',(0.,0.,1.));
#5323=DIRECTION('',(-1.,0.,0.));
#5324=DIRECTION('',(0.,0.,1.));
#5325=DIRECTION('',(-1.,0.,0.));
#5326=DIRECTION('',(0.,0.,1.));
#5327=DIRECTION('',(-1.,0.,0.));
#5328=DIRECTION('',(0.,-1.,0.));
#5329=DIRECTION('',(-1.,0.,0.));
#5330=DIRECTION('',(0.,0.,1.));
#5331=DIRECTION('',(-1.,0.,0.));
#5332=DIRECTION('',(0.,0.,1.));
#5333=DIRECTION('',(-1.,0.,0.));
#5334=DIRECTION('',(0.,0.,1.));
#5335=DIRECTION('',(-1.,0.,0.));
#5336=DIRECTION('',(0.,-1.,0.));
#5337=DIRECTION('',(1.,0.,0.));
#5338=DIRECTION('',(0.,0.,-1.));
#5339=DIRECTION('',(1.,0.,0.));
#5340=DIRECTION('',(0.,0.,-1.));
#5341=DIRECTION('',(-1.,0.,0.));
#5342=DIRECTION('',(0.,0.,1.));
#5343=DIRECTION('',(-1.,0.,0.));
#5344=DIRECTION('',(0.,-1.,0.));
#5345=DIRECTION('',(1.,0.,0.));
#5346=DIRECTION('',(0.,0.,-1.));
#5347=DIRECTION('',(1.,0.,0.));
#5348=DIRECTION('',(0.,0.,-1.));
#5349=DIRECTION('',(-1.,0.,0.));
#5350=DIRECTION('',(0.,0.,1.));
#5351=DIRECTION('',(-1.,0.,0.));
#5352=DIRECTION('',(0.,-1.,0.));
#5353=DIRECTION('',(1.,0.,0.));
#5354=DIRECTION('',(0.,0.,-1.));
#5355=DIRECTION('',(1.,0.,0.));
#5356=DIRECTION('',(0.,0.,-1.));
#5357=DIRECTION('',(-1.,0.,0.));
#5358=DIRECTION('',(0.,0.,1.));
#5359=DIRECTION('',(-1.,0.,0.));
#5360=DIRECTION('',(0.,0.,1.));
#5361=DIRECTION('',(0.,0.,1.));
#5362=DIRECTION('',(1.,0.,0.));
#5363=DIRECTION('',(0.,0.,1.));
#5364=DIRECTION('',(1.,0.,0.));
#5365=DIRECTION('',(0.,0.,1.));
#5366=DIRECTION('',(1.,0.,0.));
#5367=DIRECTION('',(0.,0.,-1.));
#5368=DIRECTION('',(-1.,0.,0.));
#5369=DIRECTION('',(0.,0.,-1.));
#5370=DIRECTION('',(-1.,0.,0.));
#5371=DIRECTION('',(0.,0.,-1.));
#5372=DIRECTION('',(-1.,0.,0.));
#5373=DIRECTION('',(1.68990185021461E-16,0.485879218087709,0.874025963819426));
#5374=DIRECTION('',(-1.,0.,1.9334687070735E-16));
#5375=DIRECTION('',(0.784885567221395,-0.5,-0.365998150770666));
#5376=DIRECTION('',(-0.422618261740699,0.,-0.90630778703665));
#5377=DIRECTION('',(-0.862363453938693,0.506289712823525,0.));
#5378=DIRECTION('',(0.,0.,1.));
#5379=DIRECTION('',(0.,0.497281881839348,-0.867589032891908));
#5380=DIRECTION('',(-1.,0.,0.));
#5381=DIRECTION('',(-0.867589032875368,-0.497281881868205,-1.71408102762609E-16));
#5382=DIRECTION('',(-1.97568314337178E-16,0.,1.));
#5383=DIRECTION('',(0.,0.506289712820846,0.862363453940266));
#5384=DIRECTION('',(1.,0.,0.));
#5385=DIRECTION('',(0.742458868126885,0.514787760978243,0.428658827375281));
#5386=DIRECTION('',(0.5,0.,-0.866025403784439));
#5387=DIRECTION('',(-2.51083219843785E-16,-0.5,-0.866025403784438));
#5388=DIRECTION('',(-1.,0.,2.89925929131614E-16));
#5389=DIRECTION('',(-0.866025403784441,0.5,-3.91787456819046E-19));
#5390=DIRECTION('',(4.52397187319189E-19,0.,-1.));
#5391=DIRECTION('',(-0.346237204468176,0.509088004507089,-0.788003300696801));
#5392=DIRECTION('',(-0.915522308047387,0.,0.402267204066631));
#5393=DIRECTION('',(-0.204789408196926,-0.860714472788154,-0.466081424885569));
#5394=DIRECTION('',(0.,-1.,0.));
#5395=DIRECTION('',(0.,0.,-1.));
#5396=DIRECTION('',(-0.509088004507087,-0.860714472788155,0.));
#5397=DIRECTION('',(0.860714472788154,-0.509088004507089,0.));
#5398=DIRECTION('',(0.,0.,1.));
#5399=DIRECTION('',(0.,-0.509088004480639,-0.860714472803799));
#5400=DIRECTION('',(1.,0.,0.));
#5401=DIRECTION('',(0.,0.860714472803799,-0.509088004480639));
#5402=DIRECTION('',(0.,-1.,0.));
#5403=DIRECTION('',(0.,0.,-1.));
#5404=DIRECTION('',(0.440883144642157,0.8607144728038,-0.25454400224032));
#5405=DIRECTION('',(-0.745400598853022,0.509088004480635,0.430357236401901));
#5406=DIRECTION('',(0.5,0.,0.866025403784438));
#5407=DIRECTION('',(0.,1.,0.));
#5408=DIRECTION('',(0.,0.,1.));
#5409=DIRECTION('',(-0.866025403784443,-0.499999999999993,-1.71099179198866E-16));
#5410=DIRECTION('',(-1.97568314337178E-16,0.,1.));
#5411=DIRECTION('',(0.430357236401899,0.509088004480639,-0.74540059885302));
#5412=DIRECTION('',(-0.866025403784439,0.,-0.5));
#5413=DIRECTION('',(-0.254544002240316,0.860714472803799,0.440883144642161));
#5414=DIRECTION('',(0.,-1.,0.));
#5415=DIRECTION('',(0.,0.,-1.));
#5416=DIRECTION('',(-0.50908800448064,0.860714472803798,0.));
#5417=DIRECTION('',(0.860714472803798,0.50908800448064,0.));
#5418=DIRECTION('',(0.,0.,-1.));
#5419=DIRECTION('',(-0.871062474339785,0.491172236386637,-3.94066213370612E-19));
#5420=DIRECTION('',(4.52397187319189E-19,0.,-1.));
#5421=DIRECTION('',(4.20467551594255E-16,0.491172236394412,-0.871062474335401));
#5422=DIRECTION('',(1.,0.,4.82706538259568E-16));
#5423=DIRECTION('',(0.866025403784438,0.5,0.));
#5424=DIRECTION('',(0.,0.,1.));
#5425=CARTESIAN_POINT('',(0.,0.,0.));
#5426=CARTESIAN_POINT('',(-0.101338790696718,0.,0.));
#5427=CARTESIAN_POINT('',(-0.101338790696718,-0.109364756475342,0.041111));
#5428=CARTESIAN_POINT('',(-0.101338790696718,-0.130267407570727,0.041111));
#5429=CARTESIAN_POINT('',(-0.101338790696718,-0.139364756475342,0.041111));
#5430=CARTESIAN_POINT('',(-0.101338790696718,-0.129364756475342,0.03905));
#5431=CARTESIAN_POINT('',(-0.101338790696718,-0.128462105379957,0.041111));
#5432=CARTESIAN_POINT('',(-0.101338790696718,-0.109364756475342,0.041111));
#5433=CARTESIAN_POINT('',(-0.101338790696718,-0.109364756475342,0.041111));
#5434=CARTESIAN_POINT('',(-0.101338790696718,-0.109364756475342,0.000349999999999989));
#5435=CARTESIAN_POINT('',(-0.101338790696718,-0.109364756475342,-0.0255));
#5436=CARTESIAN_POINT('',(-0.101338790696718,-0.109362756475342,-0.0255));
#5437=CARTESIAN_POINT('',(-0.101338790696718,-0.136364756475342,-0.0255));
#5438=CARTESIAN_POINT('',(-0.101338790696718,-0.0809323782376708,-0.0809323782376709));
#5439=CARTESIAN_POINT('',(-0.101338790696718,-0.139364756475342,-0.0225));
#5440=CARTESIAN_POINT('',(-0.101338790696718,-0.139364756475342,0.000349999999999989));
#5441=CARTESIAN_POINT('',(-0.0185387906963541,-0.109364756475342,0.000349999999999982));
#5442=CARTESIAN_POINT('',(0.0246281128402595,-0.109364756475342,-0.0382117001003618));
#5443=CARTESIAN_POINT('',(0.0249136669079684,-0.109364756475342,-0.0382149400225625));
#5444=CARTESIAN_POINT('',(0.0254645313178268,-0.109364756475342,-0.0381416486224092));
#5445=CARTESIAN_POINT('',(0.0262628250001753,-0.109364756475342,-0.0377715936186921));
#5446=CARTESIAN_POINT('',(0.0269349310173687,-0.109364756475342,-0.0372038332209568));
#5447=CARTESIAN_POINT('',(0.0272345674604423,-0.109364756475342,-0.0367343993191319));
#5448=CARTESIAN_POINT('',(0.0273526362169613,-0.109364756475342,-0.0364735442402182));
#5449=CARTESIAN_POINT('',(0.0246281128402595,-0.109364756475342,-0.0382117001003618));
#5450=CARTESIAN_POINT('',(0.0273526362169614,-0.109364756475342,-0.0364735442402181));
#5451=CARTESIAN_POINT('',(0.0293675170910463,-0.109364756475342,-0.0321526182617407));
#5452=CARTESIAN_POINT('',(0.0295645872229721,-0.109364756475342,-0.03173));
#5453=CARTESIAN_POINT('',(0.0625612093040097,-0.109364756475342,-0.03173));
#5454=CARTESIAN_POINT('',(0.0626612093040097,-0.109364756475342,-0.03173));
#5455=CARTESIAN_POINT('',(0.0626612093040097,-0.109364756475342,-0.030755));
#5456=CARTESIAN_POINT('',(0.0626612093040097,-0.109364756475342,-0.02978));
#5457=CARTESIAN_POINT('',(-0.0795387906959903,-0.109364756475342,-0.02978));
#5458=CARTESIAN_POINT('',(0.0612612093040097,-0.109364756475342,-0.02978));
#5459=CARTESIAN_POINT('',(0.0612612093040097,-0.109364756475342,-0.0151983643950384));
#5460=CARTESIAN_POINT('',(0.0612612093040097,-0.109364756475342,-0.0152268335151824));
#5461=CARTESIAN_POINT('',(0.0612612093040096,-0.109364756475342,-0.0152268335151825));
#5462=CARTESIAN_POINT('',(0.0612640871555511,-0.109364756475342,-0.0135053262981627));
#5463=CARTESIAN_POINT('',(0.0602331703069894,-0.109364756475342,-0.0100593371480904));
#5464=CARTESIAN_POINT('',(0.0574921373747386,-0.109364756475342,-0.00773030757548648));
#5465=CARTESIAN_POINT('',(0.0559127501340171,-0.109364756475342,-0.00703949042060718));
#5466=CARTESIAN_POINT('',(0.0559127501340172,-0.109364756475342,-0.00703949042060718));
#5467=CARTESIAN_POINT('',(0.0306309116233875,-0.109364756475342,0.00406898219872816));
#5468=CARTESIAN_POINT('',(0.0306309116233875,-0.109364756475342,0.00406898219872816));
#5469=CARTESIAN_POINT('',(0.0314612093040097,-0.109364756475342,0.00595866159899982));
#5470=CARTESIAN_POINT('',(0.0293971641314765,-0.109364756475342,0.00595866159899982));
#5471=CARTESIAN_POINT('',(0.0293971641314765,-0.109364756475342,0.000349999999999982));
#5472=CARTESIAN_POINT('',(0.0293971641314765,-0.109364756475342,0.00827));
#5473=CARTESIAN_POINT('',(0.0443612093040097,-0.109364756475342,0.00827));
#5474=CARTESIAN_POINT('',(0.0626612093040097,-0.109364756475342,0.00827));
#5475=CARTESIAN_POINT('',(0.0626612093040097,-0.109364756475342,0.009245));
#5476=CARTESIAN_POINT('',(0.0626612093040097,-0.109364756475342,0.01022));
#5477=CARTESIAN_POINT('',(-0.0795387906959904,-0.109364756475342,0.01022));
#5478=CARTESIAN_POINT('',(0.0613312910167866,-0.109364756475342,0.01022));
#5479=CARTESIAN_POINT('',(0.0613312910167866,-0.109364756475342,0.0353));
#5480=CARTESIAN_POINT('',(0.0613313980770595,-0.109364756475342,0.0338207004594197));
#5481=CARTESIAN_POINT('',(0.0613313980770594,-0.109364756475342,0.0338207004594196));
#5482=CARTESIAN_POINT('',(0.0612732880393614,-0.109364756475342,0.0344532873479963));
#5483=CARTESIAN_POINT('',(0.0610031382641205,-0.109364756475342,0.0356176067444204));
#5484=CARTESIAN_POINT('',(0.060175883195553,-0.109364756475342,0.0370446134152971));
#5485=CARTESIAN_POINT('',(0.0588073216397945,-0.109364756475342,0.0382028755071304));
#5486=CARTESIAN_POINT('',(0.0577516146765227,-0.109364756475342,0.0386050733829815));
#5487=CARTESIAN_POINT('',(0.0571680318619505,-0.109364756475342,0.0387366658404858));
#5488=CARTESIAN_POINT('',(0.0571680318619505,-0.109364756475342,0.0387366658404858));
#5489=CARTESIAN_POINT('',(0.0571680318619504,-0.109364756475342,0.0387366658404858));
#5490=CARTESIAN_POINT('',(0.0567721810036472,-0.109364756475342,0.0388253831010566));
#5491=CARTESIAN_POINT('',(0.0563694034535251,-0.109364756475342,0.0388698550586396));
#5492=CARTESIAN_POINT('',(0.0559596992115842,-0.109364756475342,0.0388700817132347));
#5493=CARTESIAN_POINT('',(0.0559596992115842,-0.109364756475342,0.0388700817132347));
#5494=CARTESIAN_POINT('',(-0.0138224405157357,-0.109364756475342,0.0388700817132347));
#5495=CARTESIAN_POINT('',(-0.0121510853935453,-0.109364756475342,0.0388700817132347));
#5496=CARTESIAN_POINT('',(-0.0121510853935453,-0.109364756475342,0.0388700817132347));
#5497=CARTESIAN_POINT('',(-0.0126194116167647,-0.109364756475342,0.0388698534635514));
#5498=CARTESIAN_POINT('',(-0.0130753668697924,-0.109364756475342,0.0388147455771758));
#5499=CARTESIAN_POINT('',(-0.0135189511526286,-0.109364756475342,0.0387047580541078));
#5500=CARTESIAN_POINT('',(-0.0135189364697759,-0.109364756475342,0.0387046988375485));
#5501=CARTESIAN_POINT('',(-0.0135189217869233,-0.109364756475342,0.0387046396209893));
#5502=CARTESIAN_POINT('',(-0.0144897576501646,-0.109364756475342,0.0384676105435893));
#5503=CARTESIAN_POINT('',(-0.0162694783973847,-0.109364756475342,0.0374825663730929));
#5504=CARTESIAN_POINT('',(-0.0172034419963511,-0.109364756475342,0.0356813979171944));
#5505=CARTESIAN_POINT('',(-0.0174123547234745,-0.109364756475342,0.03471115244075));
#5506=CARTESIAN_POINT('',(-0.0174124081291869,-0.109364756475342,0.0347111639400389));
#5507=CARTESIAN_POINT('',(-0.0174124615348994,-0.109364756475342,0.0347111754393278));
#5508=CARTESIAN_POINT('',(-0.0174965634848239,-0.109364756475342,0.0343289910620431));
#5509=CARTESIAN_POINT('',(-0.0175386732025063,-0.109364756475342,0.033937767878456));
#5510=CARTESIAN_POINT('',(-0.0175387906879466,-0.109364756475342,0.0335375058885662));
#5511=CARTESIAN_POINT('',(-0.0175387906879465,-0.109364756475342,0.0335375058885663));
#5512=CARTESIAN_POINT('',(-0.017538790696354,-0.109364756475342,0.02022));
#5513=CARTESIAN_POINT('',(-0.017538790696354,-0.109364756475342,0.02022));
#5514=CARTESIAN_POINT('',(-0.101340790696718,-0.109364756475342,0.02022));
#5515=CARTESIAN_POINT('',(-0.0195849844439873,-0.109364756475342,0.02022));
#5516=CARTESIAN_POINT('',(-0.0195849844439873,-0.109364756475342,0.0351196839687173));
#5517=CARTESIAN_POINT('',(-0.0195849844439873,-0.109364756475342,0.0336364414966902));
#5518=CARTESIAN_POINT('',(-0.0195849844439873,-0.109364756475342,0.0336364414966901));
#5519=CARTESIAN_POINT('',(-0.0195852211800216,-0.109364756475342,0.0340434428824086));
#5520=CARTESIAN_POINT('',(-0.0196295884522051,-0.109364756475342,0.034441698397125));
#5521=CARTESIAN_POINT('',(-0.0197180862605377,-0.109364756475342,0.0348312080408394));
#5522=CARTESIAN_POINT('',(-0.0197180862605377,-0.109364756475342,0.0348312080408394));
#5523=CARTESIAN_POINT('',(-0.0197180862605377,-0.109364756475342,0.0348312080408394));
#5524=CARTESIAN_POINT('',(-0.0199231970219092,-0.109364756475342,0.0357494418500931));
#5525=CARTESIAN_POINT('',(-0.0208164091876465,-0.109364756475342,0.0374574673743282));
#5526=CARTESIAN_POINT('',(-0.0224956466131096,-0.109364756475342,0.0384054227617934));
#5527=CARTESIAN_POINT('',(-0.0234142355760626,-0.109364756475342,0.0386412622798798));
#5528=CARTESIAN_POINT('',(-0.0234142355760626,-0.109364756475342,0.0386412622798798));
#5529=CARTESIAN_POINT('',(-0.0234142355760626,-0.109364756475342,0.0386412622798798));
#5530=CARTESIAN_POINT('',(-0.023870745378898,-0.109364756475342,0.0387596787305477));
#5531=CARTESIAN_POINT('',(-0.0243399046196035,-0.109364756475342,0.0388191092152628));
#5532=CARTESIAN_POINT('',(-0.0248217132981789,-0.109364756475342,0.0388195537340252));
#5533=CARTESIAN_POINT('',(-0.0248217132981789,-0.109364756475342,0.0388195537340252));
#5534=CARTESIAN_POINT('',(-0.0946502462301697,-0.109364756475342,0.0388195537340252));
#5535=CARTESIAN_POINT('',(-0.0931379091256567,-0.109364756475342,0.0388195537340252));
#5536=CARTESIAN_POINT('',(-0.0931379091256566,-0.109364756475342,0.0388195537340252));
#5537=CARTESIAN_POINT('',(-0.0935563822677389,-0.109364756475342,0.0388192899118776));
#5538=CARTESIAN_POINT('',(-0.0939669461572302,-0.109364756475342,0.0387723410361184));
#5539=CARTESIAN_POINT('',(-0.0943696007941305,-0.109364756475342,0.0386787071067478));
#5540=CARTESIAN_POINT('',(-0.0943696007941305,-0.109364756475342,0.0386787071067478));
#5541=CARTESIAN_POINT('',(-0.0943696007941305,-0.109364756475342,0.0386787071067478));
#5542=CARTESIAN_POINT('',(-0.0953118434391891,-0.109364756475342,0.0384633341030754));
#5543=CARTESIAN_POINT('',(-0.097059708899033,-0.109364756475342,0.0375282877760524));
#5544=CARTESIAN_POINT('',(-0.0979991267215087,-0.109364756475342,0.0357814726068906));
#5545=CARTESIAN_POINT('',(-0.0982174978035996,-0.109364756475342,0.0348308100962825));
#5546=CARTESIAN_POINT('',(-0.0982174978035996,-0.109364756475342,0.0348308100962825));
#5547=CARTESIAN_POINT('',(-0.0982174978035996,-0.109364756475342,0.0348308100962826));
#5548=CARTESIAN_POINT('',(-0.0983111317327427,-0.109364756475342,0.0344281554599283));
#5549=CARTESIAN_POINT('',(-0.0983580806083874,-0.109364756475342,0.0340175915710425));
#5550=CARTESIAN_POINT('',(-0.0983583444305337,-0.109364756475342,0.0335991184296254));
#5551=CARTESIAN_POINT('',(-0.0983583444305336,-0.109364756475342,0.0335991184296254));
#5552=CARTESIAN_POINT('',(-0.0983583444305335,-0.109364756475342,0.02072));
#5553=CARTESIAN_POINT('',(-0.0983583444305335,-0.109364756475342,0.02072));
#5554=CARTESIAN_POINT('',(-0.0983583444305336,-0.109364756475342,0.02072));
#5555=CARTESIAN_POINT('',(-0.0983607180974626,-0.109364756475342,0.0201346577360818));
#5556=CARTESIAN_POINT('',(-0.0982506875947027,-0.109364756475342,0.0189837830010037));
#5557=CARTESIAN_POINT('',(-0.0975487846635573,-0.109364756475342,0.0167007289860472));
#5558=CARTESIAN_POINT('',(-0.0962264064501605,-0.109364756475342,0.0147181648751399));
#5559=CARTESIAN_POINT('',(-0.094417806929965,-0.109364756475342,0.0132341378665144));
#5560=CARTESIAN_POINT('',(-0.0928469259935479,-0.109364756475342,0.0124002104067756));
#5561=CARTESIAN_POINT('',(-0.091135983253992,-0.109364756475342,0.0118736369897659));
#5562=CARTESIAN_POINT('',(-0.0899834259767354,-0.109364756475342,0.0117638210152495));
#5563=CARTESIAN_POINT('',(-0.0893973779961184,-0.109364756475342,0.0117661937476135));
#5564=CARTESIAN_POINT('',(-0.0893973779961183,-0.109364756475342,0.0117661937476135));
#5565=CARTESIAN_POINT('',(-0.0785387906959903,-0.109364756475342,0.0117661937476135));
#5566=CARTESIAN_POINT('',(-0.0775849844436038,-0.109364756475342,0.0117661937476135));
#5567=CARTESIAN_POINT('',(-0.0423537906961721,-0.109364756475342,-0.0234649999998181));
#5568=CARTESIAN_POINT('',(-0.0775387906959903,-0.109364756475342,0.01172));
#5569=CARTESIAN_POINT('',(-0.0775387906959903,-0.109364756475342,0.01147));
#5570=CARTESIAN_POINT('',(-0.0775387906959903,-0.109364756475342,0.01022));
#5571=CARTESIAN_POINT('',(-0.0795387906959904,-0.109364756475342,0.01022));
#5572=CARTESIAN_POINT('',(-0.0815387906959904,-0.109364756475342,0.01022));
#5573=CARTESIAN_POINT('',(-0.0815387906959904,-0.109364756475342,0.009245));
#5574=CARTESIAN_POINT('',(-0.0815387906959904,-0.109364756475342,0.00827));
#5575=CARTESIAN_POINT('',(-0.0790387906959904,-0.109364756475342,0.00827));
#5576=CARTESIAN_POINT('',(-0.077474745523829,-0.109364756475342,0.00827));
#5577=CARTESIAN_POINT('',(-0.077474745523829,-0.109364756475342,0.00573205080756884));
#5578=CARTESIAN_POINT('',(-0.077474745523829,-0.109364756475342,0.00573205080756884));
#5579=CARTESIAN_POINT('',(-0.0795387906959903,-0.109364756475342,0.00573205080756884));
#5580=CARTESIAN_POINT('',(-0.0785067681099097,-0.109364756475342,0.00394453525391849));
#5581=CARTESIAN_POINT('',(-0.0938003706686314,-0.109364756475342,-0.00488523030023864));
#5582=CARTESIAN_POINT('',(-0.0938636673762014,-0.109364756475342,-0.00492177467139299));
#5583=CARTESIAN_POINT('',(-0.0938636673762013,-0.109364756475342,-0.00492177467139299));
#5584=CARTESIAN_POINT('',(-0.0952157528500472,-0.109364756475342,-0.00570015593651534));
#5585=CARTESIAN_POINT('',(-0.0975009762371723,-0.109364756475342,-0.00798891511582001));
#5586=CARTESIAN_POINT('',(-0.0983407382573843,-0.109364756475342,-0.0111089285475055));
#5587=CARTESIAN_POINT('',(-0.0983387906967177,-0.109364756475342,-0.0126687866449688));
#5588=CARTESIAN_POINT('',(-0.0983387906967177,-0.109364756475342,-0.0126687866449688));
#5589=CARTESIAN_POINT('',(-0.0983387906967177,-0.109364756475342,-0.0344267786175003));
#5590=CARTESIAN_POINT('',(-0.0983387906967178,-0.109364756475342,-0.0329849564475837));
#5591=CARTESIAN_POINT('',(-0.0983387906967177,-0.109364756475342,-0.0329849564475837));
#5592=CARTESIAN_POINT('',(-0.0983385799584532,-0.109364756475342,-0.0333755093352125));
#5593=CARTESIAN_POINT('',(-0.0982964154427286,-0.109364756475342,-0.0337596487486368));
#5594=CARTESIAN_POINT('',(-0.0982122971495439,-0.109364756475342,-0.0341373746878567));
#5595=CARTESIAN_POINT('',(-0.0982122971495438,-0.109364756475342,-0.0341373746878567));
#5596=CARTESIAN_POINT('',(-0.0982122971495439,-0.109364756475342,-0.0341373746878567));
#5597=CARTESIAN_POINT('',(-0.0980072499263171,-0.109364756475342,-0.0350753264668167));
#5598=CARTESIAN_POINT('',(-0.0970917828157456,-0.109364756475342,-0.0368202211871117));
#5599=CARTESIAN_POINT('',(-0.0953625996095946,-0.109364756475342,-0.0377659968741276));
#5600=CARTESIAN_POINT('',(-0.0944192496839298,-0.109364756475342,-0.0379893019032626));
#5601=CARTESIAN_POINT('',(-0.0944192496839298,-0.109364756475342,-0.0379893019032626));
#5602=CARTESIAN_POINT('',(-0.0944192496839298,-0.109364756475342,-0.0379893019032627));
#5603=CARTESIAN_POINT('',(-0.0942850846031388,-0.109364756475342,-0.038021514529767));
#5604=CARTESIAN_POINT('',(-0.0941491943727838,-0.109364756475342,-0.0380485693749037));
#5605=CARTESIAN_POINT('',(-0.0940115789928649,-0.109364756475342,-0.0380704664386725));
#5606=CARTESIAN_POINT('',(-0.0940116729329344,-0.109364756475342,-0.0380710572630754));
#5607=CARTESIAN_POINT('',(-0.0940117668730039,-0.109364756475342,-0.0380716480874784));
#5608=CARTESIAN_POINT('',(-0.0937095385848871,-0.109364756475342,-0.0381197018683747));
#5609=CARTESIAN_POINT('',(-0.0931221590291793,-0.109364756475342,-0.0381268210057861));
#5610=CARTESIAN_POINT('',(-0.0919547310819371,-0.109364756475342,-0.0377549830582307));
#5611=CARTESIAN_POINT('',(-0.0912932047792181,-0.109364756475342,-0.0371434323687693));
#5612=CARTESIAN_POINT('',(-0.0909849073437332,-0.109364756475342,-0.0366066571632393));
#5613=CARTESIAN_POINT('',(-0.0909849073437333,-0.109364756475342,-0.0366066571632393));
#5614=CARTESIAN_POINT('',(-0.0884414042895544,-0.109364756475342,-0.0322011806441948));
#5615=CARTESIAN_POINT('',(-0.0884414042895544,-0.109364756475342,-0.0322011806441948));
#5616=CARTESIAN_POINT('',(-0.0815387906959903,-0.109364756475342,-0.036186406460551));
#5617=CARTESIAN_POINT('',(-0.0815387906959903,-0.109364756475342,-0.0282159548278387));
#5618=CARTESIAN_POINT('',(-0.0185387906963541,-0.109364756475342,-0.0282159548278387));
#5619=CARTESIAN_POINT('',(-0.0776028358681517,-0.109364756475342,-0.0282159548278387));
#5620=CARTESIAN_POINT('',(-0.0623537906961722,-0.109364756475342,-0.0434649999998181));
#5621=CARTESIAN_POINT('',(-0.0775387906959903,-0.109364756475342,-0.02828));
#5622=CARTESIAN_POINT('',(-0.0775387906959903,-0.109364756475342,-0.02853));
#5623=CARTESIAN_POINT('',(-0.0775387906959903,-0.109364756475342,-0.02978));
#5624=CARTESIAN_POINT('',(-0.0795387906959903,-0.109364756475342,-0.02978));
#5625=CARTESIAN_POINT('',(-0.0815387906959903,-0.109364756475342,-0.02978));
#5626=CARTESIAN_POINT('',(-0.0815387906959903,-0.109364756475342,-0.02988));
#5627=CARTESIAN_POINT('',(-0.0815387906959903,-0.109364756475342,-0.03173));
#5628=CARTESIAN_POINT('',(-0.0790387906959904,-0.109364756475342,-0.03173));
#5629=CARTESIAN_POINT('',(-0.077581430718157,-0.109364756475342,-0.03173));
#5630=CARTESIAN_POINT('',(-0.0765390548377607,-0.109364756475342,-0.0335354479854306));
#5631=CARTESIAN_POINT('',(-0.076484069069559,-0.109364756475342,-0.0336306861296492));
#5632=CARTESIAN_POINT('',(-0.076484069069559,-0.109364756475342,-0.0336306861296492));
#5633=CARTESIAN_POINT('',(-0.0757068074267735,-0.109364756475342,-0.0349808281010982));
#5634=CARTESIAN_POINT('',(-0.073421995477877,-0.109364756475342,-0.0372631434227379));
#5635=CARTESIAN_POINT('',(-0.0703090523643583,-0.109364756475342,-0.0381019477698331));
#5636=CARTESIAN_POINT('',(-0.0687533094472327,-0.109364756475342,-0.0381));
#5637=CARTESIAN_POINT('',(-0.0687533094472328,-0.109364756475342,-0.0381));
#5638=CARTESIAN_POINT('',(-0.0232600761386831,-0.109364756475342,-0.0381));
#5639=CARTESIAN_POINT('',(-0.0247249016888008,-0.109364756475342,-0.0381));
#5640=CARTESIAN_POINT('',(-0.0247249016888008,-0.109364756475342,-0.0381));
#5641=CARTESIAN_POINT('',(-0.0242089411418046,-0.109364756475342,-0.0380993644493237));
#5642=CARTESIAN_POINT('',(-0.0237086759030865,-0.109364756475342,-0.038030407491547));
#5643=CARTESIAN_POINT('',(-0.0232241059726465,-0.109364756475342,-0.0378931291266702));
#5644=CARTESIAN_POINT('',(-0.0232241059726465,-0.109364756475342,-0.0378931291266702));
#5645=CARTESIAN_POINT('',(-0.0232241059726464,-0.109364756475342,-0.0378931291266702));
#5646=CARTESIAN_POINT('',(-0.0222148630182921,-0.109364756475342,-0.0376125693294514));
#5647=CARTESIAN_POINT('',(-0.0212997378771729,-0.109364756475342,-0.0370140254662617));
#5648=CARTESIAN_POINT('',(-0.0206738682202848,-0.109364756475342,-0.0362003785903267));
#5649=CARTESIAN_POINT('',(-0.0206737678985814,-0.109364794035577,-0.0362));
#5650=CARTESIAN_POINT('',(-0.0166239553504148,-0.109364756475342,-0.0362));
#5651=CARTESIAN_POINT('',(-0.0164160466683385,-0.109364756475342,-0.03620018633829));
#5652=CARTESIAN_POINT('',(-0.0164159826714482,-0.109364756475342,-0.0362004754351863));
#5653=CARTESIAN_POINT('',(-0.0160630680616443,-0.109364756475342,-0.0366552187951536));
#5654=CARTESIAN_POINT('',(-0.0151688328708841,-0.109364756475342,-0.037447601122909));
#5655=CARTESIAN_POINT('',(-0.0140913672629199,-0.109364756475342,-0.0379014023009257));
#5656=CARTESIAN_POINT('',(-0.0135176773365195,-0.109364756475342,-0.0380411836989961));
#5657=CARTESIAN_POINT('',(-0.0135176773365194,-0.109364756475342,-0.0380411836989962));
#5658=CARTESIAN_POINT('',(-0.0135176773365195,-0.109364756475342,-0.0380411836989961));
#5659=CARTESIAN_POINT('',(-0.0130643811685571,-0.109364756475342,-0.0381544751520335));
#5660=CARTESIAN_POINT('',(-0.012601090378449,-0.109364756475342,-0.0382113139524887));
#5661=CARTESIAN_POINT('',(-0.0121278049661951,-0.109364756475342,-0.0382117001003618));
#5662=CARTESIAN_POINT('',(-0.0121278049661951,-0.109364756475342,-0.0382117001003618));
#5663=CARTESIAN_POINT('',(0.0246811318540341,-0.109364756475342,-0.0382117001003618));
#5664=CARTESIAN_POINT('',(-0.101338790696718,-0.109364756475342,0.000349999999999989));
#5665=CARTESIAN_POINT('',(-0.101338790696718,-0.109364756475342,-0.0295));
#5666=CARTESIAN_POINT('',(-0.101338790696718,-0.109364756475342,-0.040411));
#5667=CARTESIAN_POINT('',(-0.100138790696718,-0.109364756475342,-0.0295));
#5668=CARTESIAN_POINT('',(-0.0989387906967178,-0.109364756475342,-0.0295));
#5669=CARTESIAN_POINT('',(-0.0989387906967178,-0.109364756475342,-0.0275));
#5670=CARTESIAN_POINT('',(-0.0989387906967178,-0.109364756475342,-0.0255));
#5671=CARTESIAN_POINT('',(-0.100138790696718,-0.109364756475342,-0.0255));
#5672=CARTESIAN_POINT('',(-0.100649790696718,-0.109364756475342,0.041111));
#5673=CARTESIAN_POINT('',(-0.100649790696718,-0.109364756475342,0.0418));
#5674=CARTESIAN_POINT('',(-0.0185387906963541,-0.109364756475342,0.0418));
#5675=CARTESIAN_POINT('',(0.0635722093040097,-0.109364756475342,0.0418));
#5676=CARTESIAN_POINT('',(0.0635722093040097,-0.109364756475342,0.041111));
#5677=CARTESIAN_POINT('',(0.0642612093040097,-0.109364756475342,0.041111));
#5678=CARTESIAN_POINT('',(0.0642612093040097,-0.109364756475342,0.000349999999999996));
#5679=CARTESIAN_POINT('',(0.0642612093040097,-0.109364756475342,-0.040411));
#5680=CARTESIAN_POINT('',(0.0635722093040097,-0.109364756475342,-0.040411));
#5681=CARTESIAN_POINT('',(0.0635722093040097,-0.109364756475342,-0.0411));
#5682=CARTESIAN_POINT('',(-0.0185387906963541,-0.109364756475342,-0.0411));
#5683=CARTESIAN_POINT('',(-0.100649790696718,-0.109364756475342,-0.0411));
#5684=CARTESIAN_POINT('',(-0.100649790696718,-0.109364756475342,-0.040411));
#5685=CARTESIAN_POINT('',(-0.0185387906963541,-0.139364756475342,0.000349999999999982));
#5686=CARTESIAN_POINT('',(-0.0950387906967178,-0.139364756475342,-0.0355));
#5687=CARTESIAN_POINT('',(-0.0950387906967178,-0.139364756475342,-0.03325));
#5688=CARTESIAN_POINT('',(-0.0240387906967178,-0.139364756475342,-0.0355));
#5689=CARTESIAN_POINT('',(-0.0240387906967178,-0.139364756475342,-0.03325));
#5690=CARTESIAN_POINT('',(-0.0130387906959903,-0.139364756475342,-0.0355));
#5691=CARTESIAN_POINT('',(-0.0130387906959903,-0.139364756475342,-0.03325));
#5692=CARTESIAN_POINT('',(0.0579612093040097,-0.139364756475342,-0.0355));
#5693=CARTESIAN_POINT('',(0.0579612093040097,-0.139364756475342,-0.03325));
#5694=CARTESIAN_POINT('',(0.0579612093040097,-0.139364756475342,0.0355));
#5695=CARTESIAN_POINT('',(0.0579612093040097,-0.139364756475342,0.03775));
#5696=CARTESIAN_POINT('',(-0.0130387906959903,-0.139364756475342,0.0355));
#5697=CARTESIAN_POINT('',(-0.0130387906959903,-0.139364756475342,0.03775));
#5698=CARTESIAN_POINT('',(-0.0240387906967178,-0.139364756475342,0.0355));
#5699=CARTESIAN_POINT('',(-0.0240387906967178,-0.139364756475342,0.03775));
#5700=CARTESIAN_POINT('',(-0.0950387906967178,-0.139364756475342,0.0355));
#5701=CARTESIAN_POINT('',(-0.0950387906967178,-0.139364756475342,0.03775));
#5702=CARTESIAN_POINT('',(-0.0595387906967178,-0.139364756475342,0.039));
#5703=CARTESIAN_POINT('',(-0.0680193619225927,-0.139364756475342,0.039));
#5704=CARTESIAN_POINT('',(-0.0510748980318829,-0.139364756475342,0.039));
#5705=CARTESIAN_POINT('',(-0.0510748980318829,-0.139364756475342,0.039));
#5706=CARTESIAN_POINT('',(-0.0507872108883168,-0.139364756475342,0.039));
#5707=CARTESIAN_POINT('',(-0.0505033667127813,-0.139364756475342,0.0389672196372317));
#5708=CARTESIAN_POINT('',(-0.0502235375085442,-0.139364756475342,0.0389001917307371));
#5709=CARTESIAN_POINT('',(-0.0502235346285907,-0.139364756475342,0.0389002037653079));
#5710=CARTESIAN_POINT('',(-0.0595387906986185,-0.139364756475342,-3.0227764735713E-12));
#5711=CARTESIAN_POINT('',(-0.0206330653626169,-0.139364756475342,0.00929216716993313));
#5712=CARTESIAN_POINT('',(-0.0206330758193047,-0.139364756475342,0.00929216467398584));
#5713=CARTESIAN_POINT('',(-0.0205695581143917,-0.139364756475342,0.00902628994869085));
#5714=CARTESIAN_POINT('',(-0.0205387906967178,-0.139364756475342,0.00875659760513818));
#5715=CARTESIAN_POINT('',(-0.0205387906967178,-0.139364756475342,0.00848331878142439));
#5716=CARTESIAN_POINT('',(-0.0205387906967178,-0.139364756475342,0.00848331878142439));
#5717=CARTESIAN_POINT('',(-0.0205387906967178,-0.139364756475342,-1.21430643318376E-17));
#5718=CARTESIAN_POINT('',(-0.0205387906967178,-0.139364756475342,-0.00849256150569276));
#5719=CARTESIAN_POINT('',(-0.0205387906967178,-0.139364756475342,-0.00849256150569276));
#5720=CARTESIAN_POINT('',(-0.0205387906967178,-0.139364756475342,-0.00875961830503919));
#5721=CARTESIAN_POINT('',(-0.0205688787761111,-0.139364756475342,-0.00902316942848207));
#5722=CARTESIAN_POINT('',(-0.0206308878282562,-0.139364756475342,-0.00928300131868538));
#5723=CARTESIAN_POINT('',(-0.0206308774521473,-0.139364756475342,-0.00928300379276576));
#5724=CARTESIAN_POINT('',(-0.0595387906986185,-0.139364756475342,-3.02278254510346E-12));
#5725=CARTESIAN_POINT('',(-0.0502200754994037,-0.139364756475342,-0.0388993747814669));
#5726=CARTESIAN_POINT('',(-0.0502200783219771,-0.139364756475342,-0.0388993629916522));
#5727=CARTESIAN_POINT('',(-0.0505014270961756,-0.139364756475342,-0.0389667814703711));
#5728=CARTESIAN_POINT('',(-0.0507867966730794,-0.139364756475342,-0.0390000000024974));
#5729=CARTESIAN_POINT('',(-0.0510760716702705,-0.139364756475342,-0.0390000000029556));
#5730=CARTESIAN_POINT('',(-0.0510760716703651,-0.139364756475342,-0.039));
#5731=CARTESIAN_POINT('',(-0.0595387906967178,-0.139364756475342,-0.039));
#5732=CARTESIAN_POINT('',(-0.0680183053074659,-0.139364756475342,-0.039));
#5733=CARTESIAN_POINT('',(-0.0680183053074659,-0.139364756469124,-0.0390000000025618));
#5734=CARTESIAN_POINT('',(-0.0682961001075409,-0.139364756469124,-0.0390000000025618));
#5735=CARTESIAN_POINT('',(-0.0685701477968755,-0.139364756475342,-0.03896809019464));
#5736=CARTESIAN_POINT('',(-0.0688403541652663,-0.139364756475342,-0.0389034682994656));
#5737=CARTESIAN_POINT('',(-0.068840356869454,-0.139364756475342,-0.0389034796169591));
#5738=CARTESIAN_POINT('',(-0.0595387906986185,-0.139364756475342,-3.02272443186702E-12));
#5739=CARTESIAN_POINT('',(-0.0984452880354906,-0.139364756475342,-0.00928893442149796));
#5740=CARTESIAN_POINT('',(-0.0984452777363545,-0.139364756475342,-0.00928893196405225));
#5741=CARTESIAN_POINT('',(-0.0985079976669143,-0.139364756475342,-0.00902629954551511));
#5742=CARTESIAN_POINT('',(-0.0985387906934728,-0.139364756475342,-0.00875993036444705));
#5743=CARTESIAN_POINT('',(-0.0985387906929395,-0.139364756475342,-0.00848995713121554));
#5744=CARTESIAN_POINT('',(-0.0985387906967178,-0.139364756475342,-0.00848995713129095));
#5745=CARTESIAN_POINT('',(-0.0985387906967178,-0.139364756475342,-1.56125112837912E-17));
#5746=CARTESIAN_POINT('',(-0.0985387906967178,-0.139364756475342,0.0084805712508673));
#5747=CARTESIAN_POINT('',(-0.098538790693256,-0.139364756483254,0.0084805712508673));
#5748=CARTESIAN_POINT('',(-0.098538790693256,-0.139364756483254,0.00875692394718427));
#5749=CARTESIAN_POINT('',(-0.0985072810660818,-0.139364756475342,0.00902958651685703));
#5750=CARTESIAN_POINT('',(-0.0984430124003563,-0.139364756475342,0.00929841263996286));
#5751=CARTESIAN_POINT('',(-0.0984430235555314,-0.139364756475342,0.00929841530442204));
#5752=CARTESIAN_POINT('',(-0.0595387906986185,-0.139364756475342,-3.02277994301825E-12));
#5753=CARTESIAN_POINT('',(-0.0688372058734378,-0.139364756475342,0.0389042324722638));
#5754=CARTESIAN_POINT('',(-0.0688372033022923,-0.139364756475342,0.03890422170811));
#5755=CARTESIAN_POINT('',(-0.0685683771822423,-0.139364756475342,0.0389684903728183));
#5756=CARTESIAN_POINT('',(-0.0682957146157418,-0.139364756475342,0.039));
#5757=CARTESIAN_POINT('',(-0.0680193619225927,-0.139364756475342,0.039));
#5758=CARTESIAN_POINT('',(0.022461209302109,-0.139364756475342,-3.02274958535742E-12));
#5759=CARTESIAN_POINT('',(0.0131459533298202,-0.139364756475342,0.0389002033421321));
#5760=CARTESIAN_POINT('',(-0.0164445164094587,-0.139364756475342,0.00929216727762529));
#5761=CARTESIAN_POINT('',(0.0131459561087844,-0.139364756475342,0.0389001917299584));
#5762=CARTESIAN_POINT('',(0.0134257853135009,-0.139364756475342,0.0389672196365928));
#5763=CARTESIAN_POINT('',(0.0137096294895256,-0.139364756475342,0.038999999999372));
#5764=CARTESIAN_POINT('',(0.0139973166335903,-0.139364756475342,0.0389999999992592));
#5765=CARTESIAN_POINT('',(0.0139973166335754,-0.139364756475342,0.039));
#5766=CARTESIAN_POINT('',(0.0224612093040097,-0.139364756475342,0.039));
#5767=CARTESIAN_POINT('',(0.0309417805278668,-0.139364756475342,0.039));
#5768=CARTESIAN_POINT('',(0.0309417805278668,-0.139364756476893,0.0389999999993213));
#5769=CARTESIAN_POINT('',(0.0312181332215348,-0.139364756476893,0.0389999999993213));
#5770=CARTESIAN_POINT('',(0.0314907957885599,-0.139364756475342,0.0389684903721673));
#5771=CARTESIAN_POINT('',(0.0317596219091167,-0.139364756475342,0.0389042217073137));
#5772=CARTESIAN_POINT('',(0.031759624573576,-0.139364756475342,0.0389042328624891));
#5773=CARTESIAN_POINT('',(0.022461209302109,-0.139364756475342,-3.02275392216611E-12));
#5774=CARTESIAN_POINT('',(0.0614612093039776,-0.139364756475343,0.00888819440000235));
#5775=CARTESIAN_POINT('',(0.0614612093040097,-0.139364756475342,1.82145964977565E-17));
#5776=CARTESIAN_POINT('',(0.0614612093040097,-0.139364756475342,-0.00848995708633077));
#5777=CARTESIAN_POINT('',(0.0614612093038066,-0.139364756475805,-0.00848995708633077));
#5778=CARTESIAN_POINT('',(0.0614612093038066,-0.139364756475805,-0.00875993031552004));
#5779=CARTESIAN_POINT('',(0.0614304162773884,-0.139364756475342,-0.00902629949479278));
#5780=CARTESIAN_POINT('',(0.0613676963481301,-0.139364756475342,-0.00928893190948477));
#5781=CARTESIAN_POINT('',(0.0613677070211091,-0.139364756475342,-0.00928893445605098));
#5782=CARTESIAN_POINT('',(0.0224612093021089,-0.139364756475342,-3.02273570756962E-12));
#5783=CARTESIAN_POINT('',(0.0317627753652942,-0.139364756475342,-0.0389034792375691));
#5784=CARTESIAN_POINT('',(0.0317627727515265,-0.139364756475342,-0.0389034682988401));
#5785=CARTESIAN_POINT('',(0.031492566383613,-0.139364756475342,-0.0389680901937814));
#5786=CARTESIAN_POINT('',(0.0312185186926033,-0.139364756475342,-0.0390000000017426));
#5787=CARTESIAN_POINT('',(0.0309407238930661,-0.139364756475342,-0.0390000000020453));
#5788=CARTESIAN_POINT('',(0.0309407238930009,-0.139364756475342,-0.039));
#5789=CARTESIAN_POINT('',(0.0224612093040097,-0.139364756475342,-0.039));
#5790=CARTESIAN_POINT('',(0.0139984902917609,-0.139364756475342,-0.039));
#5791=CARTESIAN_POINT('',(0.0139984902917609,-0.13936475647103,-0.0390000000017722));
#5792=CARTESIAN_POINT('',(0.0137092152943678,-0.13936475647103,-0.0390000000017723));
#5793=CARTESIAN_POINT('',(0.0134238457172341,-0.139364756475342,-0.0389667814697091));
#5794=CARTESIAN_POINT('',(0.0131424969428258,-0.139364756475342,-0.0388993629910651));
#5795=CARTESIAN_POINT('',(0.0131424940223123,-0.139364756475342,-0.0388993751903664));
#5796=CARTESIAN_POINT('',(0.022461209302109,-0.139364756475342,-3.02273830965482E-12));
#5797=CARTESIAN_POINT('',(-0.016446703577335,-0.139364756475342,-0.00928300370203957));
#5798=CARTESIAN_POINT('',(-0.0164466935645065,-0.139364756475342,-0.00928300131450478));
#5799=CARTESIAN_POINT('',(-0.0165087026166145,-0.139364756475342,-0.00902316942436225));
#5800=CARTESIAN_POINT('',(-0.0165387906959903,-0.139364756475342,-0.00875961830098373));
#5801=CARTESIAN_POINT('',(-0.0165387906959903,-0.139364756475342,-0.00849256150170492));
#5802=CARTESIAN_POINT('',(-0.0165387906959903,-0.139364756475342,-0.00849256150170492));
#5803=CARTESIAN_POINT('',(-0.0165387906959903,-0.139364756475342,1.47451495458029E-17));
#5804=CARTESIAN_POINT('',(-0.0165387906959903,-0.139364756475342,0.00848331879755795));
#5805=CARTESIAN_POINT('',(-0.0165387906959903,-0.139364756475342,0.00848331879755795));
#5806=CARTESIAN_POINT('',(-0.0165387906959903,-0.139364756475342,0.0087565976216295));
#5807=CARTESIAN_POINT('',(-0.0165080232782216,-0.139364756475342,0.00902628996552216));
#5808=CARTESIAN_POINT('',(-0.016444505573108,-0.139364756475342,0.00929216469113765));
#5809=CARTESIAN_POINT('',(-0.0939387906967177,-0.139364756475342,-0.0225));
#5810=CARTESIAN_POINT('',(-0.0939387906967177,-0.139364756475342,-0.0225));
#5811=CARTESIAN_POINT('',(-0.0939387906967177,-0.139364756475342,-0.0295));
#5812=CARTESIAN_POINT('',(-0.0939387906967177,-0.139364756475342,-0.0325));
#5813=CARTESIAN_POINT('',(-0.0185387906963541,-0.139364756475342,-0.0325));
#5814=CARTESIAN_POINT('',(-0.101338790696718,-0.139364756475342,-0.0325));
#5815=CARTESIAN_POINT('',(-0.101338790696718,-0.139364756475342,0.000349999999999989));
#5816=CARTESIAN_POINT('',(-0.101338790696718,-0.139364756475342,-0.040411));
#5817=CARTESIAN_POINT('',(-0.100649790696718,-0.139364756475342,-0.040411));
#5818=CARTESIAN_POINT('',(-0.100649790696718,-0.139364756475342,-0.0411));
#5819=CARTESIAN_POINT('',(-0.0185387906963541,-0.139364756475342,-0.0411));
#5820=CARTESIAN_POINT('',(0.0635722093040097,-0.139364756475342,-0.0411));
#5821=CARTESIAN_POINT('',(0.0635722093040097,-0.139364756475342,-0.040411));
#5822=CARTESIAN_POINT('',(0.0642612093040097,-0.139364756475342,-0.040411));
#5823=CARTESIAN_POINT('',(0.0642612093040097,-0.139364756475342,0.000349999999999996));
#5824=CARTESIAN_POINT('',(0.0642612093040097,-0.139364756475342,0.041111));
#5825=CARTESIAN_POINT('',(0.0635722093040097,-0.139364756475342,0.041111));
#5826=CARTESIAN_POINT('',(0.0635722093040097,-0.139364756475342,0.0418));
#5827=CARTESIAN_POINT('',(-0.0185387906963541,-0.139364756475342,0.0418));
#5828=CARTESIAN_POINT('',(-0.100649790696718,-0.139364756475342,0.0418));
#5829=CARTESIAN_POINT('',(-0.100649790696718,-0.139364756475342,0.041111));
#5830=CARTESIAN_POINT('',(-0.0595387907023296,-0.139364756475342,-0.0390000000029556));
#5831=CARTESIAN_POINT('',(-0.0510760716703651,-0.139364756469111,-0.039000000002561));
#5832=CARTESIAN_POINT('',(-0.0466981047862088,-0.134612635411469,-0.0386990323351088));
#5833=CARTESIAN_POINT('',(-0.0401318860325793,-0.127483702338048,-0.0382475332397565));
#5834=CARTESIAN_POINT('',(-0.0313587230169446,-0.11799549468612,-0.0376466134208663));
#5835=CARTESIAN_POINT('',(-0.0269644494249104,-0.113257984507717,-0.0373465711091006));
#5836=CARTESIAN_POINT('',(-0.024726758309355,-0.110927522883683,-0.0371989752060155));
#5837=CARTESIAN_POINT('',(-0.0247258299990777,-0.110926556094033,-0.0371989139760043));
#5838=CARTESIAN_POINT('',(-0.068810382106742,-0.110925589304383,-0.037198852745993));
#5839=CARTESIAN_POINT('',(-0.0687533094472328,-0.110925589304383,-0.037198852745993));
#5840=CARTESIAN_POINT('',(-0.0684650204925866,-0.118809764819088,-0.0376981838627011));
#5841=CARTESIAN_POINT('',(-0.0686239095620912,-0.114464439439279,-0.0374229799215518));
#5842=CARTESIAN_POINT('',(-0.0815263236997079,-0.108975436921812,-0.0370753430949047));
#5843=CARTESIAN_POINT('',(-0.0765933037251309,-0.125015886428371,-0.0380912382319005));
#5844=CARTESIAN_POINT('',(-0.0838417934297525,-0.125015886428371,-0.0380912382319005));
#5845=CARTESIAN_POINT('',(-0.080672571511346,-0.125015886428371,-0.0380912382319005));
#5846=CARTESIAN_POINT('',(-0.080672571511346,-0.125015886428371,-0.0380912382319005));
#5847=CARTESIAN_POINT('',(-0.0764513682191103,-0.129796106579829,-0.0383939855086305));
#5848=CARTESIAN_POINT('',(-0.0722346313047617,-0.134580251538462,-0.0386969813564819));
#5849=CARTESIAN_POINT('',(-0.0680183053074659,-0.139364756469124,-0.0390000000025618));
#5850=CARTESIAN_POINT('',(-0.0685829750228649,-0.139364756475342,-0.0389641190122653));
#5851=CARTESIAN_POINT('',(-0.0939215329499071,-0.110428247294464,-0.0371660441906446));
#5852=CARTESIAN_POINT('',(-0.0721763764396831,-0.139364756475342,-0.038129940889287));
#5853=CARTESIAN_POINT('',(-0.0943601107377453,-0.110428247294464,-0.037134709698719));
#5854=CARTESIAN_POINT('',(-0.0756530574648746,-0.139364756475342,-0.0367958918247796));
#5855=CARTESIAN_POINT('',(-0.0947939924920836,-0.110428247294464,-0.0370247356414982));
#5856=CARTESIAN_POINT('',(-0.0821573840613731,-0.139364756475342,-0.0332024538260721));
#5857=CARTESIAN_POINT('',(-0.0956036533164735,-0.110428247294464,-0.0366574847365525));
#5858=CARTESIAN_POINT('',(-0.08517696052175,-0.139364756475342,-0.0309303726762002));
#5859=CARTESIAN_POINT('',(-0.0959781848408705,-0.110428247294464,-0.0363982100782762));
#5860=CARTESIAN_POINT('',(-0.0904691633709627,-0.139364756475342,-0.0256381698271594));
#5861=CARTESIAN_POINT('',(-0.0966121859891451,-0.110428247294464,-0.0357642089300077));
#5862=CARTESIAN_POINT('',(-0.0927412445209328,-0.139364756475342,-0.0226185933668564));
#5863=CARTESIAN_POINT('',(-0.0968714606474249,-0.110428247294464,-0.0353896774056133));
#5864=CARTESIAN_POINT('',(-0.09633677588823,-0.139364756475342,-0.0161104776549748));
#5865=CARTESIAN_POINT('',(-0.0972389254955244,-0.110428247294464,-0.0345795449108196));
#5866=CARTESIAN_POINT('',(-0.0976718620630275,-0.139364756475342,-0.0126294254125694));
#5867=CARTESIAN_POINT('',(-0.0973489436260915,-0.110428247294464,-0.0341451164348171));
#5868=CARTESIAN_POINT('',(-0.0985058444458872,-0.139364756475342,-0.00903153293414389));
#5869=CARTESIAN_POINT('',(-0.0973801300926876,-0.110428247294464,-0.0337060129647691));
#5870=CARTESIAN_POINT('',(-0.0939863232468681,-0.110984447916332,-0.0371129862772025));
#5871=CARTESIAN_POINT('',(-0.0940571902138881,-0.110922598888126,-0.037106001212941));
#5872=CARTESIAN_POINT('',(-0.0941294765528193,-0.110862393149311,-0.037098389120645));
#5873=CARTESIAN_POINT('',(-0.0942032676066771,-0.110804492489899,-0.0370898547840024));
#5874=CARTESIAN_POINT('',(-0.0939863232468681,-0.110984447916332,-0.0371129862772025));
#5875=CARTESIAN_POINT('',(-0.0942032676066768,-0.110804492489899,-0.0370898547840027));
#5876=CARTESIAN_POINT('',(-0.0942032675840968,-0.110804492507616,-0.0370898547866141));
#5877=CARTESIAN_POINT('',(-0.0950199416345735,-0.110669733741171,-0.0369151259241469));
#5878=CARTESIAN_POINT('',(-0.0964515379192981,-0.110534222097256,-0.0361877801207884));
#5879=CARTESIAN_POINT('',(-0.0971494404819578,-0.110667173133316,-0.0347523525716587));
#5880=CARTESIAN_POINT('',(-0.0973100667069611,-0.110800871541542,-0.0339359120132424));
#5881=CARTESIAN_POINT('',(-0.0973100664125398,-0.110800868569993,-0.0339359154897238));
#5882=CARTESIAN_POINT('',(-0.0973100664125401,-0.110800868569992,-0.0339359154897231));
#5883=CARTESIAN_POINT('',(-0.0973351621548757,-0.111054157648116,-0.033639587716245));
#5884=CARTESIAN_POINT('',(-0.0973622346737137,-0.111626743942819,-0.0330970037250315));
#5885=CARTESIAN_POINT('',(-0.0974091202055992,-0.112802339122814,-0.0320551597445215));
#5886=CARTESIAN_POINT('',(-0.097463750449829,-0.114292401364217,-0.0307723024202129));
#5887=CARTESIAN_POINT('',(-0.0975312416040433,-0.116081688580933,-0.0292361548236955));
#5888=CARTESIAN_POINT('',(-0.0976222272245215,-0.118469685445923,-0.0271900354395376));
#5889=CARTESIAN_POINT('',(-0.097737880154441,-0.121454936304011,-0.0246329815188688));
#5890=CARTESIAN_POINT('',(-0.09787812221239,-0.125037208427625,-0.0215644580115045));
#5891=CARTESIAN_POINT('',(-0.0980192539754725,-0.128619281246556,-0.0184957671832704));
#5892=CARTESIAN_POINT('',(-0.0982081531847258,-0.13339519021774,-0.0144039846254035));
#5893=CARTESIAN_POINT('',(-0.0983503605265437,-0.136976954546815,-0.0113349788281474));
#5894=CARTESIAN_POINT('',(-0.0984452777363545,-0.139364756475342,-0.00928893196405221));
#5895=CARTESIAN_POINT('',(-0.0688403541652663,-0.139364756475342,-0.0389034682994657));
#5896=CARTESIAN_POINT('',(-0.0729333936806414,-0.134714776511679,-0.0386101263940142));
#5897=CARTESIAN_POINT('',(-0.0770262814983365,-0.130064646930165,-0.038317039371942));
#5898=CARTESIAN_POINT('',(-0.0811189432086714,-0.125414206319735,-0.0380257344449622));
#5899=CARTESIAN_POINT('',(-0.0811189432086714,-0.125414206319735,-0.0380257344449622));
#5900=CARTESIAN_POINT('',(-0.0811189432086714,-0.125414206319735,-0.0380257344449622));
#5901=CARTESIAN_POINT('',(-0.0813785377968349,-0.125119232217185,-0.0380072571829988));
#5902=CARTESIAN_POINT('',(-0.0820062814641376,-0.12464528739431,-0.0379294564954169));
#5903=CARTESIAN_POINT('',(-0.0833505888925794,-0.123927222475415,-0.0377054299493737));
#5904=CARTESIAN_POINT('',(-0.0851184412056704,-0.123212045791169,-0.0373187126325078));
#5905=CARTESIAN_POINT('',(-0.0872202113567204,-0.122463142111732,-0.0366977012040623));
#5906=CARTESIAN_POINT('',(-0.0885972781398175,-0.122005763020933,-0.0361612132936106));
#5907=CARTESIAN_POINT('',(-0.0892761200482666,-0.121785418793442,-0.0358549876026516));
#5908=CARTESIAN_POINT('',(-0.0892761200482666,-0.121785418793442,-0.0358549876026516));
#5909=CARTESIAN_POINT('',(-0.0892761200482666,-0.121785418793442,-0.0358549876026517));
#5910=CARTESIAN_POINT('',(-0.0895295807650166,-0.121703148377995,-0.0357406514337268));
#5911=CARTESIAN_POINT('',(-0.089780572950907,-0.121617657302908,-0.0356233797558797));
#5912=CARTESIAN_POINT('',(-0.0900290946470172,-0.121528982942114,-0.0355031411376925));
#5913=CARTESIAN_POINT('',(-0.0900290946470172,-0.121528982942114,-0.0355031411376925));
#5914=CARTESIAN_POINT('',(-0.0900290946470172,-0.121528982942114,-0.0355031411376925));
#5915=CARTESIAN_POINT('',(-0.0909765619793853,-0.121190919660774,-0.0350447418727406));
#5916=CARTESIAN_POINT('',(-0.0926754379855864,-0.119837647880832,-0.03436815519649));
#5917=CARTESIAN_POINT('',(-0.0936518407704526,-0.117764691105839,-0.0345773885627883));
#5918=CARTESIAN_POINT('',(-0.0938245908741611,-0.116740450782809,-0.0349583069432573));
#5919=CARTESIAN_POINT('',(-0.0938245908741611,-0.116740450782809,-0.0349583069432573));
#5920=CARTESIAN_POINT('',(-0.0938245908741611,-0.116740450782809,-0.0349583069432573));
#5921=CARTESIAN_POINT('',(-0.0939056220247437,-0.11626001476531,-0.0351369826950215));
#5922=CARTESIAN_POINT('',(-0.094060491993943,-0.115299154491514,-0.0354951883842333));
#5923=CARTESIAN_POINT('',(-0.0942542940327093,-0.113852938190065,-0.0360424698610958));
#5924=CARTESIAN_POINT('',(-0.0943573061136927,-0.112407676681456,-0.036588920516984));
#5925=CARTESIAN_POINT('',(-0.0942578569525172,-0.111416782897575,-0.0369893700191353));
#5926=CARTESIAN_POINT('',(-0.0939863232468681,-0.110984447916332,-0.0371129862772025));
#5927=CARTESIAN_POINT('',(-0.0985387906929395,-0.139364756475342,1.86248733449746E-11));
#5928=CARTESIAN_POINT('',(-0.0973387906967177,-0.109364756475342,0.02072));
#5929=CARTESIAN_POINT('',(-0.0975895170419491,-0.115632915125861,0.02072));
#5930=CARTESIAN_POINT('',(-0.0974053003087093,-0.111027496780367,0.02072));
#5931=CARTESIAN_POINT('',(-0.0974053003087093,-0.111027496780367,0.0351114555335322));
#5932=CARTESIAN_POINT('',(-0.0974053003087064,-0.111027496780294,0.0335991184296925));
#5933=CARTESIAN_POINT('',(-0.0974053003087065,-0.111027496780294,0.0335991184296923));
#5934=CARTESIAN_POINT('',(-0.097498124971728,-0.113348113363137,0.0314605533750511));
#5935=CARTESIAN_POINT('',(-0.0976871165792847,-0.118072903566939,0.027275665208504));
#5936=CARTESIAN_POINT('',(-0.0980652292018836,-0.127525719161664,0.018910887145519));
#5937=CARTESIAN_POINT('',(-0.0983493887520502,-0.134629707938202,0.0126532959942285));
#5938=CARTESIAN_POINT('',(-0.098538790693256,-0.139364756483254,0.00848057125086729));
#5939=CARTESIAN_POINT('',(-0.0985387906932552,-0.139364756483236,-0.00848995713129095));
#5940=CARTESIAN_POINT('',(-0.0983491036570628,-0.134622580563494,-0.012558257274568));
#5941=CARTESIAN_POINT('',(-0.0980645079340751,-0.1275076874664,-0.0186588268817304));
#5942=CARTESIAN_POINT('',(-0.0976858413510261,-0.11804102286037,-0.0268160068180219));
#5943=CARTESIAN_POINT('',(-0.0974965169738876,-0.113307913417005,-0.0308948946345281));
#5944=CARTESIAN_POINT('',(-0.0974036031794931,-0.11098506854983,-0.032984519149995));
#5945=CARTESIAN_POINT('',(-0.0974035934574548,-0.110984825498869,-0.0329847377987894));
#5946=CARTESIAN_POINT('',(-0.0974035837354164,-0.110984582447908,-0.0126313783666346));
#5947=CARTESIAN_POINT('',(-0.0974035837354164,-0.110984582447908,-0.0126687866449688));
#5948=CARTESIAN_POINT('',(-0.0977880218565243,-0.120595535505866,-0.0128907420976772));
#5949=CARTESIAN_POINT('',(-0.097699429147063,-0.11838071776236,-0.0128395930730215));
#5950=CARTESIAN_POINT('',(-0.0975895170419491,-0.115632915125861,-7.4429367375039E-5));
#5951=CARTESIAN_POINT('',(-0.0980892547837971,-0.128126358711399,-0.00315656085286184));
#5952=CARTESIAN_POINT('',(-0.0980892547837971,-0.128126358711399,0.00972));
#5953=CARTESIAN_POINT('',(-0.0980892547837971,-0.128126358711399,0.00972));
#5954=CARTESIAN_POINT('',(-0.0975895170419491,-0.115632915125861,0.00972));
#5955=CARTESIAN_POINT('',(-0.0165375251501585,-0.110538666491263,-0.0336111209215177));
#5956=CARTESIAN_POINT('',(-0.0165072052123752,-0.139364756475342,-0.00902566038955027));
#5957=CARTESIAN_POINT('',(-0.0165033442319111,-0.110538666491263,-0.0340625290604911));
#5958=CARTESIAN_POINT('',(-0.0156733146660755,-0.139364756475342,-0.0126256375153572));
#5959=CARTESIAN_POINT('',(-0.0163886292017706,-0.110538666491263,-0.0345088437557344));
#5960=CARTESIAN_POINT('',(-0.0143377475314345,-0.139364756475342,-0.0161087189152618));
#5961=CARTESIAN_POINT('',(-0.0160087437014611,-0.110538666491263,-0.0353409440621095));
#5962=CARTESIAN_POINT('',(-0.0107412445146247,-0.139364756475342,-0.022618593366947));
#5963=CARTESIAN_POINT('',(-0.0157417883490343,-0.110538666491263,-0.0357255688474297));
#5964=CARTESIAN_POINT('',(-0.0084691633641475,-0.139364756475342,-0.0256381698273566));
#5965=CARTESIAN_POINT('',(-0.0150900119090532,-0.110538666491263,-0.0363773452873542));
#5966=CARTESIAN_POINT('',(-0.00317696051377356,-0.139364756475342,-0.0309303726762846));
#5967=CARTESIAN_POINT('',(-0.0147053871237088,-0.110538666491263,-0.0366443006397487));
#5968=CARTESIAN_POINT('',(-0.000157384052743139,-0.139364756475342,-0.0332024538259366));
#5969=CARTESIAN_POINT('',(-0.0138746561330658,-0.110538666491263,-0.0370235609951564));
#5970=CARTESIAN_POINT('',(0.00634177766050634,-0.139364756475342,-0.0367930383858734));
#5971=CARTESIAN_POINT('',(-0.0134299282970831,-0.110538666491263,-0.0371381404477451));
#5972=CARTESIAN_POINT('',(0.00981250144746201,-0.139364756475342,-0.038125671785819));
#5973=CARTESIAN_POINT('',(-0.0129800492292625,-0.110538666491263,-0.0371727397995209));
#5974=CARTESIAN_POINT('',(0.0133997816224348,-0.139364756475342,-0.0389601120614875));
#5975=CARTESIAN_POINT('',(0.0131424969428258,-0.139364756475342,-0.0388993629910651));
#5976=CARTESIAN_POINT('',(0.0109515045891759,-0.136983925543163,-0.0387491619074571));
#5977=CARTESIAN_POINT('',(0.00766505446843406,-0.133412632974757,-0.0385240271917187));
#5978=CARTESIAN_POINT('',(0.00328317388941652,-0.128650820004394,-0.0382245176010875));
#5979=CARTESIAN_POINT('',(-3.17738689730017E-6,-0.125079368192459,-0.0380004322268593));
#5980=CARTESIAN_POINT('',(-0.0032897839844064,-0.121508118496287,-0.0377770649203059));
#5981=CARTESIAN_POINT('',(-0.00602848082149834,-0.118531816499875,-0.0375923962333647));
#5982=CARTESIAN_POINT('',(-0.00822190949113726,-0.116153104868984,-0.0374451705432449));
#5983=CARTESIAN_POINT('',(-0.00986632548247658,-0.114368074793062,-0.0373373974230758));
#5984=CARTESIAN_POINT('',(-0.0115285887520623,-0.112600844931572,-0.0372224383992037));
#5985=CARTESIAN_POINT('',(-0.0126343038471532,-0.111417984485563,-0.0371596885799535));
#5986=CARTESIAN_POINT('',(-0.0132785121685439,-0.110926773941205,-0.0370852081149767));
#5987=CARTESIAN_POINT('',(-0.0132785120986698,-0.110926773994493,-0.0370852081230533));
#5988=CARTESIAN_POINT('',(-0.0132778871499835,-0.110927250586387,-0.0370852803602086));
#5989=CARTESIAN_POINT('',(-0.013973029760354,-0.110805622503205,-0.036932476709155));
#5990=CARTESIAN_POINT('',(-0.014611087788169,-0.110733402801486,-0.0366547285480991));
#5991=CARTESIAN_POINT('',(-0.0151494155954939,-0.110710591481228,-0.0362001118676857));
#5992=CARTESIAN_POINT('',(-0.0151494743468042,-0.110710554844579,-0.0362));
#5993=CARTESIAN_POINT('',(-0.015149531814175,-0.110710611299055,-0.0362));
#5994=CARTESIAN_POINT('',(-0.0144655975029312,-0.111781467785995,-0.0362));
#5995=CARTESIAN_POINT('',(-0.0130216081360915,-0.113873835776335,-0.0362));
#5996=CARTESIAN_POINT('',(-0.010081089552267,-0.11801817877843,-0.0362));
#5997=CARTESIAN_POINT('',(-0.00784604250746215,-0.121106371593202,-0.0362));
#5998=CARTESIAN_POINT('',(-0.00635447465503548,-0.123163778024557,-0.0362));
#5999=CARTESIAN_POINT('',(-0.00635447465503548,-0.123163778024557,-0.0362));
#6000=CARTESIAN_POINT('',(-0.00635447465503552,-0.123163778024557,-0.0362));
#6001=CARTESIAN_POINT('',(-0.00617155857849138,-0.12341608482486,-0.0362));
#6002=CARTESIAN_POINT('',(-0.00587226711785022,-0.123975138112061,-0.0361464318055121));
#6003=CARTESIAN_POINT('',(-0.00587413825446703,-0.124874702823383,-0.0358008060631629));
#6004=CARTESIAN_POINT('',(-0.00626524716827525,-0.125568732369945,-0.0352839037120099));
#6005=CARTESIAN_POINT('',(-0.00662809524973914,-0.125893017032421,-0.0349043065356694));
#6006=CARTESIAN_POINT('',(-0.00682480649867281,-0.126030810179568,-0.0347075175272286));
#6007=CARTESIAN_POINT('',(-0.00682480649867277,-0.126030810179568,-0.0347075175272287));
#6008=CARTESIAN_POINT('',(-0.00682480649867284,-0.126030810179568,-0.0347075175272286));
#6009=CARTESIAN_POINT('',(-0.00773131729923274,-0.126665806789112,-0.0338006483850213));
#6010=CARTESIAN_POINT('',(-0.00849088983376182,-0.127376639336115,-0.0327854742998911));
#6011=CARTESIAN_POINT('',(-0.00914218706862554,-0.128115690397288,-0.0317299999999961));
#6012=CARTESIAN_POINT('',(-0.00914218706862578,-0.128115690397281,-0.03173));
#6013=CARTESIAN_POINT('',(-0.00914218706862577,-0.128115690397281,-0.03173));
#6014=CARTESIAN_POINT('',(-0.00865932768381937,-0.128901460156291,-0.03173));
#6015=CARTESIAN_POINT('',(-0.00817154953053873,-0.129684260139204,-0.03173));
#6016=CARTESIAN_POINT('',(-0.00767995590270233,-0.130464756475342,-0.03173));
#6017=CARTESIAN_POINT('',(-0.00767995590270233,-0.130464756475342,-0.03173));
#6018=CARTESIAN_POINT('',(-0.00964865586776484,-0.130464756475342,-0.02978));
#6019=CARTESIAN_POINT('',(-0.00902389520397537,-0.130464756475342,-0.0304617744720535));
#6020=CARTESIAN_POINT('',(-0.0083676453984451,-0.130464756475342,-0.0311117578301352));
#6021=CARTESIAN_POINT('',(-0.00767995590270235,-0.130464756475342,-0.03173));
#6022=CARTESIAN_POINT('',(-0.00964865586776481,-0.130464756475342,-0.02978));
#6023=CARTESIAN_POINT('',(-0.00964865586776481,-0.130464756475342,-0.02978));
#6024=CARTESIAN_POINT('',(-0.0111156222422567,-0.129483149564958,-0.0287983930896165));
#6025=CARTESIAN_POINT('',(-0.0131471528068857,-0.127918446606688,-0.0272336901313467));
#6026=CARTESIAN_POINT('',(-0.0153254125672808,-0.125553436237547,-0.0248686797622057));
#6027=CARTESIAN_POINT('',(-0.0161603248826562,-0.124224022568176,-0.0235392660928341));
#6028=CARTESIAN_POINT('',(-0.016453932044079,-0.123532267343557,-0.0228475108682155));
#6029=CARTESIAN_POINT('',(-0.016453932044079,-0.123532267343557,-0.0228475108682155));
#6030=CARTESIAN_POINT('',(-0.0164539320440789,-0.123532267343559,-0.0228475108682144));
#6031=CARTESIAN_POINT('',(-0.0164494913243274,-0.128810214103416,-0.0183265347208355));
#6032=CARTESIAN_POINT('',(-0.0164479999322575,-0.134087575420719,-0.0138048730974392));
#6033=CARTESIAN_POINT('',(-0.0164466935645065,-0.139364756475342,-0.00928300131450482));
#6034=CARTESIAN_POINT('',(-0.0205703761801268,-0.139364756475342,-0.00902566039270241));
#6035=CARTESIAN_POINT('',(-0.0205398526080168,-0.110345064927838,-0.0337762416034867));
#6036=CARTESIAN_POINT('',(-0.0214042667257528,-0.139364756475342,-0.0126256375146768));
#6037=CARTESIAN_POINT('',(-0.0205686625227672,-0.110345064927838,-0.034206503347136));
#6038=CARTESIAN_POINT('',(-0.0227398338585778,-0.139364756475342,-0.0161087189109901));
#6039=CARTESIAN_POINT('',(-0.0206751780753432,-0.110345064927838,-0.0346324225326591));
#6040=CARTESIAN_POINT('',(-0.0263363368723457,-0.139364756475342,-0.0226185933613081));
#6041=CARTESIAN_POINT('',(-0.0210334601536109,-0.110345064927838,-0.0354263898156289));
#6042=CARTESIAN_POINT('',(-0.0286084180228467,-0.139364756475342,-0.0256381698232559));
#6043=CARTESIAN_POINT('',(-0.0212869486956046,-0.110345064927838,-0.0357933177588634));
#6044=CARTESIAN_POINT('',(-0.0339006208738275,-0.139364756475342,-0.0309303726750166));
#6045=CARTESIAN_POINT('',(-0.021907559139506,-0.110345064927838,-0.0364139282027903));
#6046=CARTESIAN_POINT('',(-0.0369201973354404,-0.139364756475342,-0.0332024538259625));
#6047=CARTESIAN_POINT('',(-0.0222744870827295,-0.110345064927838,-0.0366674167447985));
#6048=CARTESIAN_POINT('',(-0.0434193590467732,-0.139364756475342,-0.0367930383861253));
#6049=CARTESIAN_POINT('',(-0.023067147802259,-0.110345064927838,-0.0370251092292079));
#6050=CARTESIAN_POINT('',(-0.0468900828306879,-0.139364756475342,-0.0381256717859784));
#6051=CARTESIAN_POINT('',(-0.0234915524670927,-0.110345064927838,-0.0371315079972513));
#6052=CARTESIAN_POINT('',(-0.0504773630026185,-0.139364756475342,-0.0389601120624289));
#6053=CARTESIAN_POINT('',(-0.023920360145336,-0.110345064927838,-0.0371607354637325));
#6054=CARTESIAN_POINT('',(-0.0307231067348541,-0.123163778024552,-0.0362));
#6055=CARTESIAN_POINT('',(-0.0292091041771206,-0.12107542609649,-0.0362));
#6056=CARTESIAN_POINT('',(-0.0269402305619653,-0.117941041108346,-0.0362));
#6057=CARTESIAN_POINT('',(-0.0239572350438428,-0.113732839264444,-0.0362));
#6058=CARTESIAN_POINT('',(-0.0224941084393111,-0.111609423025586,-0.0362));
#6059=CARTESIAN_POINT('',(-0.021805891245623,-0.110518161404593,-0.0362));
#6060=CARTESIAN_POINT('',(-0.030723106734854,-0.123163778024552,-0.0362));
#6061=CARTESIAN_POINT('',(-0.0218059178003316,-0.110518133889692,-0.0361999645390194));
#6062=CARTESIAN_POINT('',(-0.0218059874938344,-0.110518144599096,-0.036200095802105));
#6063=CARTESIAN_POINT('',(-0.0222876036506019,-0.110534704144553,-0.0366225474864732));
#6064=CARTESIAN_POINT('',(-0.0228550049808621,-0.110592549242167,-0.0368879474614559));
#6065=CARTESIAN_POINT('',(-0.0234666016538123,-0.110691679891937,-0.037041514032103));
#6066=CARTESIAN_POINT('',(-0.0234665946429818,-0.110691675299905,-0.0370415129893114));
#6067=CARTESIAN_POINT('',(-0.0234665946429819,-0.110691675299904,-0.0370415129893115));
#6068=CARTESIAN_POINT('',(-0.0241459330159763,-0.111136635329727,-0.0371425581093743));
#6069=CARTESIAN_POINT('',(-0.0252928711087975,-0.112323172472983,-0.0372033532646855));
#6070=CARTESIAN_POINT('',(-0.0269672828365756,-0.114106202247699,-0.0373218424386552));
#6071=CARTESIAN_POINT('',(-0.0286315114216574,-0.115909654548716,-0.0374300818990098));
#6072=CARTESIAN_POINT('',(-0.0308475319123392,-0.11831309060335,-0.0375789179850864));
#6073=CARTESIAN_POINT('',(-0.0336153388132734,-0.121320644854716,-0.037765345435466));
#6074=CARTESIAN_POINT('',(-0.0369363618685733,-0.124929373260632,-0.0379910390128534));
#6075=CARTESIAN_POINT('',(-0.0402572448667538,-0.128538327864092,-0.0382174459970552));
#6076=CARTESIAN_POINT('',(-0.044685122810765,-0.133350138053397,-0.0385200887606766));
#6077=CARTESIAN_POINT('',(-0.0480060817622709,-0.136958928136432,-0.0387475848796855));
#6078=CARTESIAN_POINT('',(-0.0502200783219771,-0.139364756475342,-0.0388993629916522));
#6079=CARTESIAN_POINT('',(-0.0206308878282562,-0.139364756475342,-0.00928300131868538));
#6080=CARTESIAN_POINT('',(-0.0206295814605086,-0.134087575408216,-0.013804873111877));
#6081=CARTESIAN_POINT('',(-0.0206280900685143,-0.128810214182344,-0.0183265346564948));
#6082=CARTESIAN_POINT('',(-0.0206236493487225,-0.123532267345096,-0.022847510869754));
#6083=CARTESIAN_POINT('',(-0.0206236493487223,-0.123532267345095,-0.0228475108697537));
#6084=CARTESIAN_POINT('',(-0.0206236493487223,-0.123532267345095,-0.0228475108697537));
#6085=CARTESIAN_POINT('',(-0.0212059497806959,-0.124904200386268,-0.0242194439109266));
#6086=CARTESIAN_POINT('',(-0.0232484695930009,-0.127387787050997,-0.0267030305756548));
#6087=CARTESIAN_POINT('',(-0.0259638166570414,-0.129484392499172,-0.0287996360238307));
#6088=CARTESIAN_POINT('',(-0.0274289255232072,-0.130464756475342,-0.02978));
#6089=CARTESIAN_POINT('',(-0.0274289255232072,-0.130464756475342,-0.02978));
#6090=CARTESIAN_POINT('',(-0.0293976254878316,-0.130464756475342,-0.03173));
#6091=CARTESIAN_POINT('',(-0.0287099359922423,-0.130464756475342,-0.0311117578301206));
#6092=CARTESIAN_POINT('',(-0.0280536861868577,-0.130464756475342,-0.0304617744720393));
#6093=CARTESIAN_POINT('',(-0.0274289255232072,-0.130464756475342,-0.02978));
#6094=CARTESIAN_POINT('',(-0.0293976254878316,-0.130464756475342,-0.03173));
#6095=CARTESIAN_POINT('',(-0.0293976254878316,-0.130464756475342,-0.03173));
#6096=CARTESIAN_POINT('',(-0.0289060308909194,-0.129684258600411,-0.03173));
#6097=CARTESIAN_POINT('',(-0.0284182526712974,-0.128901458470915,-0.03173));
#6098=CARTESIAN_POINT('',(-0.0279353943222884,-0.128115690397287,-0.03173));
#6099=CARTESIAN_POINT('',(-0.0279353943222884,-0.128115690397287,-0.03173));
#6100=CARTESIAN_POINT('',(-0.0279353943222906,-0.128115690397285,-0.03173));
#6101=CARTESIAN_POINT('',(-0.0285894207119903,-0.127373542463027,-0.0327898970930194));
#6102=CARTESIAN_POINT('',(-0.029340300620065,-0.126669984107302,-0.0337946825563742));
#6103=CARTESIAN_POINT('',(-0.0302527748915924,-0.126030810179568,-0.0347075175272286));
#6104=CARTESIAN_POINT('',(-0.0302527748915924,-0.126030810179568,-0.0347075175272286));
#6105=CARTESIAN_POINT('',(-0.0302527748915925,-0.126030810179568,-0.0347075175272287));
#6106=CARTESIAN_POINT('',(-0.0304495051048994,-0.125893003748125,-0.0349043255076111));
#6107=CARTESIAN_POINT('',(-0.0308125173563098,-0.125568515383189,-0.0352841184444419));
#6108=CARTESIAN_POINT('',(-0.0312037406030824,-0.124874260200403,-0.0358011507702001));
#6109=CARTESIAN_POINT('',(-0.0312048361614729,-0.123973618435412,-0.0361467518226571));
#6110=CARTESIAN_POINT('',(-0.0309058736707927,-0.123415879106616,-0.0362000000000002));
#6111=CARTESIAN_POINT('',(-0.0307231067348553,-0.123163778024554,-0.0362));
#6112=CARTESIAN_POINT('',(0.0608612093040097,-0.124364756475342,0.0220940972));
#6113=CARTESIAN_POINT('',(0.0602575424042524,-0.109273083975834,-0.0151967532124501));
#6114=CARTESIAN_POINT('',(0.060752419531783,-0.121645012168669,-0.0154141950341276));
#6115=CARTESIAN_POINT('',(0.060326002343084,-0.110984582447257,-0.0152268335151824));
#6116=CARTESIAN_POINT('',(0.060326002343084,-0.110984582447257,-0.02978));
#6117=CARTESIAN_POINT('',(0.060326002343084,-0.110984582447257,-0.02978));
#6118=CARTESIAN_POINT('',(0.0608612093040097,-0.124364756475342,-0.02978));
#6119=CARTESIAN_POINT('',(0.0604714518435648,-0.114620819960619,-0.02978));
#6120=CARTESIAN_POINT('',(0.0604714518435648,-0.114620819960619,-0.02978));
#6121=CARTESIAN_POINT('',(0.0606355848911332,-0.118724146151346,-0.0262077154969449));
#6122=CARTESIAN_POINT('',(0.0609658596971443,-0.126981016304677,-0.0191212545462314));
#6123=CARTESIAN_POINT('',(0.0612960443032057,-0.135235631459257,-0.0120323224925345));
#6124=CARTESIAN_POINT('',(0.0614612093038066,-0.139364756475805,-0.00848995708633158));
#6125=CARTESIAN_POINT('',(0.0608612093040097,-0.124364756475342,0.0220940972));
#6126=CARTESIAN_POINT('',(0.0603320900579457,-0.111136775321298,0.0337399260906988));
#6127=CARTESIAN_POINT('',(0.0603320900580433,-0.111136775321294,0.01022));
#6128=CARTESIAN_POINT('',(0.0603320900580433,-0.111136775321294,0.01022));
#6129=CARTESIAN_POINT('',(0.0608612093040097,-0.124364756475342,0.01022));
#6130=CARTESIAN_POINT('',(0.0611052093039195,-0.130464756475342,0.01022));
#6131=CARTESIAN_POINT('',(0.0611052093039195,-0.130464756475342,0.0220940972));
#6132=CARTESIAN_POINT('',(0.0611052093039195,-0.130464756475342,0.00827));
#6133=CARTESIAN_POINT('',(0.0608612093040097,-0.124364756475342,0.00827));
#6134=CARTESIAN_POINT('',(0.0611924195316204,-0.132645012168669,0.00827));
#6135=CARTESIAN_POINT('',(0.0611924195316204,-0.132645012168669,0.0220940972));
#6136=CARTESIAN_POINT('',(0.0611924195316204,-0.132645012168669,-0.00359252522319829));
#6137=CARTESIAN_POINT('',(0.060752419531783,-0.121645012168669,-0.00339919561433118));
#6138=CARTESIAN_POINT('',(-0.0165387906976799,-2.00516006899363E-13,0.));
#6139=CARTESIAN_POINT('',(-0.0165387906962867,-0.114914756474314,0.02022));
#6140=CARTESIAN_POINT('',(-0.0165387906962445,-0.118393688663476,0.02022));
#6141=CARTESIAN_POINT('',(-0.016538790696333,-0.111096807282947,0.02022));
#6142=CARTESIAN_POINT('',(-0.016538790696333,-0.111096807282947,0.035119683968834));
#6143=CARTESIAN_POINT('',(-0.016538790696333,-0.111096807283448,0.0335374914388129));
#6144=CARTESIAN_POINT('',(-0.016538790695988,-0.139549959340418,0.00832011249098552));
#6145=CARTESIAN_POINT('',(-0.0165387906960512,-0.134343689389584,0.0129080090933375));
#6146=CARTESIAN_POINT('',(-0.0165387906961143,-0.129137631836339,0.01749615034362));
#6147=CARTESIAN_POINT('',(-0.0165387906962089,-0.121336481952081,0.0243873541321447));
#6148=CARTESIAN_POINT('',(-0.0165387906962404,-0.118736701666475,0.026685118594925));
#6149=CARTESIAN_POINT('',(-0.0165387906962875,-0.114849009766292,0.0301452409035097));
#6150=CARTESIAN_POINT('',(-0.0165387906963032,-0.113554551304129,0.0313002610052267));
#6151=CARTESIAN_POINT('',(-0.0165387906963227,-0.111948434608468,0.0327573108872712));
#6152=CARTESIAN_POINT('',(-0.0165387906963266,-0.111627912719432,0.0330494888375738));
#6153=CARTESIAN_POINT('',(-0.0165387906963343,-0.110988952960714,0.0336361264007528));
#6154=CARTESIAN_POINT('',(-0.0165387906963382,-0.110670833019545,0.0339309255229579));
#6155=CARTESIAN_POINT('',(-0.0165387906963459,-0.110034848848558,0.0345207924158185));
#6156=CARTESIAN_POINT('',(-0.0165387906963497,-0.109717248824988,0.0348164107956194));
#6157=CARTESIAN_POINT('',(-0.0165387906963557,-0.109224515914758,0.0352404028747514));
#6158=CARTESIAN_POINT('',(-0.0165387906963578,-0.109057450641093,0.0353783850865363));
#6159=CARTESIAN_POINT('',(-0.0165387906963609,-0.10879912891788,0.0355761902670483));
#6160=CARTESIAN_POINT('',(-0.0165387906963619,-0.108711638447139,0.0356406759176061));
#6161=CARTESIAN_POINT('',(-0.0165387906963635,-0.108577597358437,0.0357331007680197));
#6162=CARTESIAN_POINT('',(-0.0165387906963641,-0.108532447665674,0.0357631984689825));
#6163=CARTESIAN_POINT('',(-0.0165387906963653,-0.108440598979553,0.0358210481733732));
#6164=CARTESIAN_POINT('',(-0.0165387906963658,-0.108394029363967,0.0358491431897991));
#6165=CARTESIAN_POINT('',(-0.0165387906963663,-0.10834564077189,0.035874021556519));
#6166=CARTESIAN_POINT('',(-0.0165387906959903,-0.139364756475342,-0.00849256150170492));
#6167=CARTESIAN_POINT('',(-0.016538790696056,-0.133948867607378,-0.0131387978602238));
#6168=CARTESIAN_POINT('',(-0.0165387906961216,-0.128533042995477,-0.0177851118229201));
#6169=CARTESIAN_POINT('',(-0.0165387906961872,-0.123123544954812,-0.0224387884794703));
#6170=CARTESIAN_POINT('',(-0.0165387906961872,-0.123123544954811,-0.0224387884794692));
#6171=CARTESIAN_POINT('',(-0.0165387906961589,-0.125464756474828,-0.0247799999994859));
#6172=CARTESIAN_POINT('',(-0.0165387906962017,-0.121929222569409,-0.0212444660940673));
#6173=CARTESIAN_POINT('',(-0.0165387906962445,-0.118393688663476,-0.02478));
#6174=CARTESIAN_POINT('',(-0.0165387906962445,-0.118393688663476,-0.01978));
#6175=CARTESIAN_POINT('',(-0.0165387906962867,-0.114914756474314,-0.01978));
#6176=CARTESIAN_POINT('',(-0.0165387906962867,-0.109364756475342,-0.01978));
#6177=CARTESIAN_POINT('',(-0.016538790696354,-0.109364756475342,0.000349999999999982));
#6178=CARTESIAN_POINT('',(-0.0165387906962595,-0.109364756475342,0.0038));
#6179=CARTESIAN_POINT('',(-0.0165387906976799,-2.00516006899363E-13,0.0038));
#6180=CARTESIAN_POINT('',(-0.0165387906961867,-0.123163778024557,0.0038));
#6181=CARTESIAN_POINT('',(-0.0165387906961867,-0.123163778024557,0.0073));
#6182=CARTESIAN_POINT('',(-0.016538790696152,-0.126030810179568,0.00529248247277131));
#6183=CARTESIAN_POINT('',(-0.0165387906961649,-0.124964756475341,0.00376999999999856));
#6184=CARTESIAN_POINT('',(-0.0165387906961267,-0.128115690397285,0.00827));
#6185=CARTESIAN_POINT('',(-0.0165387906976799,-2.00516006899363E-13,0.00827));
#6186=CARTESIAN_POINT('',(-0.0165387906961315,-0.130464756475342,0.00827));
#6187=CARTESIAN_POINT('',(-0.0165387906960982,-0.130464756475342,0.));
#6188=CARTESIAN_POINT('',(-0.0165387906962262,-0.130464756475342,0.01022));
#6189=CARTESIAN_POINT('',(-0.0165387906961589,-0.125464756474828,0.015220000000514));
#6190=CARTESIAN_POINT('',(-0.0165387906962017,-0.121929222569409,0.0187555339059328));
#6191=CARTESIAN_POINT('',(-0.0165387906962445,-0.118393688663476,0.01522));
#6192=CARTESIAN_POINT('',(-0.020538790695028,2.49028563285399E-13,0.));
#6193=CARTESIAN_POINT('',(-0.0205387906967178,-0.139364756475342,0.00848331878142439));
#6194=CARTESIAN_POINT('',(-0.0205387906966603,-0.134623337958336,0.0126616208831955));
#6195=CARTESIAN_POINT('',(-0.020538790696574,-0.127509646316034,0.0189273846626837));
#6196=CARTESIAN_POINT('',(-0.0205387906964593,-0.118044440433799,0.0273037564360771));
#6197=CARTESIAN_POINT('',(-0.0205387906964019,-0.113312570775771,0.0314932427361478));
#6198=CARTESIAN_POINT('',(-0.0205387906963737,-0.110989912046244,0.0336359460722229));
#6199=CARTESIAN_POINT('',(-0.0205387906963737,-0.110989643530939,0.0336361937844576));
#6200=CARTESIAN_POINT('',(-0.0205387906963737,-0.110989375015602,0.02022));
#6201=CARTESIAN_POINT('',(-0.0205387906963737,-0.110989375015602,0.02022));
#6202=CARTESIAN_POINT('',(-0.0205387906964213,-0.114914756476321,0.02022));
#6203=CARTESIAN_POINT('',(-0.0205387906964635,-0.118393688663476,0.02022));
#6204=CARTESIAN_POINT('',(-0.0205387906964635,-0.118393688663476,0.01522));
#6205=CARTESIAN_POINT('',(-0.0205387906965064,-0.121929222569409,0.0187555339059328));
#6206=CARTESIAN_POINT('',(-0.0205387906965493,-0.125464756475832,0.0152199999995101));
#6207=CARTESIAN_POINT('',(-0.0205387906964819,-0.130464756475342,0.01022));
#6208=CARTESIAN_POINT('',(-0.0205387906966099,-0.130464756475342,0.));
#6209=CARTESIAN_POINT('',(-0.0205387906965765,-0.130464756475342,0.00827));
#6210=CARTESIAN_POINT('',(-0.020538790695028,2.49028563285399E-13,0.00827));
#6211=CARTESIAN_POINT('',(-0.0205387906965814,-0.128115690397285,0.00827));
#6212=CARTESIAN_POINT('',(-0.0205387906965432,-0.124964756475327,0.00376999999997863));
#6213=CARTESIAN_POINT('',(-0.0205387906965561,-0.126030810179568,0.00529248247277131));
#6214=CARTESIAN_POINT('',(-0.0205387906965213,-0.123163778024557,0.0073));
#6215=CARTESIAN_POINT('',(-0.0205387906965213,-0.123163778024557,0.0038));
#6216=CARTESIAN_POINT('',(-0.020538790695028,2.49028563285399E-13,0.0038));
#6217=CARTESIAN_POINT('',(-0.020538790696354,-0.109364756475342,0.0038));
#6218=CARTESIAN_POINT('',(-0.020538790696354,-0.109364756475342,0.000349999999999982));
#6219=CARTESIAN_POINT('',(-0.020538790696354,-0.109364756475342,-0.01978));
#6220=CARTESIAN_POINT('',(-0.0205387906964213,-0.114914756476321,-0.01978));
#6221=CARTESIAN_POINT('',(-0.0205387906964635,-0.118393688663476,-0.01978));
#6222=CARTESIAN_POINT('',(-0.0205387906964635,-0.118393688663476,-0.02478));
#6223=CARTESIAN_POINT('',(-0.0205387906965064,-0.121929222569409,-0.0212444660940673));
#6224=CARTESIAN_POINT('',(-0.0205387906965493,-0.125464756475832,-0.0247800000004899));
#6225=CARTESIAN_POINT('',(-0.0205387906965208,-0.123123544956128,-0.0224387884807859));
#6226=CARTESIAN_POINT('',(-0.0205387906965208,-0.123123544956128,-0.0224387884807859));
#6227=CARTESIAN_POINT('',(-0.0205387906965864,-0.128533042996371,-0.0177851118251451));
#6228=CARTESIAN_POINT('',(-0.0205387906966521,-0.133948867607825,-0.0131387978633306));
#6229=CARTESIAN_POINT('',(-0.0205387906967178,-0.139364756475342,-0.00849256150569276));
#6230=CARTESIAN_POINT('',(0.0625612093040097,-0.124966756475342,-0.03173));
#6231=CARTESIAN_POINT('',(0.0284612093040096,-0.111096807282911,-0.03173));
#6232=CARTESIAN_POINT('',(0.0284612093040096,-0.111096807282911,-0.03173));
#6233=CARTESIAN_POINT('',(0.0284612093040096,-0.124966756475342,-0.03173));
#6234=CARTESIAN_POINT('',(0.0284612093040096,-0.119964756475342,-0.03173));
#6235=CARTESIAN_POINT('',(0.0334612093040097,-0.119964756475342,-0.03173));
#6236=CARTESIAN_POINT('',(0.0334612093040097,-0.124964756475342,-0.03173));
#6237=CARTESIAN_POINT('',(0.0625612093040097,-0.124964756475342,-0.03173));
#6238=CARTESIAN_POINT('',(0.0451230129821729,-0.124964756475342,-0.03173));
#6239=CARTESIAN_POINT('',(0.0451230129821729,-0.124964756475342,-0.03173));
#6240=CARTESIAN_POINT('',(0.0459901544751096,-0.124964756475342,-0.03173));
#6241=CARTESIAN_POINT('',(0.047702155594271,-0.125073452637997,-0.03173));
#6242=CARTESIAN_POINT('',(0.0498174561064731,-0.125727466988873,-0.03173));
#6243=CARTESIAN_POINT('',(0.0512097861587317,-0.126777234690003,-0.03173));
#6244=CARTESIAN_POINT('',(0.0519639720468747,-0.127869250209496,-0.03173));
#6245=CARTESIAN_POINT('',(0.0522599596264278,-0.129164688102897,-0.03173));
#6246=CARTESIAN_POINT('',(0.0521476335556209,-0.130041545716081,-0.03173));
#6247=CARTESIAN_POINT('',(0.0520315788997306,-0.130464756475342,-0.03173));
#6248=CARTESIAN_POINT('',(0.0520315788997309,-0.130464756475342,-0.03173));
#6249=CARTESIAN_POINT('',(0.0625612093040097,-0.130464756475342,-0.03173));
#6250=CARTESIAN_POINT('',(0.0626612093040097,-0.130464756475342,-0.03173));
#6251=CARTESIAN_POINT('',(0.0626612093040097,-0.503641788870395,-0.03173));
#6252=CARTESIAN_POINT('',(0.0334612093040097,-0.119964756475342,-0.03173));
#6253=CARTESIAN_POINT('',(0.0318362093040097,-0.119964756475342,-0.03173));
#6254=CARTESIAN_POINT('',(0.0437112093040097,-0.119964756475342,-0.03173));
#6255=CARTESIAN_POINT('',(0.0420862093040097,-0.119964756475342,-0.03173));
#6256=CARTESIAN_POINT('',(0.0463612093040097,-0.124966756475342,-0.003865));
#6257=CARTESIAN_POINT('',(0.0334612093040097,-0.119964756475342,0.00180307262569829));
#6258=CARTESIAN_POINT('',(0.0318362093040097,-0.119964756475342,0.00251707402234634));
#6259=CARTESIAN_POINT('',(0.0437112093040097,-0.119964756475342,-0.00270062849162017));
#6260=CARTESIAN_POINT('',(0.0420862093040097,-0.119964756475342,-0.00198662709497212));
#6261=CARTESIAN_POINT('',(0.0302544076918098,-0.109364756475342,0.00321209467485765));
#6262=CARTESIAN_POINT('',(0.0302544076918098,-0.119964756475342,0.00321209467485765));
#6263=CARTESIAN_POINT('',(0.0302544076918098,-0.110947174168834,0.00321209467485765));
#6264=CARTESIAN_POINT('',(0.0554729494947232,-0.110947174168834,-0.00786856629050066));
#6265=CARTESIAN_POINT('',(0.0555362462024395,-0.110947174168834,-0.00789637794447768));
#6266=CARTESIAN_POINT('',(0.0559860723668202,-0.122192828282507,-0.00809402502731873));
#6267=CARTESIAN_POINT('',(0.055976949494537,-0.121964756475342,-0.00809001656974846));
#6268=CARTESIAN_POINT('',(0.0334612093040097,-0.121964756475342,0.00180307262569831));
#6269=CARTESIAN_POINT('',(0.0322544076918098,-0.121964756475342,0.00233332372513698));
#6270=CARTESIAN_POINT('',(0.0322544076918098,-0.119964756475342,0.00233332372513698));
#6271=CARTESIAN_POINT('',(0.0443612093040097,-0.124966756475342,0.00827));
#6272=CARTESIAN_POINT('',(0.0264389294344965,-0.114366240295531,0.00827));
#6273=CARTESIAN_POINT('',(0.0284612093040097,-0.110947174168834,0.00827));
#6274=CARTESIAN_POINT('',(0.0284612093040097,-0.124966756475342,0.00827));
#6275=CARTESIAN_POINT('',(0.0284612093040097,-0.119964756475342,0.00827));
#6276=CARTESIAN_POINT('',(0.0334612093040097,-0.119964756475342,0.00827));
#6277=CARTESIAN_POINT('',(0.0334612093040097,-0.124964756475342,0.00827));
#6278=CARTESIAN_POINT('',(0.0443612093040097,-0.124964756475342,0.00827));
#6279=CARTESIAN_POINT('',(0.0531988118618414,-0.124964756475342,0.00827));
#6280=CARTESIAN_POINT('',(0.0531988118618414,-0.132964756475342,0.00827));
#6281=CARTESIAN_POINT('',(0.0273760446495851,-0.130464756475342,0.00827));
#6282=CARTESIAN_POINT('',(0.0626612093040097,-0.130464756475342,0.00827));
#6283=CARTESIAN_POINT('',(0.0626612093040097,-0.503641788870395,0.00827));
#6284=CARTESIAN_POINT('',(0.0334612093040097,-0.119964756475342,0.00827));
#6285=CARTESIAN_POINT('',(0.0318362093040097,-0.119964756475342,0.00827));
#6286=CARTESIAN_POINT('',(0.0437112093040097,-0.119964756475342,0.00827));
#6287=CARTESIAN_POINT('',(0.0420862093040097,-0.119964756475342,0.00827));
#6288=CARTESIAN_POINT('',(0.0284612093040097,-0.124966756475342,0.006135));
#6289=CARTESIAN_POINT('',(0.0284612093040097,-0.110947174168834,0.006135));
#6290=CARTESIAN_POINT('',(0.0284612093040097,-0.110947174168834,0.00595866159899982));
#6291=CARTESIAN_POINT('',(0.0284612093040097,-0.119964756475342,0.00595866159899982));
#6292=CARTESIAN_POINT('',(0.0284612093040097,-0.119964756475342,0.00595866159899981));
#6293=CARTESIAN_POINT('',(0.0284612093040097,-0.119964756475342,-0.0380900000013908));
#6294=CARTESIAN_POINT('',(-0.100649790696718,-0.109364756475342,-0.040411));
#6295=CARTESIAN_POINT('',(-0.101338790696718,-0.109364756475342,-0.040411));
#6296=CARTESIAN_POINT('',(-0.101338790696718,-0.130267407570727,-0.040411));
#6297=CARTESIAN_POINT('',(-0.101338790696718,-0.130267407570727,-0.040411));
#6298=CARTESIAN_POINT('',(-0.101338790696718,-0.129981965265659,-0.0405360144635317));
#6299=CARTESIAN_POINT('',(-0.101293164806637,-0.129365570141585,-0.0406377142104687));
#6300=CARTESIAN_POINT('',(-0.101338790696718,-0.128747224184246,-0.0405358727806925));
#6301=CARTESIAN_POINT('',(-0.101338790696718,-0.128462105379956,-0.040411));
#6302=CARTESIAN_POINT('',(-0.101338790696718,-0.128462105379956,-0.040411));
#6303=CARTESIAN_POINT('',(-0.101338790696718,-0.109364756475342,-0.040411));
#6304=CARTESIAN_POINT('',(-0.100649790696718,-0.109364756475342,-0.0411));
#6305=CARTESIAN_POINT('',(-0.101338790696718,0.,0.));
#6306=CARTESIAN_POINT('',(-0.101338790696718,-0.129364756475342,-0.03835));
#6307=CARTESIAN_POINT('',(-0.101338790696718,-0.0534323782376708,0.0534323782376708));
#6308=CARTESIAN_POINT('',(-0.101338790696718,-0.136364756475342,-0.0295));
#6309=CARTESIAN_POINT('',(-0.101338790696718,-0.109362756475342,-0.0295));
#6310=CARTESIAN_POINT('',(-0.100649790696718,-0.109364756475342,0.041111));
#6311=CARTESIAN_POINT('',(-0.101338790696718,-0.128462105379957,0.041111));
#6312=CARTESIAN_POINT('',(-0.101338790696718,-0.128747547685024,0.0412360144635316));
#6313=CARTESIAN_POINT('',(-0.101293164806637,-0.129363942809098,0.0413377142104685));
#6314=CARTESIAN_POINT('',(-0.101338790696718,-0.129982288766437,0.0412358727806925));
#6315=CARTESIAN_POINT('',(-0.101338790696718,-0.130267407570727,0.041111));
#6316=CARTESIAN_POINT('',(-0.100649790696718,-0.109364756475342,0.0418));
#6317=CARTESIAN_POINT('',(0.,0.,0.0418));
#6318=CARTESIAN_POINT('',(-0.0185387906963541,-0.134364756475342,0.0418));
#6319=CARTESIAN_POINT('',(-0.020788790696354,-0.134364756475342,0.0418));
#6320=CARTESIAN_POINT('',(-0.0881389906967178,-0.134364756475342,0.0418));
#6321=CARTESIAN_POINT('',(-0.0903889906967178,-0.134364756475342,0.0418));
#6322=CARTESIAN_POINT('',(0.0510614093040097,-0.134364756475342,0.0418));
#6323=CARTESIAN_POINT('',(0.0488114093040097,-0.134364756475342,0.0418));
#6324=CARTESIAN_POINT('',(0.0437112093040097,-0.119964756475342,0.0418));
#6325=CARTESIAN_POINT('',(0.0417112093040097,-0.119964756475342,0.0418));
#6326=CARTESIAN_POINT('',(0.0334612093040097,-0.119964756475342,0.0418));
#6327=CARTESIAN_POINT('',(0.0314612093040097,-0.119964756475342,0.0418));
#6328=CARTESIAN_POINT('',(0.0635722093040097,-0.109364756475342,0.0418));
#6329=CARTESIAN_POINT('',(0.0635722093040097,-0.109364756475342,0.041111));
#6330=CARTESIAN_POINT('',(0.0642612093040097,-0.109364756475342,0.041111));
#6331=CARTESIAN_POINT('',(0.0642612093040097,-0.130267407570727,0.041111));
#6332=CARTESIAN_POINT('',(0.0642612093040097,-0.130267407570727,0.041111));
#6333=CARTESIAN_POINT('',(0.0642612093040097,-0.129981965265659,0.0412360144635316));
#6334=CARTESIAN_POINT('',(0.0642155834139294,-0.129365570141586,0.0413377142104685));
#6335=CARTESIAN_POINT('',(0.0642612093040101,-0.128747224184246,0.0412358727806925));
#6336=CARTESIAN_POINT('',(0.0642612093040101,-0.128462105379956,0.041111));
#6337=CARTESIAN_POINT('',(0.0642612093040097,-0.128462105379957,0.041111));
#6338=CARTESIAN_POINT('',(0.0642612093040097,-0.109364756475342,0.041111));
#6339=CARTESIAN_POINT('',(0.0642612093040097,0.,0.));
#6340=CARTESIAN_POINT('',(0.0642612093040097,-0.109364756475342,-0.040411));
#6341=CARTESIAN_POINT('',(0.0642612093040097,-0.130267407570727,-0.040411));
#6342=CARTESIAN_POINT('',(0.0642612093040097,-0.129364756475342,-0.03835));
#6343=CARTESIAN_POINT('',(0.0642612093040097,-0.128462105379956,-0.040411));
#6344=CARTESIAN_POINT('',(0.0642612093040097,-0.109364756475342,-0.040411));
#6345=CARTESIAN_POINT('',(0.0642612093040097,-0.129364756475342,0.03905));
#6346=CARTESIAN_POINT('',(0.0635722093040097,-0.109364756475342,-0.040411));
#6347=CARTESIAN_POINT('',(0.0642612093040097,-0.128462105379956,-0.040411));
#6348=CARTESIAN_POINT('',(0.0642612093040097,-0.128747547685024,-0.0405360144635316));
#6349=CARTESIAN_POINT('',(0.0642155834139294,-0.129363942809098,-0.0406377142104686));
#6350=CARTESIAN_POINT('',(0.0642612093040101,-0.129982288766437,-0.0405358727806925));
#6351=CARTESIAN_POINT('',(0.0642612093040101,-0.130267407570727,-0.040411));
#6352=CARTESIAN_POINT('',(0.0635722093040097,-0.109364756475342,-0.0411));
#6353=CARTESIAN_POINT('',(-4.78502655106605E-18,0.,-0.0411));
#6354=CARTESIAN_POINT('',(-0.0185387906963541,-0.134364756475342,-0.0411));
#6355=CARTESIAN_POINT('',(-0.020788790696354,-0.134364756475342,-0.0411));
#6356=CARTESIAN_POINT('',(-0.0881389906967178,-0.134364756475342,-0.0411));
#6357=CARTESIAN_POINT('',(-0.0903889906967178,-0.134364756475342,-0.0411));
#6358=CARTESIAN_POINT('',(0.0510614093040097,-0.134364756475342,-0.0411));
#6359=CARTESIAN_POINT('',(0.0488114093040097,-0.134364756475342,-0.0411));
#6360=CARTESIAN_POINT('',(-0.0185387906963541,-0.109364756475342,0.000349999999999982));
#6361=CARTESIAN_POINT('',(-0.101340790696718,-0.109364756475342,-0.01978));
#6362=CARTESIAN_POINT('',(-0.0166239553504148,-0.109364756475342,0.0038));
#6363=CARTESIAN_POINT('',(0.0525737609666829,-0.115304784050738,-0.037469065467316));
#6364=CARTESIAN_POINT('',(0.0315053936088667,-0.139364756475342,-0.0389641190115866));
#6365=CARTESIAN_POINT('',(0.0535440066667252,-0.115304784050738,-0.037302431432293));
#6366=CARTESIAN_POINT('',(0.0350987950307293,-0.139364756475342,-0.0381299408890416));
#6367=CARTESIAN_POINT('',(0.054490677383608,-0.115304784050738,-0.0369861696458223));
#6368=CARTESIAN_POINT('',(0.0385754760608495,-0.139364756475342,-0.0367958918235359));
#6369=CARTESIAN_POINT('',(0.0562600340308844,-0.115304784050738,-0.0360752242729187));
#6370=CARTESIAN_POINT('',(0.045079802662677,-0.139364756475342,-0.0332024538221311));
#6371=CARTESIAN_POINT('',(0.0570803228087485,-0.115304784050738,-0.0354767405973131));
#6372=CARTESIAN_POINT('',(0.0480993791239416,-0.139364756475342,-0.0309303726714474));
#6373=CARTESIAN_POINT('',(0.0584993492576701,-0.115304784050738,-0.0340577141482371));
#6374=CARTESIAN_POINT('',(0.0533915819743117,-0.139364756475342,-0.0256381698202975));
#6375=CARTESIAN_POINT('',(0.0590978329331876,-0.115304784050738,-0.0332374253703068));
#6376=CARTESIAN_POINT('',(0.0556636631245505,-0.139364756475342,-0.0226185933586981));
#6377=CARTESIAN_POINT('',(0.060009308981222,-0.115304784050738,-0.0314670379762592));
#6378=CARTESIAN_POINT('',(0.0592591944984526,-0.139364756475342,-0.0161104776316489));
#6379=CARTESIAN_POINT('',(0.0603257821933743,-0.115304784050738,-0.0305191760101359));
#6380=CARTESIAN_POINT('',(0.060594280676135,-0.139364756475342,-0.0126294253734692));
#6381=CARTESIAN_POINT('',(0.0604922601614052,-0.115304784050738,-0.0295477363578126));
#6382=CARTESIAN_POINT('',(0.0614282630574322,-0.139364756475342,-0.00903153287895399));
#6383=CARTESIAN_POINT('',(0.0556132872274124,-0.130464756475342,-0.028134253593901));
#6384=CARTESIAN_POINT('',(0.0544089090273098,-0.130965142518038,-0.0293507127474191));
#6385=CARTESIAN_POINT('',(0.0518099400840809,-0.131808803573781,-0.0315990147698126));
#6386=CARTESIAN_POINT('',(0.047355640025433,-0.132697175211107,-0.0345328850152923));
#6387=CARTESIAN_POINT('',(0.0425734896882908,-0.13312433731918,-0.036899452718933));
#6388=CARTESIAN_POINT('',(0.0392132108617861,-0.133057150814218,-0.0380569509882206));
#6389=CARTESIAN_POINT('',(0.0374680218501436,-0.13288296947684,-0.0384949388584483));
#6390=CARTESIAN_POINT('',(0.0556132872274124,-0.130464756475342,-0.028134253593901));
#6391=CARTESIAN_POINT('',(0.0374680218501433,-0.13288296947684,-0.0384949388584484));
#6392=CARTESIAN_POINT('',(0.0374680218501451,-0.13288296947684,-0.0384949388584479));
#6393=CARTESIAN_POINT('',(0.0355663103270403,-0.135043607617033,-0.0386309660192872));
#6394=CARTESIAN_POINT('',(0.0336645561981116,-0.137204197095652,-0.0387671703772258));
#6395=CARTESIAN_POINT('',(0.0317627735483421,-0.139364755570103,-0.0389034682417336));
#6396=CARTESIAN_POINT('',(0.0613676963078751,-0.13936475546266,-0.00928893277722627));
#6397=CARTESIAN_POINT('',(0.0610508153138404,-0.131393081533805,-0.0161196578383745));
#6398=CARTESIAN_POINT('',(0.0607300353200565,-0.123415375447684,-0.0229431722573799));
#6399=CARTESIAN_POINT('',(0.0604298489755213,-0.115448282892237,-0.02978));
#6400=CARTESIAN_POINT('',(0.0604298489755213,-0.115448282892237,-0.02978));
#6401=CARTESIAN_POINT('',(0.0604298489755213,-0.115448282892237,-0.02978));
#6402=CARTESIAN_POINT('',(0.0602351432193644,-0.116807154093711,-0.02978));
#6403=CARTESIAN_POINT('',(0.0594545702449197,-0.11940368427058,-0.02978));
#6404=CARTESIAN_POINT('',(0.057369058995547,-0.124440780577007,-0.02978));
#6405=CARTESIAN_POINT('',(0.0555046011828355,-0.128068221323392,-0.02978));
#6406=CARTESIAN_POINT('',(0.0542150744730091,-0.130464756475342,-0.02978));
#6407=CARTESIAN_POINT('',(0.0542150744730091,-0.130464756475342,-0.02978));
#6408=CARTESIAN_POINT('',(0.0542150744730091,-0.130464756475342,-0.02978));
#6409=CARTESIAN_POINT('',(0.0547017440916651,-0.130464756475342,-0.0292489183529754));
#6410=CARTESIAN_POINT('',(0.0551677828534548,-0.130464756475342,-0.0287003088978403));
#6411=CARTESIAN_POINT('',(0.0556132872274124,-0.130464756475342,-0.0281342535939011));
#6412=CARTESIAN_POINT('',(0.0445553065043204,-0.124364756475342,-0.0380500000013635));
#6413=CARTESIAN_POINT('',(0.0246822393614622,-0.109327255569889,-0.0370976249433348));
#6414=CARTESIAN_POINT('',(0.0243718173230281,-0.119838343083939,-0.0377633271530357));
#6415=CARTESIAN_POINT('',(0.0246281128402595,-0.111160013978612,-0.0372136996426371));
#6416=CARTESIAN_POINT('',(-0.0138175052526005,-0.111160013978612,-0.0372136996426371));
#6417=CARTESIAN_POINT('',(-0.0121278049667324,-0.111160013978072,-0.037213699642603));
#6418=CARTESIAN_POINT('',(-0.0121278049667287,-0.111160013978069,-0.0372136996426028));
#6419=CARTESIAN_POINT('',(-0.00991111963156164,-0.11347339020434,-0.0373602134703717));
#6420=CARTESIAN_POINT('',(-0.00555502941494177,-0.11817308180037,-0.0376578606050006));
#6421=CARTESIAN_POINT('',(0.0031453860738126,-0.127582296937382,-0.0382537775641056));
#6422=CARTESIAN_POINT('',(0.00965690247951955,-0.134652123551388,-0.0387015332499807));
#6423=CARTESIAN_POINT('',(0.0139984902917609,-0.13936475647103,-0.0390000000017722));
#6424=CARTESIAN_POINT('',(0.0309407238930009,-0.139364756471039,-0.0390000000017728));
#6425=CARTESIAN_POINT('',(0.0329642873707527,-0.137068503895491,-0.0388545706718837));
#6426=CARTESIAN_POINT('',(0.0349880647840364,-0.134772439144375,-0.038709153237542));
#6427=CARTESIAN_POINT('',(0.0370122852517719,-0.132476763372363,-0.0385637604385436));
#6428=CARTESIAN_POINT('',(0.0370122852517719,-0.132476763372363,-0.0385637604385436));
#6429=CARTESIAN_POINT('',(0.0370122852517719,-0.132476763372363,-0.0385637604385436));
#6430=CARTESIAN_POINT('',(0.0371576062834407,-0.132311954263432,-0.0385533225283038));
#6431=CARTESIAN_POINT('',(0.0374114724521395,-0.131939624521556,-0.0385297416446347));
#6432=CARTESIAN_POINT('',(0.0373898278698581,-0.131243555476805,-0.0384856572717689));
#6433=CARTESIAN_POINT('',(0.0369277924289546,-0.130738054786306,-0.0384536422280143));
#6434=CARTESIAN_POINT('',(0.0363622030839125,-0.130417542677131,-0.0384333431277519));
#6435=CARTESIAN_POINT('',(0.0357637182572814,-0.130180568042116,-0.0384183347341902));
#6436=CARTESIAN_POINT('',(0.0349348165386849,-0.129927127406592,-0.0384022834939288));
#6437=CARTESIAN_POINT('',(0.0343013465800848,-0.129790676100754,-0.0383936415778863));
#6438=CARTESIAN_POINT('',(0.0338757470524332,-0.129712795893225,-0.0383887091647392));
#6439=CARTESIAN_POINT('',(0.0338757470524332,-0.129712795893225,-0.0383887091647392));
#6440=CARTESIAN_POINT('',(0.0338757470524332,-0.129712795893225,-0.0383887091647392));
#6441=CARTESIAN_POINT('',(0.0323135277900236,-0.129426926308182,-0.0383706040910069));
#6442=CARTESIAN_POINT('',(0.0308128434846219,-0.128954157702644,-0.0383406620793013));
#6443=CARTESIAN_POINT('',(0.029390940053581,-0.128242109361361,-0.038295565684321));
#6444=CARTESIAN_POINT('',(0.0293909400535811,-0.128242109361361,-0.038295565684321));
#6445=CARTESIAN_POINT('',(0.0334612093040097,-0.120107012776727,-0.0377803429002578));
#6446=CARTESIAN_POINT('',(-0.0129974780297681,-0.110519153582742,0.0378446265071723));
#6447=CARTESIAN_POINT('',(0.0134032121780854,-0.139364756475342,0.0389609098820729));
#6448=CARTESIAN_POINT('',(-0.0134453792971343,-0.110519153582742,0.0378106085522328));
#6449=CARTESIAN_POINT('',(0.00981471417773551,-0.139364756475342,0.0381265213359047));
#6450=CARTESIAN_POINT('',(-0.0138882102659976,-0.110519153582742,0.03769684072926));
#6451=CARTESIAN_POINT('',(0.00634280525431932,-0.139364756475342,0.0367936060957383));
#6452=CARTESIAN_POINT('',(-0.0147152349335231,-0.110519153582742,0.03731969455632));
#6453=CARTESIAN_POINT('',(-0.000157384051625537,-0.139364756475342,0.0332024538233474));
#6454=CARTESIAN_POINT('',(-0.0150980760717964,-0.110519153582742,0.0370540965103327));
#6455=CARTESIAN_POINT('',(-0.00317696051268729,-0.139364756475342,0.0309303726740323));
#6456=CARTESIAN_POINT('',(-0.0157467113221181,-0.110519153582742,0.0364054612601034));
#6457=CARTESIAN_POINT('',(-0.00846916336330173,-0.139364756475342,0.0256381698258215));
#6458=CARTESIAN_POINT('',(-0.0160123093681582,-0.110519153582742,0.0360226201218698));
#6459=CARTESIAN_POINT('',(-0.0107412445139882,-0.139364756475342,0.0226185933657916));
#6460=CARTESIAN_POINT('',(-0.0163898574074061,-0.110519153582742,0.0351947142224619));
#6461=CARTESIAN_POINT('',(-0.0143362233234479,-0.139364756475342,0.0161114778176903));
#6462=CARTESIAN_POINT('',(-0.0165037117470283,-0.110519153582742,0.0347508620327254));
#6463=CARTESIAN_POINT('',(-0.0156710358667595,-0.139364756475342,0.0126315794549384));
#6464=CARTESIAN_POINT('',(-0.0165374594156979,-0.110519153582742,0.0343019770230192));
#6465=CARTESIAN_POINT('',(-0.0165050701981239,-0.139364756475342,0.00903487245081073));
#6466=CARTESIAN_POINT('',(-0.0164443633497894,-0.139951462068647,0.00877573121348247));
#6467=CARTESIAN_POINT('',(-0.0164456048886142,-0.134742720149074,0.0133606135852951));
#6468=CARTESIAN_POINT('',(-0.0164470608791557,-0.129533702902017,0.0179453933618479));
#6469=CARTESIAN_POINT('',(-0.0164530588025409,-0.121720241482107,0.0248213505694393));
#6470=CARTESIAN_POINT('',(-0.0164556541929269,-0.119115095161778,0.0271126658093351));
#6471=CARTESIAN_POINT('',(-0.0164633199740447,-0.115211480626354,0.0305513048335236));
#6472=CARTESIAN_POINT('',(-0.0164677270378777,-0.113907140022541,0.0316938979097777));
#6473=CARTESIAN_POINT('',(-0.0164701006211599,-0.112298212822336,0.0331416300116633));
#6474=CARTESIAN_POINT('',(-0.0164704559335344,-0.111977581250069,0.0334321692455743));
#6475=CARTESIAN_POINT('',(-0.016467078920845,-0.111348842330903,0.0340262893524794));
#6476=CARTESIAN_POINT('',(-0.0164655801518966,-0.111038475278842,0.0343264256038609));
#6477=CARTESIAN_POINT('',(-0.0164271022659672,-0.110484651979204,0.0350066476560283));
#6478=CARTESIAN_POINT('',(-0.0163852103256067,-0.110255883509451,0.0354007265686676));
#6479=CARTESIAN_POINT('',(-0.0162396626079,-0.109903592261456,0.0360503994715448));
#6480=CARTESIAN_POINT('',(-0.0161818603576677,-0.109780637597489,0.0362698296631736));
#6481=CARTESIAN_POINT('',(-0.0160623815787724,-0.109574994597307,0.0366159214632132));
#6482=CARTESIAN_POINT('',(-0.0160174137376475,-0.109503346259566,0.0367341338560365));
#6483=CARTESIAN_POINT('',(-0.0159237975103681,-0.109384230228315,0.036930303324501));
#6484=CARTESIAN_POINT('',(-0.0158887784700468,-0.109342797407549,0.0369983859134783));
#6485=CARTESIAN_POINT('',(-0.0157918889428857,-0.109248835789434,0.0371557091185182));
#6486=CARTESIAN_POINT('',(-0.0157457260276497,-0.109198630978424,0.0372369353030811));
#6487=CARTESIAN_POINT('',(-0.0156166572956747,-0.10911594481717,0.0373722989914032));
#6488=CARTESIAN_POINT('',(-0.0164544957608613,-0.110902377776058,0.0344999812155283));
#6489=CARTESIAN_POINT('',(-0.0164543909506984,-0.110901309518326,0.0345012014343763));
#6490=CARTESIAN_POINT('',(-0.0163770139597642,-0.110830970673827,0.034918090844592));
#6491=CARTESIAN_POINT('',(-0.0161356823955258,-0.110725757522002,0.0356943254357507));
#6492=CARTESIAN_POINT('',(-0.015451822161563,-0.11067438127263,0.0366879229235835));
#6493=CARTESIAN_POINT('',(-0.0144723428767638,-0.110729298901096,0.037399532024605));
#6494=CARTESIAN_POINT('',(-0.0136994175299673,-0.110836665895702,0.0376623398229258));
#6495=CARTESIAN_POINT('',(-0.0132827551888042,-0.110908047148822,0.037751437150506));
#6496=CARTESIAN_POINT('',(-0.013282050439906,-0.110908603558511,0.0377515644214159));
#6497=CARTESIAN_POINT('',(0.0137099737921242,-0.139977643605474,0.0389245596514875));
#6498=CARTESIAN_POINT('',(0.00891059185463557,-0.134762427706754,0.0387171849301557));
#6499=CARTESIAN_POINT('',(0.00411132676880301,-0.129546901696737,0.0385100270520775));
#6500=CARTESIAN_POINT('',(-0.00308711981872508,-0.121724232293732,0.0382029845199582));
#6501=CARTESIAN_POINT('',(-0.00548581783971321,-0.119115836054496,0.0381012724089038));
#6502=CARTESIAN_POINT('',(-0.00908767323280666,-0.115209479348749,0.0379520233840399));
#6503=CARTESIAN_POINT('',(-0.0102834408704439,-0.113902927553525,0.0379045869930281));
#6504=CARTESIAN_POINT('',(-0.0118064682199793,-0.112300418840375,0.0378395023615051));
#6505=CARTESIAN_POINT('',(-0.0121125550207025,-0.111981586583588,0.0378262542160983));
#6506=CARTESIAN_POINT('',(-0.0127430776062946,-0.111361783267799,0.0377935576879896));
#6507=CARTESIAN_POINT('',(-0.0130659783481429,-0.111060591845715,0.037776280954972));
#6508=CARTESIAN_POINT('',(-0.0137998784454407,-0.110531378675503,0.0376959433323178));
#6509=CARTESIAN_POINT('',(-0.0142193564857825,-0.110310499380674,0.0376269099563497));
#6510=CARTESIAN_POINT('',(-0.014877662868379,-0.109947141793857,0.0374492915521751));
#6511=CARTESIAN_POINT('',(-0.015096977779055,-0.10981926116541,0.0373825294300131));
#6512=CARTESIAN_POINT('',(-0.0154473465854397,-0.10960698062619,0.0372427094490808));
#6513=CARTESIAN_POINT('',(-0.0155668655260474,-0.109533222424112,0.0371905698187998));
#6514=CARTESIAN_POINT('',(-0.0157685206128019,-0.109408309924813,0.0370796249588186));
#6515=CARTESIAN_POINT('',(-0.0158402446068025,-0.109364328448232,0.0370364575383496));
#6516=CARTESIAN_POINT('',(-0.0159596984406922,-0.109287900517772,0.0369530298401982));
#6517=CARTESIAN_POINT('',(-0.0160013710677808,-0.109260874027789,0.0369223307561694));
#6518=CARTESIAN_POINT('',(-0.0160737620351446,-0.109213437586788,0.0368621196452459));
#6519=CARTESIAN_POINT('',(-0.0160993692870083,-0.109196583442885,0.036839921715452));
#6520=CARTESIAN_POINT('',(-0.0161450748302032,-0.109166483855557,0.0367964247154485));
#6521=CARTESIAN_POINT('',(-0.0161614010497593,-0.109155725746659,0.0367803957774622));
#6522=CARTESIAN_POINT('',(-0.0161911544644288,-0.109136188517826,0.0367490630146253));
#6523=CARTESIAN_POINT('',(-0.0162018419528838,-0.109129175714421,0.0367375469817244));
#6524=CARTESIAN_POINT('',(-0.016221647202957,-0.1091162444513,0.036715070991773));
#6525=CARTESIAN_POINT('',(-0.0162287585441674,-0.109111603435809,0.0367068681602633));
#6526=CARTESIAN_POINT('',(-0.0162421939640646,-0.109102885407302,0.0366907652961376));
#6527=CARTESIAN_POINT('',(-0.0162469186131818,-0.109099814137051,0.036685043993779));
#6528=CARTESIAN_POINT('',(-0.0162593458451521,-0.109091800547397,0.0366695454373319));
#6529=CARTESIAN_POINT('',(-0.0162622979756114,-0.109090089960012,0.0366665526135419));
#6530=CARTESIAN_POINT('',(-0.0162857950559478,-0.109074856028788,0.0366347277834703));
#6531=CARTESIAN_POINT('',(-0.000232887896172178,-0.124364756475342,0.0384));
#6532=CARTESIAN_POINT('',(0.0437112093040097,-0.119964756475342,0.0382240000002173));
#6533=CARTESIAN_POINT('',(0.0437112093040097,-0.117964756475342,0.0381440000003161));
#6534=CARTESIAN_POINT('',(0.0334612093040097,-0.119964756475342,0.0382240000002173));
#6535=CARTESIAN_POINT('',(0.0334612093040097,-0.117964756475342,0.0381440000003161));
#6536=CARTESIAN_POINT('',(0.0141691666505556,-0.139551295096139,0.0390074615440818));
#6537=CARTESIAN_POINT('',(0.00936692738138182,-0.134338564815461,0.0387989523331122));
#6538=CARTESIAN_POINT('',(0.00456444247410642,-0.129126057302158,0.0385904520328375));
#6539=CARTESIAN_POINT('',(-0.00264820589094533,-0.121315514056574,0.0382780303033999));
#6540=CARTESIAN_POINT('',(-0.00505313678420678,-0.118712627832508,0.0381739148545657));
#6541=CARTESIAN_POINT('',(-0.00867377122350796,-0.114820675368478,0.0380182367561968));
#6542=CARTESIAN_POINT('',(-0.00988237156532807,-0.113524967500052,0.0379664084415237));
#6543=CARTESIAN_POINT('',(-0.0114057173818271,-0.111917104723861,0.0379020939305555));
#6544=CARTESIAN_POINT('',(-0.0117111259052682,-0.111596223198545,0.0378892586695587));
#6545=CARTESIAN_POINT('',(-0.0123237979529982,-0.110956193891891,0.0378636574973241));
#6546=CARTESIAN_POINT('',(-0.0126315064848661,-0.110637467395777,0.0378509084374953));
#6547=CARTESIAN_POINT('',(-0.0132445543725357,-0.109997774608754,0.0378253207260461));
#6548=CARTESIAN_POINT('',(-0.0135502053892074,-0.109676485489769,0.0378124691613025));
#6549=CARTESIAN_POINT('',(-0.0139869157691052,-0.109176486351261,0.0377924691957868));
#6550=CARTESIAN_POINT('',(-0.0141289742872095,-0.109006973511536,0.0377856886822062));
#6551=CARTESIAN_POINT('',(-0.0143321883954363,-0.108744700795504,0.0377751977735778));
#6552=CARTESIAN_POINT('',(-0.0143982988990741,-0.108655957302047,0.0377716480338441));
#6553=CARTESIAN_POINT('',(-0.0144930257105911,-0.108519243916658,0.0377661794984353));
#6554=CARTESIAN_POINT('',(-0.0145238832213598,-0.108472997303658,0.0377643296339175));
#6555=CARTESIAN_POINT('',(-0.014568142502329,-0.108402360191451,0.0377615041494326));
#6556=CARTESIAN_POINT('',(-0.0145825566582506,-0.108378613321909,0.0377605542746521));
#6557=CARTESIAN_POINT('',(-0.0146034026140915,-0.108342532876519,0.0377591110568384));
#6558=CARTESIAN_POINT('',(-0.0146102221450561,-0.108330429425828,0.0377586269188113));
#6559=CARTESIAN_POINT('',(-0.0146201603890434,-0.108312101505067,0.0377578938019817));
#6560=CARTESIAN_POINT('',(-0.0146234249465399,-0.108305962982854,0.0377576482610935));
#6561=CARTESIAN_POINT('',(-0.0146282132378302,-0.108296692691289,0.0377572774494314));
#6562=CARTESIAN_POINT('',(-0.0146297908356413,-0.108293593198332,0.0377571534697132));
#6563=CARTESIAN_POINT('',(-0.014632116409042,-0.108288923267491,0.0377569666724798));
#6564=CARTESIAN_POINT('',(-0.0146328849052718,-0.108287363302624,0.0377569042738853));
#6565=CARTESIAN_POINT('',(-0.0146340226064107,-0.108285016037166,0.0377568103832671));
#6566=CARTESIAN_POINT('',(-0.0146343995389278,-0.108284232477875,0.0377567790408955));
#6567=CARTESIAN_POINT('',(-0.0146351458293789,-0.108282661791293,0.0377567162134323));
#6568=CARTESIAN_POINT('',(-0.014635515609248,-0.108281874840339,0.0377566847353942));
#6569=CARTESIAN_POINT('',(-0.0146358776512772,-0.108281084292236,0.0377566531134701));
#6570=CARTESIAN_POINT('',(-0.01215247488884,-0.111135311807245,0.0378708222139294));
#6571=CARTESIAN_POINT('',(0.0575726648357152,-0.111136775321259,0.03787088075449));
#6572=CARTESIAN_POINT('',(0.0559596992260059,-0.111136775305586,0.0378708807538631));
#6573=CARTESIAN_POINT('',(0.0559596992260059,-0.111136775305586,0.0378708807538631));
#6574=CARTESIAN_POINT('',(0.0538313208276446,-0.113449896944469,0.0379634056193042));
#6575=CARTESIAN_POINT('',(0.0496629200945774,-0.11815624929906,0.0381516597132553));
#6576=CARTESIAN_POINT('',(0.0413312457426535,-0.127572220412179,0.0385282985573151));
#6577=CARTESIAN_POINT('',(0.035098135219346,-0.134648284046569,0.0388113411023412));
#6578=CARTESIAN_POINT('',(0.0309417805278668,-0.139364756476893,0.0389999999993213));
#6579=CARTESIAN_POINT('',(0.060337249744309,-0.110529150608533,0.0338583835157699));
#6580=CARTESIAN_POINT('',(0.0622203510962523,-0.139364756475342,0.00555719953687694));
#6581=CARTESIAN_POINT('',(0.0603364283676297,-0.110529150608533,0.0338699939052235));
#6582=CARTESIAN_POINT('',(0.0621991887598262,-0.139364756475342,0.00565005654283726));
#6583=CARTESIAN_POINT('',(0.0603356069909504,-0.110529150608533,0.0338816042946772));
#6584=CARTESIAN_POINT('',(0.0621780264234002,-0.139364756475342,0.00574291354879758));
#6585=CARTESIAN_POINT('',(0.0603347856142711,-0.110529150608533,0.0338932146841309));
#6586=CARTESIAN_POINT('',(0.0621568640869741,-0.139364756475342,0.0058357705547579));
#6587=CARTESIAN_POINT('',(0.0603257854326265,-0.110529150608533,0.0340204347728913));
#6588=CARTESIAN_POINT('',(0.0619249791593193,-0.139364756475342,0.0068532451698386));
#6589=CARTESIAN_POINT('',(0.0603167852509819,-0.110529150608533,0.0341476548616516));
#6590=CARTESIAN_POINT('',(0.0616930942316645,-0.139364756475342,0.0078707197849193));
#6591=CARTESIAN_POINT('',(0.0603077850693374,-0.110529150608533,0.034274874950412));
#6592=CARTESIAN_POINT('',(0.0614612093040097,-0.139364756475342,0.0088881944));
#6593=CARTESIAN_POINT('',(0.0602755094704032,-0.110529150608533,0.0347310995826868));
#6594=CARTESIAN_POINT('',(0.0606296455401402,-0.139364756475342,0.0125369654913997));
#6595=CARTESIAN_POINT('',(0.0601606952855267,-0.110529150608533,0.035182500518221));
#6596=CARTESIAN_POINT('',(0.0592829009901682,-0.139364756475342,0.0160675675360674));
#6597=CARTESIAN_POINT('',(0.0597794769474014,-0.110529150608533,0.0360179746854769));
#6598=CARTESIAN_POINT('',(0.0556636631256634,-0.139364756475342,0.0226185933548421));
#6599=CARTESIAN_POINT('',(0.0595131835141893,-0.110529150608533,0.0364017296375746));
#6600=CARTESIAN_POINT('',(0.0533915819759845,-0.139364756475342,0.0256381698156067));
#6601=CARTESIAN_POINT('',(0.0588629389418766,-0.110529150608533,0.0370519742099298));
#6602=CARTESIAN_POINT('',(0.0480993791271458,-0.139364756475342,0.0309303726655417));
#6603=CARTESIAN_POINT('',(0.0584791839897972,-0.110529150608533,0.0373182676431662));
#6604=CARTESIAN_POINT('',(0.0450798026668519,-0.139364756475342,0.0332024538158461));
#6605=CARTESIAN_POINT('',(0.0576487534646653,-0.110529150608533,0.0376971846189165));
#6606=CARTESIAN_POINT('',(0.0385683244864167,-0.139364756475342,0.0367998428428473));
#6607=CARTESIAN_POINT('',(0.0572032041599838,-0.110529150608533,0.0378115166477771));
#6608=CARTESIAN_POINT('',(0.0350833926454893,-0.139364756475342,0.0381358483139957));
#6609=CARTESIAN_POINT('',(0.0567526070848597,-0.110529150608533,0.0378453706209586));
#6610=CARTESIAN_POINT('',(0.0314815145551835,-0.139364756475342,0.0389696545747578));
#6611=CARTESIAN_POINT('',(0.0317596219091167,-0.139364756475342,0.0389042217073137));
#6612=CARTESIAN_POINT('',(0.0338515091274759,-0.136988223601906,0.0388097495978008));
#6613=CARTESIAN_POINT('',(0.0369892818662277,-0.133423365294653,0.0386682098855119));
#6614=CARTESIAN_POINT('',(0.0411728214061111,-0.128670059981594,0.038480176459233));
#6615=CARTESIAN_POINT('',(0.0443103340961964,-0.125104922189453,0.0383397024376974));
#6616=CARTESIAN_POINT('',(0.0474479117992966,-0.121539856852897,0.0382000010550085));
#6617=CARTESIAN_POINT('',(0.0500621761631149,-0.118568433204404,0.0380850129513721));
#6618=CARTESIAN_POINT('',(0.0521553359993024,-0.116193120645251,0.0379938496176038));
#6619=CARTESIAN_POINT('',(0.0537241036861677,-0.11440970926171,0.0379277591822278));
#6620=CARTESIAN_POINT('',(0.0553074659597271,-0.112642660427542,0.0378570726501179));
#6621=CARTESIAN_POINT('',(0.0563565230635093,-0.111450379285622,0.0378209636388127));
#6622=CARTESIAN_POINT('',(0.0569519064111456,-0.110934741754287,0.0377738446425544));
#6623=CARTESIAN_POINT('',(0.0569519064111458,-0.110934741754287,0.0377738446425543));
#6624=CARTESIAN_POINT('',(0.0569516624277925,-0.110934953069874,0.0377738639492792));
#6625=CARTESIAN_POINT('',(0.0574533016735184,-0.11085127906826,0.0376751973274853));
#6626=CARTESIAN_POINT('',(0.0581324704748665,-0.110761424337247,0.0374358461594128));
#6627=CARTESIAN_POINT('',(0.0588848263653521,-0.11071306137958,0.0369265140325565));
#6628=CARTESIAN_POINT('',(0.0593681496943975,-0.110712249221436,0.0364489071031545));
#6629=CARTESIAN_POINT('',(0.0597005987925316,-0.110741994523304,0.035963741988094));
#6630=CARTESIAN_POINT('',(0.0599104985169052,-0.110783883552615,0.0355456183795145));
#6631=CARTESIAN_POINT('',(0.0600431087150276,-0.11082441525305,0.0352154741269248));
#6632=CARTESIAN_POINT('',(0.0601514718055111,-0.110873871880498,0.0348661215428023));
#6633=CARTESIAN_POINT('',(0.0602173809429208,-0.110916451796535,0.0345905064067072));
#6634=CARTESIAN_POINT('',(0.060265366233037,-0.110960695270522,0.0343302205268395));
#6635=CARTESIAN_POINT('',(0.0602889017568674,-0.11098978220363,0.034173907625838));
#6636=CARTESIAN_POINT('',(0.0603074121458397,-0.111020369534307,0.0340275940175595));
#6637=CARTESIAN_POINT('',(0.060319065535918,-0.111039810918668,0.0339164066827819));
#6638=CARTESIAN_POINT('',(0.0603241664846405,-0.111048353297984,0.033864612552733));
#6639=CARTESIAN_POINT('',(0.0603288178548615,-0.111054970246637,0.0338119467483372));
#6640=CARTESIAN_POINT('',(0.0603288307698656,-0.111055293121738,0.03381166249119));
#6641=CARTESIAN_POINT('',(0.0603288941168812,-0.111055201025171,0.0338110120623931));
#6642=CARTESIAN_POINT('',(0.0569516624277925,-0.110934953069875,0.0377738639492793));
#6643=CARTESIAN_POINT('',(0.0574539896487565,-0.110851070596184,0.037674586023334));
#6644=CARTESIAN_POINT('',(0.0579219376790652,-0.110787133299353,0.0375150954770656));
#6645=CARTESIAN_POINT('',(0.0587921661321893,-0.110713820889243,0.0370150152966282));
#6646=CARTESIAN_POINT('',(0.0591622625454963,-0.11070495766958,0.0366924726490492));
#6647=CARTESIAN_POINT('',(0.0596140730488735,-0.110733341128231,0.036094267508153));
#6648=CARTESIAN_POINT('',(0.0597440400547519,-0.110749851960919,0.0358801913718643));
#6649=CARTESIAN_POINT('',(0.0599613791070387,-0.110796016059057,0.0354345509693765));
#6650=CARTESIAN_POINT('',(0.060049962582359,-0.110825846768354,0.0352014912116961));
#6651=CARTESIAN_POINT('',(0.0601928990136511,-0.110897134676781,0.0347138868843797));
#6652=CARTESIAN_POINT('',(0.0602454069849917,-0.110935283576493,0.0344620088117898));
#6653=CARTESIAN_POINT('',(0.0603011161229154,-0.111006373810254,0.0340897784850721));
#6654=CARTESIAN_POINT('',(0.060315097762991,-0.11103396614457,0.033968430935254));
#6655=CARTESIAN_POINT('',(0.0603387155503105,-0.111070792347795,0.0336988102169315));
#6656=CARTESIAN_POINT('',(0.0603539266775614,-0.11106348980942,0.0335330174133371));
#6657=CARTESIAN_POINT('',(0.0603673531738208,-0.111070383045662,0.0333844061840025));
#6658=CARTESIAN_POINT('',(0.0603690390801855,-0.111071248599164,0.0333657457224375));
#6659=CARTESIAN_POINT('',(0.0603690399874496,-0.111071246990189,0.033365746083651));
#6660=CARTESIAN_POINT('',(0.0603570472441983,-0.111092515351544,0.0334906053321148));
#6661=CARTESIAN_POINT('',(0.0603447356022219,-0.111114349259343,0.033615334048216));
#6662=CARTESIAN_POINT('',(0.0603320900578412,-0.111136775321652,0.0337399260906138));
#6663=CARTESIAN_POINT('',(-0.0985387906891611,-0.139364756475342,0.00888819444983726));
#6664=CARTESIAN_POINT('',(-0.0973387906967177,-0.109364756475342,0.0353));
#6665=CARTESIAN_POINT('',(-0.0977072269213287,-0.139364756475342,0.012536965537104));
#6666=CARTESIAN_POINT('',(-0.0973387906967177,-0.109364756475342,0.0356273082368948));
#6667=CARTESIAN_POINT('',(-0.0963604823684167,-0.139364756475342,0.0160675675771824));
#6668=CARTESIAN_POINT('',(-0.0972737223883885,-0.109364756475342,0.0359543697108982));
#6669=CARTESIAN_POINT('',(-0.0927412445001322,-0.139364756475342,0.0226185933866753));
#6670=CARTESIAN_POINT('',(-0.0970232566676034,-0.109364756475342,0.0365590474509272));
#6671=CARTESIAN_POINT('',(-0.0904691633496128,-0.139364756475342,0.0256381698427515));
#6672=CARTESIAN_POINT('',(-0.0968379578027132,-0.109364756475342,0.0368363667999373));
#6673=CARTESIAN_POINT('',(-0.0851769605009628,-0.139364756475342,0.0309303726839706));
#6674=CARTESIAN_POINT('',(-0.096375157496655,-0.109364756475342,0.0372991671059954));
#6675=CARTESIAN_POINT('',(-0.0821573840416963,-0.139364756475342,0.0332024538302502));
#6676=CARTESIAN_POINT('',(-0.096097838147645,-0.109364756475342,0.0374844659708856));
#6677=CARTESIAN_POINT('',(-0.0756063582271215,-0.139364756475342,0.0368216916893362));
#6678=CARTESIAN_POINT('',(-0.0954931604076159,-0.109364756475342,0.0377349316916707));
#6679=CARTESIAN_POINT('',(-0.0720757561851522,-0.139364756475342,0.0381684362372909));
#6680=CARTESIAN_POINT('',(-0.0951660989336126,-0.109364756475342,0.0378));
#6681=CARTESIAN_POINT('',(-0.0684269850967178,-0.139364756475342,0.039));
#6682=CARTESIAN_POINT('',(-0.0948387906967177,-0.109364756475342,0.0378));
#6683=CARTESIAN_POINT('',(-0.0984430124003564,-0.139364756475342,0.00929841263996286));
#6684=CARTESIAN_POINT('',(-0.0983481303151394,-0.13697791028107,0.0113993779141718));
#6685=CARTESIAN_POINT('',(-0.0982059746584314,-0.133397586741798,0.0145507711508035));
#6686=CARTESIAN_POINT('',(-0.0980171372657898,-0.128623638362366,0.0187524540270269));
#6687=CARTESIAN_POINT('',(-0.0978760450331016,-0.125043069161691,0.021903611978147));
#6688=CARTESIAN_POINT('',(-0.097735826735437,-0.121462374088982,0.0250546877961894));
#6689=CARTESIAN_POINT('',(-0.0976201632508057,-0.118478548244984,0.0276806676209548));
#6690=CARTESIAN_POINT('',(-0.0975290975294638,-0.116091971578008,0.0297822157303306));
#6691=CARTESIAN_POINT('',(-0.0974614437676217,-0.114304005550723,0.0313602187718789));
#6692=CARTESIAN_POINT('',(-0.0974064580184848,-0.112815949437618,0.0326787764656367));
#6693=CARTESIAN_POINT('',(-0.0973584940302512,-0.111643717270886,0.0337507447470775));
#6694=CARTESIAN_POINT('',(-0.0973293608928718,-0.111076892996367,0.0343123088272765));
#6695=CARTESIAN_POINT('',(-0.0973019297167558,-0.110827966402222,0.0346176693383278));
#6696=CARTESIAN_POINT('',(-0.0973019298065989,-0.110827967217768,0.0346176683379954));
#6697=CARTESIAN_POINT('',(-0.0973019661193805,-0.110828296843743,0.0346172640243703));
#6698=CARTESIAN_POINT('',(-0.097218332131877,-0.110760343440351,0.0350270836695834));
#6699=CARTESIAN_POINT('',(-0.0969669419294299,-0.110658418647328,0.0357864731851762));
#6700=CARTESIAN_POINT('',(-0.0960482908437816,-0.110590533639175,0.0370717180537954));
#6701=CARTESIAN_POINT('',(-0.0949732387299709,-0.110692456768536,0.0375964683967652));
#6702=CARTESIAN_POINT('',(-0.0941560547220053,-0.110828296843575,0.0377631754226078));
#6703=CARTESIAN_POINT('',(-0.0941560547220292,-0.110828296843555,0.0377631754226058));
#6704=CARTESIAN_POINT('',(-0.0941560547220295,-0.110828296843556,0.0377631754226056));
#6705=CARTESIAN_POINT('',(-0.0938506460436465,-0.111077313868943,0.0377905995050715));
#6706=CARTESIAN_POINT('',(-0.0932892028500047,-0.111644084707841,0.037819717377444));
#6707=CARTESIAN_POINT('',(-0.092217319106374,-0.112816222755953,0.0378676783654665));
#6708=CARTESIAN_POINT('',(-0.0908986852659623,-0.11430437379544,0.0379226666203329));
#6709=CARTESIAN_POINT('',(-0.0893207371855971,-0.116092276815387,0.0379903184960383));
#6710=CARTESIAN_POINT('',(-0.0872192075849658,-0.118478833314144,0.0380813835061364));
#6711=CARTESIAN_POINT('',(-0.0845932681047029,-0.121462613079894,0.038197045382417));
#6712=CARTESIAN_POINT('',(-0.0814422330349076,-0.125043261922477,0.0383372619145447));
#6713=CARTESIAN_POINT('',(-0.0782911178486071,-0.128623782491417,0.0384783522674522));
#6714=CARTESIAN_POINT('',(-0.0740894912375263,-0.133397666934588,0.0386671871484241));
#6715=CARTESIAN_POINT('',(-0.0709381403566151,-0.136977942344021,0.0388093408971529));
#6716=CARTESIAN_POINT('',(-0.0688372033022923,-0.139364756475342,0.03890422170811));
#6717=CARTESIAN_POINT('',(-0.0504807933778275,-0.139364756475342,0.0389609098363211));
#6718=CARTESIAN_POINT('',(-0.0239988580493328,-0.110430384336385,0.0378411912631895));
#6719=CARTESIAN_POINT('',(-0.0468922954453604,-0.139364756475342,0.0381265212867241));
#6720=CARTESIAN_POINT('',(-0.0235606216392797,-0.110430384336385,0.0378096363605585));
#6721=CARTESIAN_POINT('',(-0.0434203865880838,-0.139364756475342,0.0367936060617111));
#6722=CARTESIAN_POINT('',(-0.0231271123409815,-0.110430384336385,0.0376996203335415));
#6723=CARTESIAN_POINT('',(-0.036920197339168,-0.139364756475342,0.0332024538195419));
#6724=CARTESIAN_POINT('',(-0.022317546235798,-0.110430384336385,0.037332364922559));
#6725=CARTESIAN_POINT('',(-0.0339006208778722,-0.139364756475342,0.0309303726691951));
#6726=CARTESIAN_POINT('',(-0.0219428193674214,-0.110430384336385,0.0370729416128917));
#6727=CARTESIAN_POINT('',(-0.0286084180272616,-0.139364756475342,0.0256381698187623));
#6728=CARTESIAN_POINT('',(-0.0213084741979077,-0.110430384336385,0.0364385964433842));
#6729=CARTESIAN_POINT('',(-0.0263363368768134,-0.139364756475342,0.0226185933575427));
#6730=CARTESIAN_POINT('',(-0.0210490508882367,-0.110430384336385,0.0360638695750103));
#6731=CARTESIAN_POINT('',(-0.0227413580676377,-0.139364756475342,0.0161114778058181));
#6732=CARTESIAN_POINT('',(-0.0206814041467587,-0.110430384336385,0.0352534408333953));
#6733=CARTESIAN_POINT('',(-0.021406545524725,-0.139364756475342,0.0126315794404346));
#6734=CARTESIAN_POINT('',(-0.0205713071749515,-0.110430384336385,0.0348189317496128));
#6735=CARTESIAN_POINT('',(-0.0205725111944295,-0.139364756475342,0.00903487243374874));
#6736=CARTESIAN_POINT('',(-0.0205400223026625,-0.110430384336385,0.0343797338239633));
#6737=CARTESIAN_POINT('',(-0.0502235375085442,-0.139364756475342,0.0389001917307371));
#6738=CARTESIAN_POINT('',(-0.0480212199895234,-0.136971614165379,0.0388050523826102));
#6739=CARTESIAN_POINT('',(-0.0447177833597673,-0.133381853576208,0.038662512927559));
#6740=CARTESIAN_POINT('',(-0.0403132786684372,-0.128595423609228,0.038473140712691));
#6741=CARTESIAN_POINT('',(-0.037009951041336,-0.125005492810676,0.0383316728051353));
#6742=CARTESIAN_POINT('',(-0.0337064706309149,-0.121415823338207,0.038190925867368));
#6743=CARTESIAN_POINT('',(-0.0309534886872401,-0.118423982185893,0.038075184142503));
#6744=CARTESIAN_POINT('',(-0.0287492102009297,-0.116033283423659,0.0379830191583213));
#6745=CARTESIAN_POINT('',(-0.0270950348890439,-0.114238213735403,0.0379168203493741));
#6746=CARTESIAN_POINT('',(-0.0254285460725134,-0.112465682944208,0.0378421781759979));
#6747=CARTESIAN_POINT('',(-0.0243019895996528,-0.111270927426504,0.037807775912586));
#6748=CARTESIAN_POINT('',(-0.0236489832280911,-0.110799110890081,0.037736585189697));
#6749=CARTESIAN_POINT('',(-0.0236489842173633,-0.110799111605001,0.0377365852975034));
#6750=CARTESIAN_POINT('',(-0.0236498472888643,-0.110799735323347,0.0377366793511225));
#6751=CARTESIAN_POINT('',(-0.0232570945934453,-0.110734539037339,0.0376480491889661));
#6752=CARTESIAN_POINT('',(-0.0225260328075959,-0.11063661572491,0.0373911778772254));
#6753=CARTESIAN_POINT('',(-0.02159274424308,-0.110587105602004,0.0367041839081764));
#6754=CARTESIAN_POINT('',(-0.0209395036576786,-0.110635069123908,0.0357558904430442));
#6755=CARTESIAN_POINT('',(-0.0207051874703234,-0.110732083724157,0.0350184845929546));
#6756=CARTESIAN_POINT('',(-0.0206289129353929,-0.110796846046601,0.0346236659208867));
#6757=CARTESIAN_POINT('',(-0.0206289129353931,-0.110796846046601,0.0346236659208871));
#6758=CARTESIAN_POINT('',(-0.0206289129353929,-0.110796846046601,0.0346236659208867));
#6759=CARTESIAN_POINT('',(-0.0206130363421317,-0.111050588398102,0.0343186021680824));
#6760=CARTESIAN_POINT('',(-0.0206077703194432,-0.111620318646592,0.0337599317454429));
#6761=CARTESIAN_POINT('',(-0.0206073422610462,-0.112795217502278,0.032688321356933));
#6762=CARTESIAN_POINT('',(-0.0206120745564259,-0.114284772045975,0.0313696291104085));
#6763=CARTESIAN_POINT('',(-0.0206160353739035,-0.116074302667185,0.0297907694792788));
#6764=CARTESIAN_POINT('',(-0.0206204798355776,-0.118462761919164,0.0276879277561092));
#6765=CARTESIAN_POINT('',(-0.0206241831765934,-0.121448862632974,0.0250601158698465));
#6766=CARTESIAN_POINT('',(-0.0206271936699729,-0.12503226021192,0.0219067637694759));
#6767=CARTESIAN_POINT('',(-0.020629320425122,-0.128615528872466,0.0187532814977765));
#6768=CARTESIAN_POINT('',(-0.0206314344957704,-0.133393078139961,0.0145484704511371));
#6769=CARTESIAN_POINT('',(-0.0206324869405908,-0.136976106004612,0.0113947108761166));
#6770=CARTESIAN_POINT('',(-0.0206330758193048,-0.139364756475342,0.00929216467398583));
#6771=CARTESIAN_POINT('',(0.,0.00133488058071033,0.0333720145177578));
#6772=CARTESIAN_POINT('',(-0.0680193619225927,-0.139364756475342,0.039));
#6773=CARTESIAN_POINT('',(-0.0721919940899175,-0.13462981298823,0.0388106022605155));
#6774=CARTESIAN_POINT('',(-0.0784494030764535,-0.12752602953431,0.0385264509223587));
#6775=CARTESIAN_POINT('',(-0.0868141097572755,-0.118073296797288,0.0381483416128778));
#6776=CARTESIAN_POINT('',(-0.0909986690680074,-0.113348866276796,0.0379593643920582));
#6777=CARTESIAN_POINT('',(-0.093137323965015,-0.111028131757415,0.0378665350112829));
#6778=CARTESIAN_POINT('',(-0.0931376165453358,-0.111027814268951,0.0378665223117443));
#6779=CARTESIAN_POINT('',(-0.0232551408756306,-0.111027496780487,0.0378665096122058));
#6780=CARTESIAN_POINT('',(-0.0248217132579033,-0.111027496738524,0.0378665096105273));
#6781=CARTESIAN_POINT('',(-0.0248217132579031,-0.111027496738524,0.0378665096105272));
#6782=CARTESIAN_POINT('',(-0.0270508960304083,-0.113350029192677,0.0379594109086933));
#6783=CARTESIAN_POINT('',(-0.0314279085495993,-0.118072028915567,0.038148290897609));
#6784=CARTESIAN_POINT('',(-0.040170053894103,-0.127525951675005,0.0385264478079864));
#6785=CARTESIAN_POINT('',(-0.0467125892173651,-0.134629611381443,0.038810594196244));
#6786=CARTESIAN_POINT('',(-0.0510748980318829,-0.139364756475342,0.039));
#6787=CARTESIAN_POINT('',(-0.0950387906967178,-0.131364756475342,0.0355));
#6788=CARTESIAN_POINT('',(-0.0950387906967178,-0.138498731071557,0.0355));
#6789=CARTESIAN_POINT('',(-0.0950387906967178,-0.138498731071557,0.03725));
#6790=CARTESIAN_POINT('',(-0.0950387906967178,-0.131364756475342,0.0355));
#6791=CARTESIAN_POINT('',(-0.0950387906967178,-0.131364756475342,0.03725));
#6792=CARTESIAN_POINT('',(-0.0185387906963541,-0.131364756475342,0.));
#6793=CARTESIAN_POINT('',(-0.0950387906967178,-0.131364756475342,-0.0355));
#6794=CARTESIAN_POINT('',(-0.0950387906967178,-0.138498731071557,-0.0355));
#6795=CARTESIAN_POINT('',(-0.0950387906967178,-0.138498731071557,-0.03375));
#6796=CARTESIAN_POINT('',(-0.0950387906967178,-0.131364756475342,-0.0355));
#6797=CARTESIAN_POINT('',(-0.0950387906967178,-0.131364756475342,-0.03375));
#6798=CARTESIAN_POINT('',(-0.0185387906963541,-0.131364756475342,0.));
#6799=CARTESIAN_POINT('',(-0.0240387906967178,-0.131364756475342,-0.0355));
#6800=CARTESIAN_POINT('',(-0.0240387906967178,-0.138498731071557,-0.0355));
#6801=CARTESIAN_POINT('',(-0.0240387906967178,-0.138498731071557,-0.03375));
#6802=CARTESIAN_POINT('',(-0.0240387906967178,-0.131364756475342,-0.0355));
#6803=CARTESIAN_POINT('',(-0.0240387906967178,-0.131364756475342,-0.03375));
#6804=CARTESIAN_POINT('',(-0.0185387906963541,-0.131364756475342,0.));
#6805=CARTESIAN_POINT('',(-0.0130387906959903,-0.131364756475342,-0.0355));
#6806=CARTESIAN_POINT('',(-0.0130387906959903,-0.138498731071557,-0.0355));
#6807=CARTESIAN_POINT('',(-0.0130387906959903,-0.138498731071557,-0.03375));
#6808=CARTESIAN_POINT('',(-0.0130387906959903,-0.131364756475342,-0.0355));
#6809=CARTESIAN_POINT('',(-0.0130387906959903,-0.131364756475342,-0.03375));
#6810=CARTESIAN_POINT('',(-0.0185387906963541,-0.131364756475342,0.));
#6811=CARTESIAN_POINT('',(0.0579612093040097,-0.131364756475342,-0.0355));
#6812=CARTESIAN_POINT('',(0.0579612093040097,-0.138498731071557,-0.0355));
#6813=CARTESIAN_POINT('',(0.0579612093040097,-0.138498731071557,-0.03375));
#6814=CARTESIAN_POINT('',(0.0579612093040097,-0.131364756475342,-0.0355));
#6815=CARTESIAN_POINT('',(0.0579612093040097,-0.131364756475342,-0.03375));
#6816=CARTESIAN_POINT('',(-0.0185387906963541,-0.131364756475342,0.));
#6817=CARTESIAN_POINT('',(0.0579612093040097,-0.131364756475342,0.0355));
#6818=CARTESIAN_POINT('',(0.0579612093040097,-0.138498731071557,0.0355));
#6819=CARTESIAN_POINT('',(0.0579612093040097,-0.138498731071557,0.03725));
#6820=CARTESIAN_POINT('',(0.0579612093040097,-0.131364756475342,0.0355));
#6821=CARTESIAN_POINT('',(0.0579612093040097,-0.131364756475342,0.03725));
#6822=CARTESIAN_POINT('',(-0.0185387906963541,-0.131364756475342,0.));
#6823=CARTESIAN_POINT('',(-0.0130387906959903,-0.131364756475342,0.0355));
#6824=CARTESIAN_POINT('',(-0.0130387906959903,-0.138498731071557,0.0355));
#6825=CARTESIAN_POINT('',(-0.0130387906959903,-0.138498731071557,0.03725));
#6826=CARTESIAN_POINT('',(-0.0130387906959903,-0.131364756475342,0.0355));
#6827=CARTESIAN_POINT('',(-0.0130387906959903,-0.131364756475342,0.03725));
#6828=CARTESIAN_POINT('',(-0.0185387906963541,-0.131364756475342,0.));
#6829=CARTESIAN_POINT('',(-0.0240387906967178,-0.131364756475342,0.0355));
#6830=CARTESIAN_POINT('',(-0.0240387906967178,-0.138498731071557,0.0355));
#6831=CARTESIAN_POINT('',(-0.0240387906967178,-0.138498731071557,0.03725));
#6832=CARTESIAN_POINT('',(-0.0240387906967178,-0.131364756475342,0.0355));
#6833=CARTESIAN_POINT('',(-0.0240387906967178,-0.131364756475342,0.03725));
#6834=CARTESIAN_POINT('',(-0.0185387906963541,-0.131364756475342,0.));
#6835=CARTESIAN_POINT('',(0.0284612093040096,-0.124966756475342,-0.03173));
#6836=CARTESIAN_POINT('',(0.026497480771834,-0.111096807282911,-0.0359412294272527));
#6837=CARTESIAN_POINT('',(0.0264463284299248,-0.111096807282911,-0.0360509259784774));
#6838=CARTESIAN_POINT('',(0.0261818070608013,-0.120053668961344,-0.0366181938851853));
#6839=CARTESIAN_POINT('',(0.0261844328971014,-0.119964756475342,-0.0366125627610678));
#6840=CARTESIAN_POINT('',(0.0284612093040096,-0.119964756475342,-0.03173));
#6841=CARTESIAN_POINT('',(0.0625612093040097,-0.124964756475342,-0.03173));
#6842=CARTESIAN_POINT('',(0.0334612093040097,-0.124964756475342,-0.03173));
#6843=CARTESIAN_POINT('',(0.0334612093040097,-0.126864593489182,-0.0358042136240209));
#6844=CARTESIAN_POINT('',(0.0334612093040099,-0.126864593489182,-0.0358042136240209));
#6845=CARTESIAN_POINT('',(0.0344859757724568,-0.126764324473284,-0.035589186025515));
#6846=CARTESIAN_POINT('',(0.0365524030353615,-0.126582308394183,-0.0351988512842391));
#6847=CARTESIAN_POINT('',(0.0395274866591159,-0.126172726956082,-0.0343205010557178));
#6848=CARTESIAN_POINT('',(0.042387817160912,-0.125637336894707,-0.033172353363927));
#6849=CARTESIAN_POINT('',(0.0442236368246213,-0.125202496107432,-0.0322398342862965));
#6850=CARTESIAN_POINT('',(0.0451230129821729,-0.124964756475342,-0.03173));
#6851=CARTESIAN_POINT('',(0.0334612093040097,-0.124964756475342,0.00827));
#6852=CARTESIAN_POINT('',(0.0620920109162007,-0.124964756475342,-0.00750006771272547));
#6853=CARTESIAN_POINT('',(0.0334612093040097,-0.124964756475342,0.00507989064927914));
#6854=CARTESIAN_POINT('',(0.0531988118618414,-0.124964756475342,-0.0035925252231983));
#6855=CARTESIAN_POINT('',(0.0531988118618414,-0.124964756475342,0.00827));
#6856=CARTESIAN_POINT('',(0.0334612093040097,-0.124964756475342,-0.0380900000013908));
#6857=CARTESIAN_POINT('',(0.0437112093040097,-0.119964756475342,-0.390007032395053));
#6858=CARTESIAN_POINT('',(0.0334612093040097,-0.119964756475342,-0.390007032395053));
#6859=CARTESIAN_POINT('',(0.0437112093040097,-0.119964756475342,-0.390007032395053));
#6860=CARTESIAN_POINT('',(0.0437112093040097,-0.119964756475342,-0.03673));
#6861=CARTESIAN_POINT('',(0.0420862093040097,-0.119964756475342,-0.03673));
#6862=CARTESIAN_POINT('',(0.0625612093040097,-0.124966756475342,-0.03673));
#6863=CARTESIAN_POINT('',(0.0334612093040097,-0.119964756475342,-0.390007032395053));
#6864=CARTESIAN_POINT('',(0.0334612093040097,-0.119964756475342,-0.03673));
#6865=CARTESIAN_POINT('',(0.0318362093040097,-0.119964756475342,-0.03673));
#6866=CARTESIAN_POINT('',(0.0625612093040097,-0.124966756475342,-0.03673));
#6867=CARTESIAN_POINT('',(0.0334612093040097,-0.119964756475342,-0.0380900000013908));
#6868=CARTESIAN_POINT('',(0.0334612093040097,-0.119964756475342,0.00507989064927914));
#6869=CARTESIAN_POINT('',(0.0334612093040097,-0.119964756475342,-0.03173));
#6870=CARTESIAN_POINT('',(0.0261844328971014,-0.119964756475342,-0.0366125627610678));
#6871=CARTESIAN_POINT('',(0.0261330536003517,-0.121357552308725,-0.0367227460185182));
#6872=CARTESIAN_POINT('',(0.0268413179255082,-0.124129764927765,-0.0369410374920552));
#6873=CARTESIAN_POINT('',(0.0289336449403308,-0.126107531192131,-0.037095632617614));
#6874=CARTESIAN_POINT('',(0.0301810627958451,-0.126737179358033,-0.0371448012923532));
#6875=CARTESIAN_POINT('',(0.0301810627958433,-0.126737179358036,-0.0371448012923605));
#6876=CARTESIAN_POINT('',(0.0301810627958433,-0.126737179358036,-0.0371448012923603));
#6877=CARTESIAN_POINT('',(0.031237299787831,-0.127008784396044,-0.0366816459825931));
#6878=CARTESIAN_POINT('',(0.0323538130646362,-0.127058342588295,-0.0362197099079122));
#6879=CARTESIAN_POINT('',(0.0334612093040099,-0.126864593489182,-0.0358042136240209));
#6880=CARTESIAN_POINT('',(0.0334612093040097,-0.119964756475342,0.041802));
#6881=CARTESIAN_POINT('',(0.0437112093040097,-0.119964756475342,0.041802));
#6882=CARTESIAN_POINT('',(-0.0166239553504148,-0.503641788870395,-0.0362));
#6883=CARTESIAN_POINT('',(-0.0151493841694828,-0.110710466256683,-0.0362));
#6884=CARTESIAN_POINT('',(-0.0155512842107158,-0.110323654381793,-0.0362));
#6885=CARTESIAN_POINT('',(-0.0159735538755589,-0.109875145326977,-0.0362));
#6886=CARTESIAN_POINT('',(-0.0164161931640121,-0.109364939092238,-0.0362));
#6887=CARTESIAN_POINT('',(-0.0206737088708043,-0.109364901416851,-0.0362));
#6888=CARTESIAN_POINT('',(-0.0210672584502222,-0.109797571957969,-0.0362));
#6889=CARTESIAN_POINT('',(-0.0214446930030156,-0.110181949424897,-0.0362));
#6890=CARTESIAN_POINT('',(-0.0218060125291847,-0.110518033817635,-0.0362));
#6891=CARTESIAN_POINT('',(-0.0166239553504148,-0.123163778024557,-0.0362));
#6892=CARTESIAN_POINT('',(-0.0166239553504148,-0.503641788870395,0.0038));
#6893=CARTESIAN_POINT('',(-0.0166239553504148,-0.123163778024557,0.0038));
#6894=CARTESIAN_POINT('',(0.0273760446495851,-0.503641788870395,0.00827));
#6895=CARTESIAN_POINT('',(-0.0205387906964486,-0.128115690397285,0.00827));
#6896=CARTESIAN_POINT('',(0.0273760446495851,-0.130464756475342,0.00827));
#6897=CARTESIAN_POINT('',(-0.00953879069599032,-0.130464756475342,0.00827));
#6898=CARTESIAN_POINT('',(-0.0795387906959904,-0.130464756475342,0.01022));
#6899=CARTESIAN_POINT('',(0.0625612093040097,-0.503641788870395,-0.03173));
#6900=CARTESIAN_POINT('',(0.0625612093040097,-0.128115690397285,-0.03173));
#6901=CARTESIAN_POINT('',(0.0625612093040097,-0.130464756475342,-0.03173));
#6902=CARTESIAN_POINT('',(-0.00953879069599032,-0.130464756475342,0.00827));
#6903=CARTESIAN_POINT('',(-0.0795387906959903,-0.130464756475342,-0.02978));
#6904=CARTESIAN_POINT('',(-0.00953879069599032,-0.130464756475342,0.00827));
#6905=CARTESIAN_POINT('',(0.0520315788997309,-0.130464756475342,-0.03173));
#6906=CARTESIAN_POINT('',(0.0533530184454826,-0.130464756475342,-0.030658456720853));
#6907=CARTESIAN_POINT('',(0.0545598464740042,-0.130464756475342,-0.0294727493769057));
#6908=CARTESIAN_POINT('',(0.0556132872274124,-0.130464756475342,-0.028134253593901));
#6909=CARTESIAN_POINT('',(-0.0795387906959903,-0.130464756475342,-0.02978));
#6910=CARTESIAN_POINT('',(0.0626612093040097,-0.130464756475342,-0.02978));
#6911=CARTESIAN_POINT('',(0.0626612093040097,-0.130464756475342,-0.030755));
#6912=CARTESIAN_POINT('',(-0.0795387906959903,-0.503641788870395,-0.02978));
#6913=CARTESIAN_POINT('',(0.0612612093040097,-0.109364756475342,-0.02978));
#6914=CARTESIAN_POINT('',(0.0626612093040097,-0.503641788870395,-0.02978));
#6915=CARTESIAN_POINT('',(0.0604298489755213,-0.115448282892237,-0.02978));
#6916=CARTESIAN_POINT('',(0.0604691864774906,-0.11517374247998,-0.02978));
#6917=CARTESIAN_POINT('',(0.0604825348610025,-0.114897895396664,-0.02978));
#6918=CARTESIAN_POINT('',(0.0604714518435648,-0.114620819960619,-0.02978));
#6919=CARTESIAN_POINT('',(0.0626612093040097,-0.503641788870395,-0.030755));
#6920=CARTESIAN_POINT('',(-0.00953879069599032,-0.130464756475342,0.00827));
#6921=CARTESIAN_POINT('',(-0.0795387906959904,-0.130464756475342,0.01022));
#6922=CARTESIAN_POINT('',(0.0626612093040097,-0.130464756475342,0.01022));
#6923=CARTESIAN_POINT('',(0.0626612093040097,-0.130464756475342,0.009245));
#6924=CARTESIAN_POINT('',(-0.0795387906959904,-0.503641788870395,0.01022));
#6925=CARTESIAN_POINT('',(0.0613312910167866,-0.109364756475342,0.01022));
#6926=CARTESIAN_POINT('',(0.0626612093040097,-0.503641788870395,0.01022));
#6927=CARTESIAN_POINT('',(0.0626612093040097,-0.503641788870395,0.009245));
#6928=CARTESIAN_POINT('',(-0.101340790696718,-0.114914756475342,-0.01978));
#6929=CARTESIAN_POINT('',(-0.0205387906965059,-0.118393688663476,-0.01978));
#6930=CARTESIAN_POINT('',(-0.101340790696718,-0.125464756475342,-0.02478));
#6931=CARTESIAN_POINT('',(-0.0165387906962021,-0.121929222569409,-0.0212444660940673));
#6932=CARTESIAN_POINT('',(-0.0165387906961872,-0.123123544954811,-0.0224387884794692));
#6933=CARTESIAN_POINT('',(-0.0165387906961855,-0.123262722133241,-0.0225779656578995));
#6934=CARTESIAN_POINT('',(-0.0165105111986845,-0.123398963627077,-0.0227142071517358));
#6935=CARTESIAN_POINT('',(-0.0164539320440789,-0.123532267343557,-0.0228475108682158));
#6936=CARTESIAN_POINT('',(-0.0206236493487224,-0.123532267345096,-0.022847510869754));
#6937=CARTESIAN_POINT('',(-0.0205670701940548,-0.123398963628547,-0.022714207153205));
#6938=CARTESIAN_POINT('',(-0.0205387906965227,-0.123262722134637,-0.0225779656592949));
#6939=CARTESIAN_POINT('',(-0.0205387906965208,-0.123123544956128,-0.0224387884807859));
#6940=CARTESIAN_POINT('',(-0.101340790696718,-0.125464756475342,0.01522));
#6941=CARTESIAN_POINT('',(-0.0165387906961589,-0.121929222569409,0.0187555339059328));
#6942=CARTESIAN_POINT('',(-0.101340790696718,-0.114914756475342,0.02022));
#6943=CARTESIAN_POINT('',(-0.0429645527369135,-0.149187183741825,0.02022));
#6944=CARTESIAN_POINT('',(-0.0360860702009433,-0.0772399260312124,0.02022));
#6945=CARTESIAN_POINT('',(-0.0205387906964213,-0.118393688663476,0.02022));
#6946=CARTESIAN_POINT('',(-0.0167887906959904,-0.124964756475342,-0.03623));
#6947=CARTESIAN_POINT('',(-0.0167887906959904,-0.126030810179568,-0.0347075175272287));
#6948=CARTESIAN_POINT('',(-0.0167887906959904,-0.124964756475342,0.00377));
#6949=CARTESIAN_POINT('',(-0.0167887906959904,-0.126030810179568,0.00529248247277131));
#6950=CARTESIAN_POINT('',(-0.0166239553504148,-0.123163778024557,0.0073));
#6951=CARTESIAN_POINT('',(-0.0166239553504148,-0.123163778024557,-0.0327));
#6952=CARTESIAN_POINT('',(-0.101340790696718,-0.118393688663476,-0.02478));
#6953=CARTESIAN_POINT('',(-0.101340790696718,-0.118393688663476,0.01522));
#6954=CARTESIAN_POINT('',(0.0340859427452525,-0.12861903809613,-0.0379634222620872));
#6955=CARTESIAN_POINT('',(0.033792268329186,-0.12746890393948,-0.0371001615668208));
#6956=CARTESIAN_POINT('',(0.0334612093040099,-0.126864593489182,-0.0358042136240209));
#6957=CARTESIAN_POINT('',(0.033432117436084,-0.12873034347305,-0.0381377488340227));
#6958=CARTESIAN_POINT('',(0.0332161601082351,-0.127579785768835,-0.0372822470861183));
#6959=CARTESIAN_POINT('',(0.0329187513025834,-0.12695950147722,-0.0360077444611798));
#6960=CARTESIAN_POINT('',(0.0321150536733216,-0.128814775533026,-0.0385085849824221));
#6961=CARTESIAN_POINT('',(0.0320505434669072,-0.127681219136924,-0.0376687569145489));
#6962=CARTESIAN_POINT('',(0.0318271371154117,-0.127035406567653,-0.0364379525038818));
#6963=CARTESIAN_POINT('',(0.0307525930058209,-0.128606349384876,-0.0389284602632959));
#6964=CARTESIAN_POINT('',(0.0308349903363463,-0.127524356419265,-0.0381037357263738));
#6965=CARTESIAN_POINT('',(0.0307048262385965,-0.126873340838209,-0.0369149562792995));
#6966=CARTESIAN_POINT('',(0.0300936784061331,-0.128427833572531,-0.0391397937869069));
#6967=CARTESIAN_POINT('',(0.0302445474012363,-0.127378957786282,-0.0383221678100685));
#6968=CARTESIAN_POINT('',(0.0301616178970825,-0.126732152277241,-0.0371533310218562));
#6969=CARTESIAN_POINT('',(0.0301810627958465,-0.126737179358032,-0.0371448012923499));
#6970=CARTESIAN_POINT('',(0.0314046283412079,-0.127497892924006,-0.0374692289282559));
#6971=CARTESIAN_POINT('',(0.032710639399394,-0.128108407979626,-0.0377433298912314));
#6972=CARTESIAN_POINT('',(0.0340830159266427,-0.128607593821244,-0.0379548103471474));
#6973=CARTESIAN_POINT('',(0.0340830159266441,-0.12860759382124,-0.0379548103471466));
#6974=CARTESIAN_POINT('',(0.0340830159266441,-0.12860759382124,-0.0379548103471466));
#6975=CARTESIAN_POINT('',(0.0338917371107184,-0.127860854174463,-0.037391434910634));
#6976=CARTESIAN_POINT('',(0.0336765654109596,-0.127257701473161,-0.0366472364161724));
#6977=CARTESIAN_POINT('',(0.0334612093040099,-0.126864593489182,-0.0358042136240209));
#6978=CARTESIAN_POINT('',(0.0334612093040098,-0.126864593489182,-0.0358042136240209));
#6979=CARTESIAN_POINT('',(0.0344599835501874,-0.128687741836013,-0.0397139678709163));
#6980=CARTESIAN_POINT('',(0.0347544093001188,-0.133060022156193,-0.0390782977992263));
#6981=CARTESIAN_POINT('',(0.0338793759407354,-0.126823677672327,-0.0357164693716173));
#6982=CARTESIAN_POINT('',(0.0348782357165095,-0.128647499808911,-0.0396276685653378));
#6983=CARTESIAN_POINT('',(0.0351722950442715,-0.133021157264073,-0.0389903486353617));
#6984=CARTESIAN_POINT('',(0.0345066392759708,-0.126762319366225,-0.03558488605955));
#6985=CARTESIAN_POINT('',(0.0355070944670448,-0.128587649145213,-0.039499318402794));
#6986=CARTESIAN_POINT('',(0.0358009963695324,-0.132964593126802,-0.0388577984902068));
#6987=CARTESIAN_POINT('',(0.035238531283248,-0.126690832379308,-0.0354315817213812));
#6988=CARTESIAN_POINT('',(0.0362353604560686,-0.128516268534765,-0.0393462421897079));
#6989=CARTESIAN_POINT('',(0.0365280465003297,-0.132892838016398,-0.0387056483131449));
#6990=CARTESIAN_POINT('',(0.035604437691758,-0.12665504325643,-0.0353548316996896));
#6991=CARTESIAN_POINT('',(0.0366064577345792,-0.128482611667825,-0.0392740648056303));
#6992=CARTESIAN_POINT('',(0.0368996753713606,-0.132864317881259,-0.0386266094118884));
#6993=CARTESIAN_POINT('',(0.0358136113944506,-0.126634689506722,-0.0353111829425836));
#6994=CARTESIAN_POINT('',(0.036807140971703,-0.128460182518184,-0.0392259653390058));
#6995=CARTESIAN_POINT('',(0.0370990877071955,-0.132836297151807,-0.0385862340242412));
#6996=CARTESIAN_POINT('',(0.0360224698086767,-0.126613972418929,-0.0352667550044381));
#6997=CARTESIAN_POINT('',(0.0370780516139642,-0.128457042300529,-0.0392192311205106));
#6998=CARTESIAN_POINT('',(0.037376077792318,-0.132878752849954,-0.0385179141501926));
#6999=CARTESIAN_POINT('',(0.0362825729057869,-0.126586958332785,-0.0352088231097505));
#7000=CARTESIAN_POINT('',(0.0373905382752976,-0.128444485998563,-0.0391923040440501));
#7001=CARTESIAN_POINT('',(0.0376929148939989,-0.132903846643264,-0.038438620226421));
#7002=CARTESIAN_POINT('',(0.0366968957763298,-0.126541612944523,-0.0351115796108099));
#7003=CARTESIAN_POINT('',(0.0379022191528251,-0.1284247740788,-0.0391500316957023));
#7004=CARTESIAN_POINT('',(0.0382101421295521,-0.132951305927147,-0.0383008147191877));
#7005=CARTESIAN_POINT('',(0.0374171663108819,-0.126456733739388,-0.0349295555679906));
#7006=CARTESIAN_POINT('',(0.0387864343933097,-0.128379541290871,-0.0390530296689531));
#7007=CARTESIAN_POINT('',(0.0390964422226324,-0.133011828516342,-0.0380472216252498));
#7008=CARTESIAN_POINT('',(0.0384332180792937,-0.126320601685,-0.0346376194352513));
#7009=CARTESIAN_POINT('',(0.0400326560911127,-0.128292621832059,-0.0388666302880043));
#7010=CARTESIAN_POINT('',(0.0403362257274824,-0.13306046294932,-0.0376449789517706));
#7011=CARTESIAN_POINT('',(0.0396334305916596,-0.126135304375199,-0.0342402480720318));
#7012=CARTESIAN_POINT('',(0.0414985828564949,-0.128155095740324,-0.0385717046325266));
#7013=CARTESIAN_POINT('',(0.0417832841181714,-0.133062410210554,-0.0371078478506265));
#7014=CARTESIAN_POINT('',(0.0412096475670857,-0.125860439963496,-0.0336507994389321));
#7015=CARTESIAN_POINT('',(0.0434365939428209,-0.127929546316641,-0.0380880123325247));
#7016=CARTESIAN_POINT('',(0.0436689760687904,-0.1330013711209,-0.0363234375799904));
#7017=CARTESIAN_POINT('',(0.043906486039962,-0.125309165917717,-0.0324685884326631));
#7018=CARTESIAN_POINT('',(0.0467965492123411,-0.127426469344924,-0.037009160285101));
#7019=CARTESIAN_POINT('',(0.0468724863613857,-0.132745422567721,-0.0347766980302242));
#7020=CARTESIAN_POINT('',(0.0475879334100439,-0.124318973313335,-0.030345113539928));
#7021=CARTESIAN_POINT('',(0.0513768219907233,-0.126414347237551,-0.0348386574216665));
#7022=CARTESIAN_POINT('',(0.0512060062722413,-0.131985056421515,-0.0320877618928675));
#7023=CARTESIAN_POINT('',(0.0501388331142888,-0.123356853953508,-0.0282818419144228));
#7024=CARTESIAN_POINT('',(0.0546075893779705,-0.125335062334402,-0.0325241234770275));
#7025=CARTESIAN_POINT('',(0.0542759592349241,-0.131028462101675,-0.0294979021733798));
#7026=CARTESIAN_POINT('',(0.0513008477993345,-0.122818780649547,-0.0271279399903381));
#7027=CARTESIAN_POINT('',(0.0561262765371842,-0.124680021583083,-0.0311193840530405));
#7028=CARTESIAN_POINT('',(0.0557165594554725,-0.130421550437147,-0.0280294674921416));
#7029=CARTESIAN_POINT('',(0.0340830159266441,-0.12860759382124,-0.0379548103471466));
#7030=CARTESIAN_POINT('',(0.0345936951729822,-0.128765488265904,-0.0380115398831234));
#7031=CARTESIAN_POINT('',(0.0353475419449566,-0.129038904478108,-0.0380971252205365));
#7032=CARTESIAN_POINT('',(0.0362943315328573,-0.129534785600687,-0.0382136375888371));
#7033=CARTESIAN_POINT('',(0.0369496192139003,-0.129980117911499,-0.0382971129370595));
#7034=CARTESIAN_POINT('',(0.0375221403062286,-0.130563174169367,-0.0383754778973917));
#7035=CARTESIAN_POINT('',(0.0378620126555364,-0.131320083651687,-0.0384456084340112));
#7036=CARTESIAN_POINT('',(0.037838285487191,-0.132152701976793,-0.0384867536839019));
#7037=CARTESIAN_POINT('',(0.0376126277860289,-0.132652349843478,-0.0384942245894678));
#7038=CARTESIAN_POINT('',(0.037468021850143,-0.132882969476838,-0.0384949388584487));
#7039=CARTESIAN_POINT('',(-0.0884387906963541,-0.117364756475342,-0.00287046820356657));
#7040=CARTESIAN_POINT('',(-0.0933409220411236,-0.109577976136302,-0.00570071505507218));
#7041=CARTESIAN_POINT('',(-0.0937058214772484,-0.118700462068146,-0.00591138984274599));
#7042=CARTESIAN_POINT('',(-0.0933956899622821,-0.110947174169575,-0.00573233532909597));
#7043=CARTESIAN_POINT('',(-0.0780387906959903,-0.110947174169573,0.00313397459621553));
#7044=CARTESIAN_POINT('',(-0.0780387906959903,-0.110947174169573,0.00313397459621553));
#7045=CARTESIAN_POINT('',(-0.0780387906959903,-0.117364756475342,0.00313397459621553));
#7046=CARTESIAN_POINT('',(-0.0780387906959903,-0.114364756475342,0.00313397459621553));
#7047=CARTESIAN_POINT('',(-0.0884387906963541,-0.114364756475342,-0.00287046820356657));
#7048=CARTESIAN_POINT('',(-0.0848540477122036,-0.114364756475342,-0.000800815876691658));
#7049=CARTESIAN_POINT('',(-0.0888261416036024,-0.11631033598937,-0.00309410535413726));
#7050=CARTESIAN_POINT('',(-0.0889387906963541,-0.117364756475342,0.01272));
#7051=CARTESIAN_POINT('',(-0.0785387906959903,-0.117364756475342,0.01272));
#7052=CARTESIAN_POINT('',(-0.0785387906959903,-0.114364756475342,0.01272));
#7053=CARTESIAN_POINT('',(-0.0785387906959903,-0.110989375015614,0.01272));
#7054=CARTESIAN_POINT('',(-0.0893323932547121,-0.110989375015614,0.01272));
#7055=CARTESIAN_POINT('',(-0.0893973779961183,-0.110989375015614,0.01272));
#7056=CARTESIAN_POINT('',(-0.089768699143822,-0.120272403737433,0.01272));
#7057=CARTESIAN_POINT('',(-0.0895959093721346,-0.115952659431647,0.01272));
#7058=CARTESIAN_POINT('',(-0.0896237689191069,-0.115966305373898,0.01272));
#7059=CARTESIAN_POINT('',(-0.0863540477122036,-0.114364756475342,0.01272));
#7060=CARTESIAN_POINT('',(-0.0889387906963541,-0.114364756475342,0.01272));
#7061=CARTESIAN_POINT('',(-0.018038790696354,-0.117364756475342,0.000690499999999983));
#7062=CARTESIAN_POINT('',(-0.018038790696354,-0.117364756475342,0.00972));
#7063=CARTESIAN_POINT('',(-0.0815387906959904,-0.117364756475342,0.00972));
#7064=CARTESIAN_POINT('',(-0.0838047719850612,-0.117364756475342,0.00972));
#7065=CARTESIAN_POINT('',(-0.0838047719850612,-0.117364756475342,0.00219866716029007));
#7066=CARTESIAN_POINT('',(-0.0838047719850612,-0.117364756475342,0.00326908536196586));
#7067=CARTESIAN_POINT('',(-0.0355968462331754,-0.117364756475342,0.0311019442718906));
#7068=CARTESIAN_POINT('',(-0.0795387906959903,-0.117364756475342,0.00573205080756884));
#7069=CARTESIAN_POINT('',(-0.0795387906959903,-0.117364756475342,0.000690499999999983));
#7070=CARTESIAN_POINT('',(-0.0795387906959903,-0.117364756475342,0.00827));
#7071=CARTESIAN_POINT('',(-0.0790387906959904,-0.117364756475342,0.00827));
#7072=CARTESIAN_POINT('',(-0.0815387906959904,-0.117364756475342,0.00827));
#7073=CARTESIAN_POINT('',(-0.0815387906959904,-0.117364756475342,0.009245));
#7074=CARTESIAN_POINT('',(-0.0795387906959904,-0.117364756475342,0.01022));
#7075=CARTESIAN_POINT('',(-0.0775387906959903,-0.117364756475342,0.01022));
#7076=CARTESIAN_POINT('',(-0.0775387906959903,-0.117322796366891,0.01022));
#7077=CARTESIAN_POINT('',(-0.0775387906959903,-0.117322796366891,0.01022));
#7078=CARTESIAN_POINT('',(-0.0815387906959904,-0.117322796366892,0.01022));
#7079=CARTESIAN_POINT('',(-0.0815387906959904,-0.117364756475342,0.01022));
#7080=CARTESIAN_POINT('',(-0.0815387906959904,-0.117364756475342,0.009245));
#7081=CARTESIAN_POINT('',(-0.0815387906959904,-0.114364756475342,0.00972));
#7082=CARTESIAN_POINT('',(-0.0815387906959904,-0.117364756475342,0.00827));
#7083=CARTESIAN_POINT('',(-0.0790387906959904,-0.117364756475342,0.00827));
#7084=CARTESIAN_POINT('',(-0.0765387906959903,-0.117364756475342,0.00827));
#7085=CARTESIAN_POINT('',(-0.0765387906959903,-0.114364756475342,0.00827));
#7086=CARTESIAN_POINT('',(-0.0765387906959903,-0.110947174169573,0.00827));
#7087=CARTESIAN_POINT('',(-0.0743746647366494,-0.114606059308844,0.00827));
#7088=CARTESIAN_POINT('',(-0.0795387906959903,-0.114364756475342,0.00827));
#7089=CARTESIAN_POINT('',(-0.0765387906959903,-0.117364756475342,0.006135));
#7090=CARTESIAN_POINT('',(-0.0765387906959903,-0.117364756475342,0.00573205080756884));
#7091=CARTESIAN_POINT('',(-0.0765387906959903,-0.114364756475342,0.00573205080756884));
#7092=CARTESIAN_POINT('',(-0.0765387906959903,-0.110947174169573,0.00573205080756884));
#7093=CARTESIAN_POINT('',(-0.0765387906959903,-0.110947174169573,0.00827));
#7094=CARTESIAN_POINT('',(-0.0765387906959903,-0.114364756475342,0.006135));
#7095=CARTESIAN_POINT('',(-0.0775387906959903,-0.117364756475342,0.01147));
#7096=CARTESIAN_POINT('',(-0.0775387906959903,-0.117364756475342,0.01172));
#7097=CARTESIAN_POINT('',(-0.0775387906959903,-0.116600824452841,0.01172));
#7098=CARTESIAN_POINT('',(-0.0775387906959903,-0.114364756475342,0.00972));
#7099=CARTESIAN_POINT('',(-0.0742293896192318,-0.117364756475342,-0.03573));
#7100=CARTESIAN_POINT('',(-0.0757447402772429,-0.109702083686036,-0.0331053356690419));
#7101=CARTESIAN_POINT('',(-0.0755521127923667,-0.114970093005311,-0.0334389762597816));
#7102=CARTESIAN_POINT('',(-0.0757020890529341,-0.110868516644874,-0.0331792097565498));
#7103=CARTESIAN_POINT('',(-0.0765387906959903,-0.110868516644874,-0.03173));
#7104=CARTESIAN_POINT('',(-0.0765387906959903,-0.110868516644874,-0.03173));
#7105=CARTESIAN_POINT('',(-0.0765387906959903,-0.117364756475342,-0.03173));
#7106=CARTESIAN_POINT('',(-0.0765387906959903,-0.115364756475342,-0.03173));
#7107=CARTESIAN_POINT('',(-0.0765387906959945,-0.115364756475342,-0.0317299999999928));
#7108=CARTESIAN_POINT('',(-0.0761498213211053,-0.115364756475342,-0.0324037147198891));
#7109=CARTESIAN_POINT('',(-0.0757608519462162,-0.115364756475342,-0.0330774294397854));
#7110=CARTESIAN_POINT('',(-0.0753718825713271,-0.115364756475342,-0.0337511441596817));
#7111=CARTESIAN_POINT('',(-0.075371882571327,-0.115364756475342,-0.0337511441596818));
#7112=CARTESIAN_POINT('',(-0.0753718825713268,-0.115364756475342,-0.0337511441596822));
#7113=CARTESIAN_POINT('',(-0.0754317810347672,-0.115232875588106,-0.0336473969777081));
#7114=CARTESIAN_POINT('',(-0.0754918846853405,-0.115101331122899,-0.0335432944011946));
#7115=CARTESIAN_POINT('',(-0.0755521127923667,-0.114970093005311,-0.0334389762597816));
#7116=CARTESIAN_POINT('',(-0.0915604413310849,-0.117364756475342,-0.0357316016151378));
#7117=CARTESIAN_POINT('',(-0.0892519649472573,-0.117364756475342,-0.0317332032302755));
#7118=CARTESIAN_POINT('',(-0.0892519649472573,-0.113368934668918,-0.0317332032302755));
#7119=CARTESIAN_POINT('',(-0.0892519649472573,-0.110947174169573,-0.0317332032302755));
#7120=CARTESIAN_POINT('',(-0.0917708227392704,-0.110947174169573,-0.0360959929030829));
#7121=CARTESIAN_POINT('',(-0.0917954680014362,-0.110947174169573,-0.03613867974932));
#7122=CARTESIAN_POINT('',(-0.0917954680014362,-0.110947174169573,-0.03613867974932));
#7123=CARTESIAN_POINT('',(-0.0917436651821633,-0.111384226349586,-0.036048954634364));
#7124=CARTESIAN_POINT('',(-0.0915998187412414,-0.112236928859277,-0.0357998052901989));
#7125=CARTESIAN_POINT('',(-0.0912911851925952,-0.113923287372278,-0.035265236303024));
#7126=CARTESIAN_POINT('',(-0.0910432993049096,-0.115176409308955,-0.034835885351073));
#7127=CARTESIAN_POINT('',(-0.0908769069366689,-0.116010805172846,-0.0345476853152883));
#7128=CARTESIAN_POINT('',(-0.0908769069366689,-0.116010805172846,-0.0345476853152883));
#7129=CARTESIAN_POINT('',(-0.0916198239856986,-0.117218657915581,-0.035834455390017));
#7130=CARTESIAN_POINT('',(-0.018038790696354,-0.117364756475342,0.000690499999999983));
#7131=CARTESIAN_POINT('',(-0.0815387906959903,-0.117364756475342,-0.036186406460551));
#7132=CARTESIAN_POINT('',(-0.0815387906959903,-0.117364756475342,-0.03028));
#7133=CARTESIAN_POINT('',(-0.0859995361596191,-0.117364636330486,-0.0323150502271472));
#7134=CARTESIAN_POINT('',(-0.085999536214052,-0.117364756475342,-0.0323150518267916));
#7135=CARTESIAN_POINT('',(-0.083503161457055,-0.117364756475342,-0.0323150518267916));
#7136=CARTESIAN_POINT('',(-0.0810067867000579,-0.117364756475342,-0.0323150518267916));
#7137=CARTESIAN_POINT('',(-0.0785104119430609,-0.117364756475342,-0.0323150518267916));
#7138=CARTESIAN_POINT('',(-0.0785104119424679,-0.11736463633066,-0.0323150501769803));
#7139=CARTESIAN_POINT('',(-0.0785104126573019,-0.117364756475342,-0.0323150505896899));
#7140=CARTESIAN_POINT('',(-0.0786230056957843,-0.117364756475342,-0.0321200337264599));
#7141=CARTESIAN_POINT('',(-0.0787355987342666,-0.117364756475342,-0.03192501686323));
#7142=CARTESIAN_POINT('',(-0.0788481917727489,-0.117364756475342,-0.03173));
#7143=CARTESIAN_POINT('',(-0.0788481917727489,-0.117364756475342,-0.03173));
#7144=CARTESIAN_POINT('',(-0.0790387906959904,-0.117364756475342,-0.03173));
#7145=CARTESIAN_POINT('',(-0.0815387906959903,-0.117364756475342,-0.03173));
#7146=CARTESIAN_POINT('',(-0.0815387906959903,-0.117364756475342,-0.02988));
#7147=CARTESIAN_POINT('',(-0.0815387906959903,-0.117364756475342,-0.036186406460551));
#7148=CARTESIAN_POINT('',(-0.0815387906959903,-0.117364756475342,-0.02728));
#7149=CARTESIAN_POINT('',(-0.0815387906959903,-0.114364756475342,-0.02728));
#7150=CARTESIAN_POINT('',(-0.0815387906959903,-0.110947174169573,-0.02728));
#7151=CARTESIAN_POINT('',(-0.0815387906959903,-0.110947174169573,-0.036186406460551));
#7152=CARTESIAN_POINT('',(-0.0892519649472573,-0.113368934668918,-0.0317332032302755));
#7153=CARTESIAN_POINT('',(-0.0893324350039109,-0.113700875271059,-0.0318725814568874));
#7154=CARTESIAN_POINT('',(-0.0894091262455727,-0.1140328158732,-0.0320141413566062));
#7155=CARTESIAN_POINT('',(-0.0894819260328075,-0.114364756475342,-0.0321576750148536));
#7156=CARTESIAN_POINT('',(-0.0894819260328075,-0.114364756475342,-0.0321576750148536));
#7157=CARTESIAN_POINT('',(-0.0815387906959903,-0.114364756475342,-0.036186406460551));
#7158=CARTESIAN_POINT('',(-0.0795387906959903,-0.117364756475342,-0.02728));
#7159=CARTESIAN_POINT('',(-0.0785387906959903,-0.109364756475342,-0.02728));
#7160=CARTESIAN_POINT('',(-0.0785387906959903,-0.114364756475342,-0.02728));
#7161=CARTESIAN_POINT('',(-0.0785387906959903,-0.110947174169573,-0.02728));
#7162=CARTESIAN_POINT('',(-0.0795387906959903,-0.110947174169573,-0.02728));
#7163=CARTESIAN_POINT('',(-0.0785387906959903,-0.114364756475342,-0.02728));
#7164=CARTESIAN_POINT('',(-0.0775387906959903,-0.117364756475342,-0.02853));
#7165=CARTESIAN_POINT('',(-0.0775387906959903,-0.117364756475342,-0.02828));
#7166=CARTESIAN_POINT('',(-0.0775387906959903,-0.114364756475342,-0.02828));
#7167=CARTESIAN_POINT('',(-0.0775387906959903,-0.114364756475342,-0.02853));
#7168=CARTESIAN_POINT('',(-0.0775387906959903,-0.114364756475342,-0.02978));
#7169=CARTESIAN_POINT('',(-0.0775387906959903,-0.117364756475342,-0.02978));
#7170=CARTESIAN_POINT('',(-0.0795387906959903,-0.117364756475342,-0.02978));
#7171=CARTESIAN_POINT('',(-0.0805387906959903,-0.114364756475342,-0.02978));
#7172=CARTESIAN_POINT('',(-0.0800387906959903,-0.117322796366891,-0.02978));
#7173=CARTESIAN_POINT('',(-0.0775387906959903,-0.117322796366891,-0.02978));
#7174=CARTESIAN_POINT('',(-0.0815387906959903,-0.117322796366891,-0.02978));
#7175=CARTESIAN_POINT('',(-0.0815387906959903,-0.117364756475342,-0.02978));
#7176=CARTESIAN_POINT('',(-0.0815387906959903,-0.117364756475342,-0.02988));
#7177=CARTESIAN_POINT('',(-0.0815387906959903,-0.114364756475342,-0.03028));
#7178=CARTESIAN_POINT('',(-0.0815387906959903,-0.117364756475342,-0.03173));
#7179=CARTESIAN_POINT('',(-0.0790387906959904,-0.117364756475342,-0.03173));
#7180=CARTESIAN_POINT('',(-0.0743085916853276,-0.114085048114091,-0.03173));
#7181=CARTESIAN_POINT('',(-0.0788481917727489,-0.117364756475342,-0.03173));
#7182=CARTESIAN_POINT('',(-0.078664416915924,-0.117364756475342,-0.03173));
#7183=CARTESIAN_POINT('',(-0.0784014387446198,-0.117359364039969,-0.03173));
#7184=CARTESIAN_POINT('',(-0.0779834939137706,-0.117298832694012,-0.03173));
#7185=CARTESIAN_POINT('',(-0.0775321421677191,-0.117149570659287,-0.03173));
#7186=CARTESIAN_POINT('',(-0.0771640891197353,-0.116926864193928,-0.03173));
#7187=CARTESIAN_POINT('',(-0.0768706419597015,-0.116630850262725,-0.03173));
#7188=CARTESIAN_POINT('',(-0.0766883072576968,-0.116297400887737,-0.03173));
#7189=CARTESIAN_POINT('',(-0.0766031728175218,-0.116032356494439,-0.03173));
#7190=CARTESIAN_POINT('',(-0.0765554036472911,-0.115784153312273,-0.03173));
#7191=CARTESIAN_POINT('',(-0.0765387906959904,-0.115542376920341,-0.03173));
#7192=CARTESIAN_POINT('',(-0.0765387906959904,-0.115364756475342,-0.03173));
#7193=CARTESIAN_POINT('',(-0.0785387906959903,-0.117364756475342,0.01272));
#7194=CARTESIAN_POINT('',(-0.0807543947051015,-0.114763214138703,0.0149356040091112));
#7195=CARTESIAN_POINT('',(-0.0755387906959903,-0.114364756475342,0.00972));
#7196=CARTESIAN_POINT('',(-0.0785387906959903,-0.117364756475342,-0.02728));
#7197=CARTESIAN_POINT('',(-0.0807720484121057,-0.114722940286322,-0.0250467422838846));
#7198=CARTESIAN_POINT('',(-0.0755387906959903,-0.114364756475342,-0.03028));
#7199=CARTESIAN_POINT('',(-0.0780387906959903,-0.116023068870519,-0.02778));
#7200=CARTESIAN_POINT('',(-0.0805387906959903,-0.114364756475342,-0.02528));
#7201=CARTESIAN_POINT('',(-0.018038790696354,-0.117364756475342,-0.0331066666674548));
#7202=CARTESIAN_POINT('',(-0.0689934447872196,-0.132044686152777,-0.0487457371763847));
#7203=CARTESIAN_POINT('',(-0.076593303725131,-0.119688649264745,-0.0355823953655656));
#7204=CARTESIAN_POINT('',(-0.0777126356642461,-0.117868811970047,-0.0336436555764838));
#7205=CARTESIAN_POINT('',(-0.077712635664246,-0.117868811970047,-0.0336436555764838));
#7206=CARTESIAN_POINT('',(-0.0779242797660659,-0.117893933254363,-0.0336704182071861));
#7207=CARTESIAN_POINT('',(-0.078189865271609,-0.117906507181258,-0.0336838136752575));
#7208=CARTESIAN_POINT('',(-0.0785093921808753,-0.117906533750732,-0.0336838419806979));
#7209=CARTESIAN_POINT('',(-0.0785093921806831,-0.117906447517534,-0.033683925094643));
#7210=CARTESIAN_POINT('',(-0.0785104119430609,-0.117906533792927,-0.0336838420256504));
#7211=CARTESIAN_POINT('',(-0.0810067867000579,-0.117906533792927,-0.0336838420256504));
#7212=CARTESIAN_POINT('',(-0.0835031614570549,-0.117906533792927,-0.0336838420256504));
#7213=CARTESIAN_POINT('',(-0.085999536214052,-0.117906533792927,-0.0336838420256504));
#7214=CARTESIAN_POINT('',(-0.0860003791892915,-0.117906447445154,-0.0336839251625358));
#7215=CARTESIAN_POINT('',(-0.086000379189056,-0.117906533750026,-0.0336838419799459));
#7216=CARTESIAN_POINT('',(-0.0867512226137156,-0.117906457305507,-0.0336837605407802));
#7217=CARTESIAN_POINT('',(-0.087388037332578,-0.117804220649148,-0.0335748440600807));
#7218=CARTESIAN_POINT('',(-0.0879108233456432,-0.117599823780951,-0.0333570925378474));
#7219=CARTESIAN_POINT('',(-0.0879108233456432,-0.117599823780951,-0.0333570925378473));
#7220=CARTESIAN_POINT('',(-0.077270342773845,-0.100300269733221,-0.0149272395705433));
#7221=CARTESIAN_POINT('',(-0.0890203933144314,-0.119403789825085,-0.0352789240983412));
#7222=CARTESIAN_POINT('',(-0.0890203933144314,-0.119403789825085,-0.0352789240983412));
#7223=CARTESIAN_POINT('',(-0.0887919516580588,-0.11950126172632,-0.0353827645096741));
#7224=CARTESIAN_POINT('',(-0.0885612877038784,-0.1195962050853,-0.0354839111716867));
#7225=CARTESIAN_POINT('',(-0.0883284272583425,-0.119688649264745,-0.0355823953655656));
#7226=CARTESIAN_POINT('',(-0.0883284272583425,-0.119688649264745,-0.0355823953655656));
#7227=CARTESIAN_POINT('',(-0.0752603743314357,-0.119688649264745,-0.0355823953655656));
#7228=CARTESIAN_POINT('',(-0.0856587906957102,-0.117364756475342,0.00069049999999997));
#7229=CARTESIAN_POINT('',(-0.0856587906957102,-0.117364756475342,0.00972));
#7230=CARTESIAN_POINT('',(-0.0873238051389687,-0.118180300639184,0.00972));
#7231=CARTESIAN_POINT('',(-0.0936146802678901,-0.121261647181027,0.00972));
#7232=CARTESIAN_POINT('',(-0.0936146802678901,-0.121261647181027,-0.0056298824427593));
#7233=CARTESIAN_POINT('',(-0.0936146802678901,-0.121261647181027,-0.00315656085286183));
#7234=CARTESIAN_POINT('',(-0.0859326580357663,-0.117498900002897,0.00127865675077554));
#7235=CARTESIAN_POINT('',(-0.0867738972420475,-0.117910949116258,0.000792967068576246));
#7236=CARTESIAN_POINT('',(-0.0648662121748384,-0.107180300639184,0.0162349827051576));
#7237=CARTESIAN_POINT('',(-0.0873238051389687,-0.118180300639184,0.00326908536196586));
#7238=CARTESIAN_POINT('',(-0.0873238051389687,-0.118180300639184,0.00972));
#7239=CARTESIAN_POINT('',(-0.0795387906959903,-0.114364756475342,0.000690499999999983));
#7240=CARTESIAN_POINT('',(-0.0795387906959903,-0.114364756475342,0.00573205080756884));
#7241=CARTESIAN_POINT('',(-0.0890217477743453,-0.117218657915581,-0.037334455390017));
#7242=CARTESIAN_POINT('',(-0.0879108233456432,-0.117599823780951,-0.0333570925378474));
#7243=CARTESIAN_POINT('',(-0.0881714770043309,-0.117478376254925,-0.0332277100091569));
#7244=CARTESIAN_POINT('',(-0.0885454359252099,-0.11722442788465,-0.0330614994464912));
#7245=CARTESIAN_POINT('',(-0.0889222667086246,-0.116813061783755,-0.0329178024629735));
#7246=CARTESIAN_POINT('',(-0.0890881648153961,-0.116588743775636,-0.0328592117216365));
#7247=CARTESIAN_POINT('',(-0.0891823345104095,-0.116444200311982,-0.0328274118585968));
#7248=CARTESIAN_POINT('',(-0.0892348107852868,-0.11636000413257,-0.0328099872242124));
#7249=CARTESIAN_POINT('',(-0.0893416275100935,-0.116167874694393,-0.0327759174892464));
#7250=CARTESIAN_POINT('',(-0.0894437059650638,-0.115952831517993,-0.0327441470438776));
#7251=CARTESIAN_POINT('',(-0.0895912207706648,-0.115570094150647,-0.0326960198804643));
#7252=CARTESIAN_POINT('',(-0.0896897826881088,-0.115080786664594,-0.0326380712474913));
#7253=CARTESIAN_POINT('',(-0.0896875384829879,-0.11459384584254,-0.0325291730587846));
#7254=CARTESIAN_POINT('',(-0.0896292259937696,-0.114345567282001,-0.032410499500723));
#7255=CARTESIAN_POINT('',(-0.0895895723523079,-0.114240618287723,-0.0323371825736847));
#7256=CARTESIAN_POINT('',(-0.0895895723523079,-0.114240618287723,-0.0323371825736846));
#7257=CARTESIAN_POINT('',(-0.0895895723523079,-0.114240618287723,-0.0323371825736847));
#7258=CARTESIAN_POINT('',(-0.0894797546967658,-0.113950189803589,-0.0321341622211607));
#7259=CARTESIAN_POINT('',(-0.0893672488252909,-0.113659562257536,-0.0319328807643232));
#7260=CARTESIAN_POINT('',(-0.0892519649472573,-0.113368934668918,-0.0317332032302756));
#7261=CARTESIAN_POINT('',(-0.0908769069366689,-0.116010805172846,-0.0345476853152883));
#7262=CARTESIAN_POINT('',(-0.0908070917835212,-0.116692162891548,-0.0344267619228983));
#7263=CARTESIAN_POINT('',(-0.090400885151575,-0.118052869907774,-0.0344691901691078));
#7264=CARTESIAN_POINT('',(-0.0895725524062124,-0.119110711407249,-0.0349666968505337));
#7265=CARTESIAN_POINT('',(-0.0890203933144314,-0.119403789825085,-0.0352789240983412));
#7266=CARTESIAN_POINT('',(-0.0815387906959903,-0.114364756475342,-0.036186406460551));
#7267=CARTESIAN_POINT('',(-0.0894819260328075,-0.114364756475342,-0.0321576750148536));
#7268=CARTESIAN_POINT('',(-0.0895022521028443,-0.114420284714407,-0.0321977503406341));
#7269=CARTESIAN_POINT('',(-0.0895305188041763,-0.114543101915049,-0.0322572065613157));
#7270=CARTESIAN_POINT('',(-0.0895036814617976,-0.114844461168411,-0.032281019653231));
#7271=CARTESIAN_POINT('',(-0.0894629582296747,-0.115010126326042,-0.032268972920377));
#7272=CARTESIAN_POINT('',(-0.0893581684607423,-0.115301795713612,-0.0322376998883226));
#7273=CARTESIAN_POINT('',(-0.0892940733645363,-0.115433043689161,-0.0322189492472123));
#7274=CARTESIAN_POINT('',(-0.0891835384226952,-0.115640259735926,-0.0321925626350928));
#7275=CARTESIAN_POINT('',(-0.0890513331064496,-0.115847749029882,-0.0321688358798234));
#7276=CARTESIAN_POINT('',(-0.0888570446397641,-0.116100596261831,-0.0321489637690096));
#7277=CARTESIAN_POINT('',(-0.0887086787099789,-0.116264962498477,-0.0321439047453613));
#7278=CARTESIAN_POINT('',(-0.0884759450682153,-0.11649706690887,-0.0321474916397939));
#7279=CARTESIAN_POINT('',(-0.088042330802329,-0.116848333497463,-0.0321839300175188));
#7280=CARTESIAN_POINT('',(-0.0876221017476439,-0.117074535994943,-0.0322782989073893));
#7281=CARTESIAN_POINT('',(-0.0873348852455492,-0.117180730468156,-0.0323677492509408));
#7282=CARTESIAN_POINT('',(-0.0873348852455492,-0.117180730468156,-0.0323677492509408));
#7283=CARTESIAN_POINT('',(-0.0873348852455492,-0.117180730468156,-0.0323677492509408));
#7284=CARTESIAN_POINT('',(-0.0869530527347403,-0.117321907948941,-0.0324866666820511));
#7285=CARTESIAN_POINT('',(-0.0865016195538004,-0.117364756475342,-0.0324438557160885));
#7286=CARTESIAN_POINT('',(-0.085999536214052,-0.117364756475342,-0.0323150518267916));
#7287=CARTESIAN_POINT('',(-0.0815387906959903,-0.114364756475342,-0.03028));
#7288=CARTESIAN_POINT('',(-0.0795387906959903,-0.114364756475342,-0.03028));
#7289=CARTESIAN_POINT('',(-0.0805387906959903,-0.114364756475342,-0.03028));
#7290=CARTESIAN_POINT('',(-0.0805387906959903,-0.114364756475342,0.000690499999999983));
#7291=CARTESIAN_POINT('',(-0.0767677152498226,-0.117217752710504,-0.0373334910416626));
#7292=CARTESIAN_POINT('',(-0.0815263236997079,-0.109481090487844,-0.0290913394331346));
#7293=CARTESIAN_POINT('',(-0.0752841371169015,-0.115797190619747,-0.0339309377186801));
#7294=CARTESIAN_POINT('',(-0.0752841379264502,-0.115797195777802,-0.0339309371946326));
#7295=CARTESIAN_POINT('',(-0.0753027224343332,-0.115915613664771,-0.0339189078319406));
#7296=CARTESIAN_POINT('',(-0.0753599087595606,-0.116167094113757,-0.0338801509254261));
#7297=CARTESIAN_POINT('',(-0.0756527244348784,-0.116805077620282,-0.0337668353148821));
#7298=CARTESIAN_POINT('',(-0.0760856690310122,-0.117313854689064,-0.0336986972298374));
#7299=CARTESIAN_POINT('',(-0.0768169113663599,-0.117752077889413,-0.0336385135511621));
#7300=CARTESIAN_POINT('',(-0.0774038386383632,-0.117862175054135,-0.0336365850251809));
#7301=CARTESIAN_POINT('',(-0.0777126356642461,-0.117868811970047,-0.0336436555764838));
#7302=CARTESIAN_POINT('',(0.0322863411606341,-0.121964756475342,0.00559611064635448));
#7303=CARTESIAN_POINT('',(0.0527588118620039,-0.121964756475342,-0.00339919561433118));
#7304=CARTESIAN_POINT('',(0.0334612093040097,-0.121964756475342,0.00507989064927914));
#7305=CARTESIAN_POINT('',(0.0302544076918098,-0.119964756475342,0.00321209467485765));
#7306=CARTESIAN_POINT('',(0.0284612093040097,-0.119964756475342,0.00399999999999999));
#7307=CARTESIAN_POINT('',(0.0284612093040097,-0.119964756475342,0.00595866159899981));
#7308=CARTESIAN_POINT('',(0.0302544076918244,-0.120488355294579,0.00321209467485123));
#7309=CARTESIAN_POINT('',(0.0284612093040375,-0.121048446998027,0.00399999999998444));
#7310=CARTESIAN_POINT('',(0.0284612093040097,-0.121273753523436,0.00595866159899277));
#7311=CARTESIAN_POINT('',(0.0306877799731421,-0.121531384190475,0.00302167718923315));
#7312=CARTESIAN_POINT('',(0.0292006967914714,-0.123303521660027,0.00367507993917288));
#7313=CARTESIAN_POINT('',(0.029544640007359,-0.12388132576316,0.00576824411337591));
#7314=CARTESIAN_POINT('',(0.0317308088796382,-0.12196475647533,0.0025633854378593));
#7315=CARTESIAN_POINT('',(0.031131624938584,-0.124664620674929,0.00282665815832195));
#7316=CARTESIAN_POINT('',(0.0321522122735801,-0.124964756475342,0.00530995236200088));
#7317=CARTESIAN_POINT('',(0.0322544076918098,-0.121964756475342,0.00233332372513698));
#7318=CARTESIAN_POINT('',(0.0322544076918098,-0.124964756475342,0.00233332372513698));
#7319=CARTESIAN_POINT('',(0.0334612093040097,-0.124964756475342,0.00507989064927914));
#7320=CARTESIAN_POINT('',(0.0314612093040097,-0.119964756475342,0.00595866159899982));
#7321=CARTESIAN_POINT('',(0.0314612093040097,-0.124966756475342,0.00595866159899982));
#7322=CARTESIAN_POINT('',(0.0314612093040097,-0.110947174168834,0.00595866159899982));
#7323=CARTESIAN_POINT('',(-0.0896237689191069,-0.115966305373898,0.00972));
#7324=CARTESIAN_POINT('',(-0.0895959093721346,-0.115952659431647,0.00972));
#7325=CARTESIAN_POINT('',(-0.0863540477122034,-0.114364756475342,0.00972));
#7326=CARTESIAN_POINT('',(-0.018038790696354,-0.114364756475342,0.00972));
#7327=CARTESIAN_POINT('',(-0.0863540477122034,-0.114364756475342,0.00972));
#7328=CARTESIAN_POINT('',(-0.0903261416036024,-0.11631033598937,-0.000496029142783944));
#7329=CARTESIAN_POINT('',(-0.0895959093721346,-0.115952659431647,-7.44293673750374E-5));
#7330=CARTESIAN_POINT('',(-0.0863540477122036,-0.114364756475342,0.00179726033466164));
#7331=CARTESIAN_POINT('',(-0.0355968462331754,-0.114364756475342,0.0311019442718906));
#7332=CARTESIAN_POINT('',(-0.0613471790209309,-0.114364756475342,0.0162349827051576));
#7333=CARTESIAN_POINT('',(-0.0841346223766169,-0.117291296969089,0.002316753122598));
#7334=CARTESIAN_POINT('',(-0.0863540477122036,-0.114364756475342,0.00179726033466164));
#7335=CARTESIAN_POINT('',(-0.0795387906959903,-0.114364756475342,0.00573205080756884));
#7336=CARTESIAN_POINT('',(-0.0795387906959903,-0.114364756475342,0.00573205080756884));
#7337=CARTESIAN_POINT('',(-0.0795387906959903,-0.114364756475342,0.00573205080756884));
#7338=CARTESIAN_POINT('',(-0.0795387906959903,-0.117364756475342,0.00573205080756884));
#7339=CARTESIAN_POINT('',(-0.0795387906959903,-0.110947174169573,0.00573205080756884));
#7340=CARTESIAN_POINT('',(-0.0595387907023296,-0.125521539994403,-0.0301072345701303));
#7341=CARTESIAN_POINT('',(-0.0883284272583425,-0.119688649264745,-0.0355823953655656));
#7342=CARTESIAN_POINT('',(-0.0876807490374792,-0.120031481679724,-0.0359476273815505));
#7343=CARTESIAN_POINT('',(-0.0863657509497969,-0.120751064170348,-0.0365792792480776));
#7344=CARTESIAN_POINT('',(-0.0843536188714662,-0.121929908072921,-0.0373004020094569));
#7345=CARTESIAN_POINT('',(-0.0823608238178627,-0.123249313424896,-0.0378234892510814));
#7346=CARTESIAN_POINT('',(-0.0811278734455935,-0.124328422584403,-0.0380476988550481));
#7347=CARTESIAN_POINT('',(-0.080672571511346,-0.125015886428371,-0.0380912382319005));
#7348=CARTESIAN_POINT('',(-0.076593303725131,-0.125521539994403,-0.0301072345701303));
#7349=CARTESIAN_POINT('',(-0.076593303725131,-0.119688649264745,-0.0355823953655657));
#7350=CARTESIAN_POINT('',(-0.076593303725131,-0.121855758535088,-0.0378910967983479));
#7351=CARTESIAN_POINT('',(-0.076593303725131,-0.125015886428371,-0.0380912382319005));
#7352=CARTESIAN_POINT('',(-0.076123564804517,-0.119907400528206,-0.0358154391544907));
#7353=CARTESIAN_POINT('',(-0.0758095910370225,-0.122038792225043,-0.0379026889320653));
#7354=CARTESIAN_POINT('',(-0.0753642699611579,-0.125015886430588,-0.0380912382320409));
#7355=CARTESIAN_POINT('',(-0.0753159417712636,-0.120025474208537,-0.036084210149817));
#7356=CARTESIAN_POINT('',(-0.0742933618824671,-0.121940005042001,-0.0378964324104598));
#7357=CARTESIAN_POINT('',(-0.0729910924057642,-0.124492664648235,-0.0380581008524403));
#7358=CARTESIAN_POINT('',(-0.0747349645939148,-0.119112563065106,-0.0357674588722362));
#7359=CARTESIAN_POINT('',(-0.0727909634103747,-0.12030113246597,-0.0377926371471505));
#7360=CARTESIAN_POINT('',(-0.0702780463443713,-0.122092848475209,-0.0379061124945789));
#7361=CARTESIAN_POINT('',(-0.0748421054057731,-0.117297539629324,-0.034811978571396));
#7362=CARTESIAN_POINT('',(-0.0724225129657973,-0.117605952669609,-0.0376219424264505));
#7363=CARTESIAN_POINT('',(-0.0687790703226056,-0.118513539069217,-0.0376794228985135));
#7364=CARTESIAN_POINT('',(-0.075279367284195,-0.115756534423616,-0.0339113853374713));
#7365=CARTESIAN_POINT('',(-0.0728912481763278,-0.115597441683842,-0.0374947367304821));
#7366=CARTESIAN_POINT('',(-0.068575014901617,-0.115801618895548,-0.0375076679539139));
#7367=CARTESIAN_POINT('',(-0.0755521127923668,-0.114970093005311,-0.0334389762597816));
#7368=CARTESIAN_POINT('',(-0.073245792265566,-0.114632765794616,-0.0374336405907398));
#7369=CARTESIAN_POINT('',(-0.0686239095620912,-0.114464439439279,-0.0374229799215518));
#7370=CARTESIAN_POINT('',(-0.0753718825713275,-0.115364756475342,-0.033751144159681));
#7371=CARTESIAN_POINT('',(-0.0753395937252981,-0.1154358481431,-0.0338070700815217));
#7372=CARTESIAN_POINT('',(-0.0753056241618058,-0.115508688517874,-0.0338650618832743));
#7373=CARTESIAN_POINT('',(-0.0752961001998315,-0.115602036390385,-0.0338893458383446));
#7374=CARTESIAN_POINT('',(-0.075296041899839,-0.115602008003256,-0.0338894320941102));
#7375=CARTESIAN_POINT('',(-0.0752841366574093,-0.115797190663663,-0.0339309374168016));
#7376=CARTESIAN_POINT('',(-0.0752874851363686,-0.115735535536813,-0.0339175045582839));
#7377=CARTESIAN_POINT('',(-0.0752933442167551,-0.115638860100534,-0.0338970499630877));
#7378=CARTESIAN_POINT('',(-0.0752959711190209,-0.115601981670215,-0.0338895368034885));
#7379=CARTESIAN_POINT('',(-0.0686239095620912,-0.114970093005311,-0.0294389762597816));
#7380=CARTESIAN_POINT('',(-0.0685297767706208,-0.117544452645808,-0.0296020190372667));
#7381=CARTESIAN_POINT('',(-0.0687533094472328,-0.110925589304383,-0.037198852745993));
#7382=CARTESIAN_POINT('',(-0.0690714465853452,-0.110924311448561,-0.0371987718151242));
#7383=CARTESIAN_POINT('',(-0.0697234614953518,-0.1109212517923,-0.0371607484278764));
#7384=CARTESIAN_POINT('',(-0.0707355990442246,-0.11091560162551,-0.0369721729097723));
#7385=CARTESIAN_POINT('',(-0.0715847114938675,-0.110910241534608,-0.0366967618257409));
#7386=CARTESIAN_POINT('',(-0.0721834366130629,-0.110905994148025,-0.03642938277595));
#7387=CARTESIAN_POINT('',(-0.0725075963549158,-0.110903540765842,-0.0362652291685688));
#7388=CARTESIAN_POINT('',(-0.0727902496485599,-0.110901276260679,-0.0361068569607198));
#7389=CARTESIAN_POINT('',(-0.0729114197349611,-0.110900225472372,-0.0360337490730376));
#7390=CARTESIAN_POINT('',(-0.0731411856224958,-0.110898138851242,-0.0358909786460674));
#7391=CARTESIAN_POINT('',(-0.0734242138625309,-0.11089536733013,-0.0356989535436541));
#7392=CARTESIAN_POINT('',(-0.0737935492462869,-0.11089158502554,-0.0354190526583585));
#7393=CARTESIAN_POINT('',(-0.074303343738445,-0.11088619002327,-0.0349814086723092));
#7394=CARTESIAN_POINT('',(-0.0749635575338312,-0.110878917645598,-0.0342974413324195));
#7395=CARTESIAN_POINT('',(-0.0754694270844518,-0.110872334812386,-0.0335821921069501));
#7396=CARTESIAN_POINT('',(-0.0757020890529341,-0.110868516644874,-0.0331792097565498));
#7397=CARTESIAN_POINT('',(0.0531988118618414,-0.132964756475342,0.0220940972));
#7398=CARTESIAN_POINT('',(0.0531988118618414,-0.132964756475342,-0.00359252522319829));
#7399=CARTESIAN_POINT('',(0.0611924195316204,-0.132645012168669,-0.0035925252231983));
#7400=CARTESIAN_POINT('',(0.0608852093040008,-0.124964756475342,-0.0035925252231983));
#7401=CARTESIAN_POINT('',(0.0531988118618414,-0.124964756475342,-0.0035925252231983));
#7402=CARTESIAN_POINT('',(0.0611924195316213,-0.13264501216869,-0.00516528497308569));
#7403=CARTESIAN_POINT('',(0.0609009994709499,-0.125359510649317,-0.00422733982916585));
#7404=CARTESIAN_POINT('',(0.0536200650938359,-0.124964756475342,-0.0042065522518146));
#7405=CARTESIAN_POINT('',(0.0611695092783155,-0.132072255835835,-0.00830000484165713));
#7406=CARTESIAN_POINT('',(0.0609207752278241,-0.125853904571211,-0.0057685374144107));
#7407=CARTESIAN_POINT('',(0.0544394649221475,-0.124808550202754,-0.00542425362568963));
#7408=CARTESIAN_POINT('',(0.0610716473840902,-0.129625708479299,-0.0122565561995164));
#7409=CARTESIAN_POINT('',(0.0609017179309433,-0.125377472149059,-0.00817533420939888));
#7410=CARTESIAN_POINT('',(0.055412855998928,-0.124141310014601,-0.00694273401329091));
#7411=CARTESIAN_POINT('',(0.060925180277664,-0.125964030817291,-0.0148644975050116));
#7412=CARTESIAN_POINT('',(0.0608402900305551,-0.123841774638811,-0.00988296105827774));
#7413=CARTESIAN_POINT('',(0.0559821458123412,-0.12314267065225,-0.00792167991318331));
#7414=CARTESIAN_POINT('',(0.060810015397236,-0.123084908805527,-0.0154395018208224));
#7415=CARTESIAN_POINT('',(0.0607837862529767,-0.12242918019874,-0.0102346193761549));
#7416=CARTESIAN_POINT('',(0.0560345453599877,-0.122357455558097,-0.00811532335643949));
#7417=CARTESIAN_POINT('',(0.0607524195317829,-0.121645012168669,-0.0154141950341275));
#7418=CARTESIAN_POINT('',(0.0607560864317619,-0.121736684668176,-0.0101898999223336));
#7419=CARTESIAN_POINT('',(0.0559769494945369,-0.121964756475342,-0.00809001656974844));
#7420=CARTESIAN_POINT('',(0.0527588118620039,-0.121964756475342,-0.0154141950341276));
#7421=CARTESIAN_POINT('',(0.0528603426086391,-0.12450302514216,-0.0154588061694508));
#7422=CARTESIAN_POINT('',(0.0555362462024395,-0.110947174168834,-0.00789637794447769));
#7423=CARTESIAN_POINT('',(0.0560049592724342,-0.110949785542781,-0.00810232365931057));
#7424=CARTESIAN_POINT('',(0.0568444316785735,-0.11095421856502,-0.00857814814544585));
#7425=CARTESIAN_POINT('',(0.0576561178576876,-0.110959126931673,-0.00923938153991392));
#7426=CARTESIAN_POINT('',(0.0581791812758512,-0.110962803661196,-0.00976482648359645));
#7427=CARTESIAN_POINT('',(0.0585129339856267,-0.110965371301391,-0.0101476583336757));
#7428=CARTESIAN_POINT('',(0.0587488920361516,-0.110967301117504,-0.0104543696002986));
#7429=CARTESIAN_POINT('',(0.0588901194114294,-0.110968458733241,-0.0106533300951995));
#7430=CARTESIAN_POINT('',(0.058970467921351,-0.110969106152803,-0.0107718019558569));
#7431=CARTESIAN_POINT('',(0.0590133938523856,-0.110969445369724,-0.0108360466184011));
#7432=CARTESIAN_POINT('',(0.0591096862997376,-0.110970198599518,-0.0109858703367661));
#7433=CARTESIAN_POINT('',(0.0592144173387962,-0.110971029971532,-0.0111574304858033));
#7434=CARTESIAN_POINT('',(0.0593963701338962,-0.110972499882226,-0.011474477437151));
#7435=CARTESIAN_POINT('',(0.0597121927747806,-0.110975193987585,-0.0121092347827029));
#7436=CARTESIAN_POINT('',(0.060050095467216,-0.11097861995455,-0.0130395802723975));
#7437=CARTESIAN_POINT('',(0.0602790684117071,-0.110982096887143,-0.0141514750592856));
#7438=CARTESIAN_POINT('',(0.0603259744288141,-0.110983884590509,-0.0148739647287456));
#7439=CARTESIAN_POINT('',(0.060326002343084,-0.110984582447257,-0.0152268335151825));
#7440=CARTESIAN_POINT('',(-0.0896512533135242,-0.117336257970745,0.02072));
#7441=CARTESIAN_POINT('',(-0.0893973779961183,-0.110989375015614,0.01272));
#7442=CARTESIAN_POINT('',(-0.0897443785777986,-0.110991026914075,0.01272));
#7443=CARTESIAN_POINT('',(-0.0903957557389587,-0.110993990771267,0.0127650402560374));
#7444=CARTESIAN_POINT('',(-0.0912312961779987,-0.110997866385731,0.0129193161496778));
#7445=CARTESIAN_POINT('',(-0.091813275536661,-0.111000716795159,0.0130876848099823));
#7446=CARTESIAN_POINT('',(-0.0921519725244949,-0.111002395787607,0.0132068605160299));
#7447=CARTESIAN_POINT('',(-0.0923413993787185,-0.11100331978908,0.0132800116266082));
#7448=CARTESIAN_POINT('',(-0.0924392243529401,-0.111003789101714,0.0133188639864543));
#7449=CARTESIAN_POINT('',(-0.0926661459560808,-0.111004855953938,0.0134155000673121));
#7450=CARTESIAN_POINT('',(-0.0929157006351077,-0.11100602798618,0.0135313524108935));
#7451=CARTESIAN_POINT('',(-0.0933572393275655,-0.111008101228629,0.0137564579712906));
#7452=CARTESIAN_POINT('',(-0.0939285489917994,-0.111010819100286,0.0141087236412309));
#7453=CARTESIAN_POINT('',(-0.09443553139153,-0.111013295907176,0.0144926653001668));
#7454=CARTESIAN_POINT('',(-0.0948084328320904,-0.111015121338609,0.0148194189928944));
#7455=CARTESIAN_POINT('',(-0.0950514885557487,-0.111016297495367,0.015050550835416));
#7456=CARTESIAN_POINT('',(-0.0953446179443137,-0.111017675723813,0.0153572521684874));
#7457=CARTESIAN_POINT('',(-0.0956888674152142,-0.111019266861367,0.015758495193157));
#7458=CARTESIAN_POINT('',(-0.0962419862930869,-0.11102179407057,0.0165106504431624));
#7459=CARTESIAN_POINT('',(-0.0968355670067459,-0.111024577049537,0.0176210568447115));
#7460=CARTESIAN_POINT('',(-0.0973116402390104,-0.11102703027292,0.0191851957056512));
#7461=CARTESIAN_POINT('',(-0.0974053039997089,-0.111027589055356,0.0202109145013527));
#7462=CARTESIAN_POINT('',(-0.0974053003087093,-0.111027496780367,0.02072));
#7463=CARTESIAN_POINT('',(-0.0895959093721346,-0.115952659431647,0.02072));
#7464=CARTESIAN_POINT('',(-0.0895959093721346,-0.115952659431647,0.01272));
#7465=CARTESIAN_POINT('',(-0.0975895170419491,-0.115632915125861,0.01272));
#7466=CARTESIAN_POINT('',(-0.0975895170419491,-0.115632915125861,0.02072));
#7467=CARTESIAN_POINT('',(-0.0901219652533827,-0.116647604304471,0.01272));
#7468=CARTESIAN_POINT('',(-0.0976172478961554,-0.116326186482985,0.0132028359190299));
#7469=CARTESIAN_POINT('',(-0.0976549325595272,-0.117268303070462,0.0207199999999943));
#7470=CARTESIAN_POINT('',(-0.0911738317762157,-0.118037170076822,0.0125637937274116));
#7471=CARTESIAN_POINT('',(-0.0976863067927512,-0.118052658903603,0.0138492987423036));
#7472=CARTESIAN_POINT('',(-0.0977857330989189,-0.12053831656555,0.0201472436671788));
#7473=CARTESIAN_POINT('',(-0.0925115993776388,-0.119804424790199,0.0118965535392628));
#7474=CARTESIAN_POINT('',(-0.097797341494521,-0.120828526456568,0.0134744396180881));
#7475=CARTESIAN_POINT('',(-0.0979520856921847,-0.12469713141029,0.0177006963106277));
#7476=CARTESIAN_POINT('',(-0.0934054278605802,-0.1209852147852,0.0108979141768954));
#7477=CARTESIAN_POINT('',(-0.0978787319829551,-0.122863288673517,0.0119266235101937));
#7478=CARTESIAN_POINT('',(-0.0980632340604907,-0.12747584062669,0.0140390186486225));
#7479=CARTESIAN_POINT('',(-0.0936146802678545,-0.121261647181009,0.0101126990827835));
#7480=CARTESIAN_POINT('',(-0.0978985989250248,-0.123359962227645,0.0104501348938112));
#7481=CARTESIAN_POINT('',(-0.0980892547837956,-0.128126358711359,0.0111598966368598));
#7482=CARTESIAN_POINT('',(-0.0936146802678901,-0.121261647181027,0.00972));
#7483=CARTESIAN_POINT('',(-0.0978985989250496,-0.123359962227703,0.00972));
#7484=CARTESIAN_POINT('',(-0.0980892547837972,-0.128126358711399,0.00972000000000001));
#7485=CARTESIAN_POINT('',(-0.0900956471139826,-0.128446103017184,0.00972));
#7486=CARTESIAN_POINT('',(-0.0900956471139826,-0.128446103017184,1.86248750130722E-11));
#7487=CARTESIAN_POINT('',(-0.0900956471139826,-0.128446103017184,-0.00315656085286183));
#7488=CARTESIAN_POINT('',(-0.0936146802678901,-0.121261647181027,-0.00315656085286185));
#7489=CARTESIAN_POINT('',(-0.0978985989250496,-0.123359962227703,-0.00315656085286184));
#7490=CARTESIAN_POINT('',(-0.0980892547837972,-0.128126358711399,-0.00315656085286183));
#7491=CARTESIAN_POINT('',(-0.0943582287554827,-0.121625846201669,-0.00434564775436791));
#7492=CARTESIAN_POINT('',(-0.097920356195388,-0.123903893987569,-0.00480920126135083));
#7493=CARTESIAN_POINT('',(-0.0980892547837925,-0.128126358711282,-0.00594249045364686));
#7494=CARTESIAN_POINT('',(-0.0952088026472534,-0.121515910523005,-0.00623310369160731));
#7495=CARTESIAN_POINT('',(-0.0978982337062933,-0.123350831759237,-0.00816702377244313));
#7496=CARTESIAN_POINT('',(-0.0980104830859947,-0.126157066260136,-0.0110170601229103));
#7497=CARTESIAN_POINT('',(-0.0944237431505039,-0.119784807509135,-0.00632588211405708));
#7498=CARTESIAN_POINT('',(-0.0977678089134368,-0.120090211926424,-0.00876138917675051));
#7499=CARTESIAN_POINT('',(-0.097809039161363,-0.121120968128487,-0.0129028764442719));
#7500=CARTESIAN_POINT('',(-0.0937058214772484,-0.118700462068146,-0.00591138984274594));
#7501=CARTESIAN_POINT('',(-0.0977036901328426,-0.118487242407185,-0.00821956038723796));
#7502=CARTESIAN_POINT('',(-0.097699429147063,-0.11838071776236,-0.0128395930730215));
#7503=CARTESIAN_POINT('',(-0.0897058214772485,-0.118700462068146,-0.0128395930730215));
#7504=CARTESIAN_POINT('',(-0.0896412945788251,-0.117087289602484,-0.0128023384508468));
#7505=CARTESIAN_POINT('',(-0.0974035837354163,-0.110984582447908,-0.0126687866449688));
#7506=CARTESIAN_POINT('',(-0.0974034818275608,-0.110982034751511,-0.0117038453045153));
#7507=CARTESIAN_POINT('',(-0.0970689504288747,-0.110966388663889,-0.00930230432387776));
#7508=CARTESIAN_POINT('',(-0.0949818477098757,-0.110957047788164,-0.00664810393164636));
#7509=CARTESIAN_POINT('',(-0.093395689962282,-0.110947174169574,-0.00573233532909594));
#7510=CARTESIAN_POINT('',(-0.0841346223766169,-0.117291296969089,0.00231675312259805));
#7511=CARTESIAN_POINT('',(-0.0855406153540973,-0.117306872767154,0.00158477453379684));
#7512=CARTESIAN_POINT('',(-0.0867738972420476,-0.117910949116258,0.000792967068576287));
#7513=CARTESIAN_POINT('',(-0.083901404316267,-0.117142942910453,0.00169160265004296));
#7514=CARTESIAN_POINT('',(-0.0852637741919515,-0.117188967778214,0.00105732515976335));
#7515=CARTESIAN_POINT('',(-0.0864068873756728,-0.117731183255484,0.000245061331257313));
#7516=CARTESIAN_POINT('',(-0.0837857672847417,-0.116385546245831,0.000361988850121031));
#7517=CARTESIAN_POINT('',(-0.0847695236337066,-0.116581232545816,-4.58792652258989E-5));
#7518=CARTESIAN_POINT('',(-0.0856081988079026,-0.116813418924499,-0.000690192480361629));
#7519=CARTESIAN_POINT('',(-0.0844185437735075,-0.115039278377856,-0.000549377560452311));
#7520=CARTESIAN_POINT('',(-0.0847226996030373,-0.115110688451802,-0.00072498201049591));
#7521=CARTESIAN_POINT('',(-0.0850268554326607,-0.115182098525403,-0.000900586460615635));
#7522=CARTESIAN_POINT('',(-0.0848540477122036,-0.114364756475342,-0.000800815876691672));
#7523=CARTESIAN_POINT('',(-0.0848540477122036,-0.114364756475342,-0.000800815876691654));
#7524=CARTESIAN_POINT('',(-0.0848540477122036,-0.114364756475342,-0.000800815876691637));
#7525=CARTESIAN_POINT('',(-0.0832548640881399,-0.125095404952416,0.000792967068576256));
#7526=CARTESIAN_POINT('',(-0.0838047719850613,-0.117364756475342,0.00326908536196586));
#7527=CARTESIAN_POINT('',(-0.0856587906957102,-0.117364756475342,0.00326908536196586));
#7528=CARTESIAN_POINT('',(-0.0873238051389687,-0.118180300639184,0.00326908536196587));
#7529=CARTESIAN_POINT('',(-0.0841026067009796,-0.117364756475342,0.00283919797818127));
#7530=CARTESIAN_POINT('',(-0.0857991045168734,-0.117433483877927,0.00259801387417581));
#7531=CARTESIAN_POINT('',(-0.0873238051386549,-0.11818030063903,0.00232333311741917));
#7532=CARTESIAN_POINT('',(-0.0842104253604156,-0.117339516562361,0.00251994608968339));
#7533=CARTESIAN_POINT('',(-0.0857549493515119,-0.117411856145199,0.00202588388718602));
#7534=CARTESIAN_POINT('',(-0.0871348625767848,-0.118087754292505,0.00149007571587926));
#7535=CARTESIAN_POINT('',(-0.0841346223766169,-0.117291296969089,0.00231675312259796));
#7536=CARTESIAN_POINT('',(-0.0855406153540972,-0.117306872767153,0.00158477453379669));
#7537=CARTESIAN_POINT('',(-0.0867738972420474,-0.117910949116258,0.000792967068576066));
#7538=CARTESIAN_POINT('',(-0.0838047719850612,-0.125364756475342,0.00326908536196586));
#7539=CARTESIAN_POINT('',(-0.0838047719850612,-0.125364756475342,0.00069049999999997));
#7540=CARTESIAN_POINT('',(-0.0838047719850612,-0.125364756475342,0.00972));
#7541=CARTESIAN_POINT('',(-0.0873238051389685,-0.118180300639184,0.00972));
#7542=CARTESIAN_POINT('',(-0.08565879069571,-0.117364756475342,0.00972));
#7543=CARTESIAN_POINT('',(-0.083804771985061,-0.117364756475342,0.00972));
#7544=CARTESIAN_POINT('',(-0.0873238051389525,-0.118180300639176,0.0101126990827797));
#7545=CARTESIAN_POINT('',(-0.08565879069573,-0.117364756475333,0.0100564549947489));
#7546=CARTESIAN_POINT('',(-0.083804771985061,-0.117364756475342,0.0101126990827797));
#7547=CARTESIAN_POINT('',(-0.0872733110746604,-0.117981629995281,0.010897914176897));
#7548=CARTESIAN_POINT('',(-0.0856831246014072,-0.117259756863135,0.0107286533547168));
#7549=CARTESIAN_POINT('',(-0.0839375096047711,-0.117208550202755,0.0108979141768971));
#7550=CARTESIAN_POINT('',(-0.0870576240320149,-0.117133001860003,0.0118965535392623));
#7551=CARTESIAN_POINT('',(-0.0858096244170515,-0.116713916349624,0.0117245105131489));
#7552=CARTESIAN_POINT('',(-0.084504502676722,-0.116541310014597,0.0118965535392623));
#7553=CARTESIAN_POINT('',(-0.0867348113859301,-0.115862884329773,0.0125637937274117));
#7554=CARTESIAN_POINT('',(-0.086043537779319,-0.115704591639263,0.0125152734140408));
#7555=CARTESIAN_POINT('',(-0.0853531050389016,-0.115542670652265,0.0125637937274117));
#7556=CARTESIAN_POINT('',(-0.086480988662844,-0.114864210039732,0.01272));
#7557=CARTESIAN_POINT('',(-0.0862506684808673,-0.114810832799104,0.0127200000000054));
#7558=CARTESIAN_POINT('',(-0.0860203482989972,-0.114757455558064,0.01272));
#7559=CARTESIAN_POINT('',(-0.0863540477122034,-0.114364756475342,0.01272));
#7560=CARTESIAN_POINT('',(-0.0863540477122034,-0.114364756475342,0.01272));
#7561=CARTESIAN_POINT('',(-0.0863540477122034,-0.114364756475342,0.01272));
#7562=CARTESIAN_POINT('',(-0.080672571511346,-0.125015886428371,-0.0380912382319005));
#7563=CARTESIAN_POINT('',(-0.0809009267104982,-0.12521673130362,-0.0381039584073527));
#7564=CARTESIAN_POINT('',(-0.0811189432086715,-0.125414206319734,-0.0380257344449622));
#7565=CARTESIAN_POINT('',(-0.0764260409883427,-0.129824787912515,-0.0383958019930367));
#7566=CARTESIAN_POINT('',(-0.0766570406930637,-0.130031287924675,-0.0384088803270319));
#7567=CARTESIAN_POINT('',(-0.0768807356649432,-0.130230028851122,-0.038327398942608));
#7568=CARTESIAN_POINT('',(-0.0721840234617118,-0.134637655201991,-0.0387006169218444));
#7569=CARTESIAN_POINT('',(-0.0724179876275042,-0.134844338699886,-0.0387137068766645));
#7570=CARTESIAN_POINT('',(-0.0726420364499087,-0.135045799270014,-0.0386309768968028));
#7571=CARTESIAN_POINT('',(-0.0679424115446556,-0.139450877654913,-0.039005454344337));
#7572=CARTESIAN_POINT('',(-0.068178492641967,-0.139658090986134,-0.0390185778553347));
#7573=CARTESIAN_POINT('',(-0.068403187518509,-0.139861407326184,-0.0389348010446493));
#7574=CARTESIAN_POINT('',(-0.0806725715113459,-0.125142299819879,-0.036095237316458));
#7575=CARTESIAN_POINT('',(-0.0883284272583425,-0.119688649264745,-0.0355823953655656));
#7576=CARTESIAN_POINT('',(-0.0890415727803308,-0.120530060087626,-0.0364787813480027));
#7577=CARTESIAN_POINT('',(-0.0892761200482666,-0.121785418793442,-0.0358549876026517));
#7578=CARTESIAN_POINT('',(-0.0876834839601653,-0.120030034015192,-0.0359460851311322));
#7579=CARTESIAN_POINT('',(-0.0883334082766049,-0.120855074314055,-0.0367161473166849));
#7580=CARTESIAN_POINT('',(-0.0885745289150374,-0.122013147156975,-0.0361714754720944));
#7581=CARTESIAN_POINT('',(-0.0863800756518147,-0.120742860289698,-0.0365722009958425));
#7582=CARTESIAN_POINT('',(-0.0869234055255707,-0.121504051590316,-0.0371208588301882));
#7583=CARTESIAN_POINT('',(-0.0871619427792312,-0.122482785224167,-0.0367184945101832));
#7584=CARTESIAN_POINT('',(-0.0844032097918175,-0.121901949588436,-0.0372839442033833));
#7585=CARTESIAN_POINT('',(-0.0847980444187485,-0.122523867018709,-0.0375841727831686));
#7586=CARTESIAN_POINT('',(-0.0850365686744463,-0.123242482434839,-0.0373395964268122));
#7587=CARTESIAN_POINT('',(-0.0827545636080709,-0.122981165955508,-0.0377223916724381));
#7588=CARTESIAN_POINT('',(-0.0830488390708919,-0.123453098887402,-0.0378712399832861));
#7589=CARTESIAN_POINT('',(-0.0832793146307167,-0.123959561318552,-0.0377188959509836));
#7590=CARTESIAN_POINT('',(-0.0815032724821479,-0.124007092619234,-0.0379778615084915));
#7591=CARTESIAN_POINT('',(-0.0817473639726155,-0.124335644572568,-0.0380366412701067));
#7592=CARTESIAN_POINT('',(-0.0819653251762159,-0.12467228755026,-0.0379351008256116));
#7593=CARTESIAN_POINT('',(-0.0809211202937108,-0.124640600802862,-0.038067470142248));
#7594=CARTESIAN_POINT('',(-0.0811508798462584,-0.124886638549275,-0.038092553271391));
#7595=CARTESIAN_POINT('',(-0.0813670048523,-0.12513233701704,-0.0380080780595202));
#7596=CARTESIAN_POINT('',(-0.080672571511346,-0.125015886428371,-0.0380912382319005));
#7597=CARTESIAN_POINT('',(-0.0809009267104982,-0.12521673130362,-0.0381039584073527));
#7598=CARTESIAN_POINT('',(-0.0811189432086715,-0.125414206319734,-0.0380257344449622));
#7599=CARTESIAN_POINT('',(-0.0883284272583425,-0.12114687194716,-0.0342136051667068));
#7600=CARTESIAN_POINT('',(-0.0890203933144314,-0.119403789825085,-0.0352789240983412));
#7601=CARTESIAN_POINT('',(-0.0897951402066768,-0.120254280367012,-0.0361849830403546));
#7602=CARTESIAN_POINT('',(-0.0900290946470172,-0.121528982942114,-0.0355031411376925));
#7603=CARTESIAN_POINT('',(-0.0887919516580252,-0.119501261726261,-0.0353827645096116));
#7604=CARTESIAN_POINT('',(-0.0895467326061596,-0.120348841685566,-0.0362857227005588));
#7605=CARTESIAN_POINT('',(-0.089780398737519,-0.121617719463595,-0.0356234640429647));
#7606=CARTESIAN_POINT('',(-0.0885612877038706,-0.119596205085321,-0.0354839111717095));
#7607=CARTESIAN_POINT('',(-0.0892955952759574,-0.120440764160526,-0.0363836511033489));
#7608=CARTESIAN_POINT('',(-0.089529433517,-0.121703196173003,-0.0357407178573278));
#7609=CARTESIAN_POINT('',(-0.0883284272583425,-0.119688649264745,-0.0355823953655657));
#7610=CARTESIAN_POINT('',(-0.0890415727803308,-0.120530060087626,-0.0364787813480028));
#7611=CARTESIAN_POINT('',(-0.0892761200482666,-0.121785418793442,-0.0358549876026517));
#7612=CARTESIAN_POINT('',(-0.0890203933144314,-0.1208620125075,-0.0339101338994823));
#7613=CARTESIAN_POINT('',(-0.0900290946470172,-0.121528982942114,-0.0355031411376924));
#7614=CARTESIAN_POINT('',(-0.0897951402066768,-0.120254280367012,-0.0361849830403546));
#7615=CARTESIAN_POINT('',(-0.0890203933144314,-0.119403789825085,-0.0352789240983411));
#7616=CARTESIAN_POINT('',(-0.0910252878032921,-0.121173533912797,-0.0350211675770807));
#7617=CARTESIAN_POINT('',(-0.0905302508437672,-0.119937864011453,-0.035921974287279));
#7618=CARTESIAN_POINT('',(-0.0895429268997254,-0.119126436205737,-0.0349834490583233));
#7619=CARTESIAN_POINT('',(-0.0927266905730458,-0.119756205793008,-0.0343629812857405));
#7620=CARTESIAN_POINT('',(-0.0917237353113861,-0.118654648007255,-0.035752532323547));
#7621=CARTESIAN_POINT('',(-0.0903921666828409,-0.118090852101561,-0.034471135170798));
#7622=CARTESIAN_POINT('',(-0.0936551371190017,-0.117745146907963,-0.0345846571226015));
#7623=CARTESIAN_POINT('',(-0.0920075925612658,-0.117456823529397,-0.0362207234255374));
#7624=CARTESIAN_POINT('',(-0.0908071366482022,-0.116691725021047,-0.0344268396308054));
#7625=CARTESIAN_POINT('',(-0.0938245908741611,-0.116740450782809,-0.0349583069432574));
#7626=CARTESIAN_POINT('',(-0.0919839596629955,-0.116893863840188,-0.0364651568839437));
#7627=CARTESIAN_POINT('',(-0.0908769069366688,-0.116010805172846,-0.0345476853152884));
#7628=CARTESIAN_POINT('',(-0.0926089577442377,-0.116010805172846,-0.0335476853152884));
#7629=CARTESIAN_POINT('',(-0.0938245908741611,-0.116740450782809,-0.0349583069432573));
#7630=CARTESIAN_POINT('',(-0.0919839596629954,-0.116893863840189,-0.0364651568839437));
#7631=CARTESIAN_POINT('',(-0.0908769069366688,-0.116010805172846,-0.0345476853152883));
#7632=CARTESIAN_POINT('',(-0.0938984597982637,-0.116302479813547,-0.0351211898021664));
#7633=CARTESIAN_POINT('',(-0.0920612845266476,-0.11644846151475,-0.0365990874766041));
#7634=CARTESIAN_POINT('',(-0.0909638181464687,-0.115574977768887,-0.034698219946409));
#7635=CARTESIAN_POINT('',(-0.0940051887877208,-0.115643907255688,-0.0353669057665799));
#7636=CARTESIAN_POINT('',(-0.0921745529247941,-0.115776867275634,-0.036795274096931));
#7637=CARTESIAN_POINT('',(-0.0910933400400597,-0.11492059452307,-0.0349225584468012));
#7638=CARTESIAN_POINT('',(-0.0941323021145956,-0.114758694273319,-0.0356995013896956));
#7639=CARTESIAN_POINT('',(-0.0923171816078301,-0.114860247379492,-0.0370423142225992));
#7640=CARTESIAN_POINT('',(-0.0912630386716243,-0.114045805636865,-0.0352164850986456));
#7641=CARTESIAN_POINT('',(-0.0942166412549101,-0.114089170720001,-0.0359524639568823));
#7642=CARTESIAN_POINT('',(-0.0924170492304836,-0.114166175986956,-0.0372152900190596));
#7643=CARTESIAN_POINT('',(-0.091388222070069,-0.113388125135342,-0.035433309105016));
#7644=CARTESIAN_POINT('',(-0.0942843609257538,-0.113410384737699,-0.0362106030121228));
#7645=CARTESIAN_POINT('',(-0.0925073318497075,-0.113458106789119,-0.0373716641025974));
#7646=CARTESIAN_POINT('',(-0.0915103864930878,-0.112728150212927,-0.035644904092562));
#7647=CARTESIAN_POINT('',(-0.0943178998429807,-0.112830672773901,-0.0364326453472815));
#7648=CARTESIAN_POINT('',(-0.0925704306311493,-0.112846785896342,-0.0374809543979502));
#7649=CARTESIAN_POINT('',(-0.0916083567631959,-0.112175257715502,-0.0358145935780207));
#7650=CARTESIAN_POINT('',(-0.0943178864703837,-0.112348565481994,-0.0366180836345219));
#7651=CARTESIAN_POINT('',(-0.092607506673584,-0.112333745136411,-0.0375451719871904));
#7652=CARTESIAN_POINT('',(-0.0916826976010167,-0.111729876830659,-0.0359433556862033));
#7653=CARTESIAN_POINT('',(-0.0942930941573707,-0.111968409769179,-0.0367641295148376));
#7654=CARTESIAN_POINT('',(-0.0926235332104554,-0.111930648321029,-0.0375729307633219));
#7655=CARTESIAN_POINT('',(-0.0917354844269458,-0.111393584877602,-0.0360347851506832));
#7656=CARTESIAN_POINT('',(-0.0942444954551552,-0.111630289618402,-0.0368933413454934));
#7657=CARTESIAN_POINT('',(-0.092624511967401,-0.111572688516352,-0.0375746260200782));
#7658=CARTESIAN_POINT('',(-0.0917757813564058,-0.111110535593884,-0.0361045814798966));
#7659=CARTESIAN_POINT('',(-0.0941473111100701,-0.111307929085614,-0.0370089879287013));
#7660=CARTESIAN_POINT('',(-0.0926010932331969,-0.111237987271183,-0.0375340635825902));
#7661=CARTESIAN_POINT('',(-0.0918036723461825,-0.110880792786656,-0.036152890091263));
#7662=CARTESIAN_POINT('',(-0.0940759012659943,-0.111127077619744,-0.0370722051410716));
#7663=CARTESIAN_POINT('',(-0.0925806480618382,-0.111055157235585,-0.0374986515070227));
#7664=CARTESIAN_POINT('',(-0.0918154322570652,-0.110764260339505,-0.0361732588544046));
#7665=CARTESIAN_POINT('',(-0.0939863232468685,-0.110984447916333,-0.0371129862772023));
#7666=CARTESIAN_POINT('',(-0.0925497945407676,-0.110920774040221,-0.0374452116409394));
#7667=CARTESIAN_POINT('',(-0.0918198244423431,-0.110704863410825,-0.0361808663424621));
#7668=CARTESIAN_POINT('',(-0.0926798901878619,-0.110870006676169,-0.0369729952201837));
#7669=CARTESIAN_POINT('',(-0.0923132859885948,-0.11088057011002,-0.0367943496722886));
#7670=CARTESIAN_POINT('',(-0.0920029244097975,-0.110903776241024,-0.0364998345754643));
#7671=CARTESIAN_POINT('',(-0.0917954680014362,-0.110947174169573,-0.03613867974932));
#7672=CARTESIAN_POINT('',(-0.0926798207162911,-0.110869928580955,-0.036973148234341));
#7673=CARTESIAN_POINT('',(-0.093551875249912,-0.110704863410825,-0.0351808663424622));
#7674=CARTESIAN_POINT('',(-0.0935518752499119,-0.110704863410825,-0.0351808663424622));
#7675=CARTESIAN_POINT('',(-0.0935518752499119,-0.110869927775202,-0.0351808663424622));
#7676=CARTESIAN_POINT('',(-0.0938650297566462,-0.110869927775202,-0.037149289063964));
#7677=CARTESIAN_POINT('',(-0.0935518752499119,-0.110704863410825,-0.0351808663424622));
#7678=CARTESIAN_POINT('',(-0.093986323246868,-0.110984447916332,-0.0371129862772025));
#7679=CARTESIAN_POINT('',(-0.0939259937972941,-0.110927247638426,-0.0371348287721632));
#7680=CARTESIAN_POINT('',(-0.0938642847881689,-0.110869227320221,-0.0371494660442029));
#7681=CARTESIAN_POINT('',(-0.0940572425602776,-0.110922553194814,-0.0371059960545438));
#7682=CARTESIAN_POINT('',(-0.0939959815448233,-0.110864417101654,-0.0371286445384891));
#7683=CARTESIAN_POINT('',(-0.0939332656208043,-0.110805414447216,-0.0371438469552945));
#7684=CARTESIAN_POINT('',(-0.0941298110243655,-0.110862088849976,-0.0370983595871175));
#7685=CARTESIAN_POINT('',(-0.0940674072692382,-0.110802833649084,-0.0371220094223068));
#7686=CARTESIAN_POINT('',(-0.094003455863221,-0.110742650183877,-0.0371379149609277));
#7687=CARTESIAN_POINT('',(-0.0942046056436821,-0.110803442967738,-0.0370896999501796));
#7688=CARTESIAN_POINT('',(-0.0941407610525821,-0.110742847484164,-0.0371146565896601));
#7689=CARTESIAN_POINT('',(-0.0940752546683815,-0.11068123090594,-0.0371314818448824));
#7690=CARTESIAN_POINT('',(-0.0942032675840974,-0.110804492507616,-0.0370898547866141));
#7691=CARTESIAN_POINT('',(-0.0940914154633833,-0.11082613258894,-0.0371132778649392));
#7692=CARTESIAN_POINT('',(-0.0939786324573522,-0.110847965928085,-0.037133055024638));
#7693=CARTESIAN_POINT('',(-0.0938650297566461,-0.110869927775202,-0.037149289063964));
#7694=CARTESIAN_POINT('',(0.0374680218501455,-0.13288296947684,-0.0384949388584479));
#7695=CARTESIAN_POINT('',(0.03724565876887,-0.132681719219818,-0.0385767409755583));
#7696=CARTESIAN_POINT('',(0.0370122852517709,-0.132476763372364,-0.0385637604385437));
#7697=CARTESIAN_POINT('',(0.0354337561820241,-0.135194209607565,-0.0386404474594883));
#7698=CARTESIAN_POINT('',(0.035210194050165,-0.134992360105536,-0.038723081565173));
#7699=CARTESIAN_POINT('',(0.0349759194609141,-0.134786213199225,-0.0387100255943498));
#7700=CARTESIAN_POINT('',(0.0333994225242199,-0.137505416074124,-0.038786159362027));
#7701=CARTESIAN_POINT('',(0.0331752083594311,-0.13730282401309,-0.0388694109461455));
#7702=CARTESIAN_POINT('',(0.0329400018595067,-0.137096056522327,-0.0388563156715846));
#7703=CARTESIAN_POINT('',(0.0313650500016896,-0.139816596484852,-0.0389319738726829));
#7704=CARTESIAN_POINT('',(0.0311403670249192,-0.13961329076005,-0.0390157405067548));
#7705=CARTESIAN_POINT('',(0.0309042997731277,-0.13940608904151,-0.0390026177312378));
#7706=CARTESIAN_POINT('',(0.0370122852517719,-0.132603176763766,-0.0365677595230944));
#7707=CARTESIAN_POINT('',(0.034083015926644,-0.12860759382124,-0.0379548103471466));
#7708=CARTESIAN_POINT('',(0.0339897304730917,-0.129092388157665,-0.0383494166747922));
#7709=CARTESIAN_POINT('',(0.0338757470524326,-0.129712795893224,-0.0383887091647392));
#7710=CARTESIAN_POINT('',(0.0345234860702009,-0.128743780650763,-0.0380037406023949));
#7711=CARTESIAN_POINT('',(0.0344198683734765,-0.12920994293116,-0.0383568618104536));
#7712=CARTESIAN_POINT('',(0.0343013465806806,-0.12979067609824,-0.0383936415777271));
#7713=CARTESIAN_POINT('',(0.0351790846982836,-0.128977250780918,-0.0380784506278128));
#7714=CARTESIAN_POINT('',(0.0350618757404563,-0.129409226231661,-0.0383694830861594));
#7715=CARTESIAN_POINT('',(0.0349348165385833,-0.129927127407186,-0.0384022834939665));
#7716=CARTESIAN_POINT('',(0.0360450454586021,-0.129394343444682,-0.0381817277980313));
#7717=CARTESIAN_POINT('',(0.035909722861481,-0.129761711358908,-0.0383918071442348));
#7718=CARTESIAN_POINT('',(0.0357637182572496,-0.130180568041962,-0.0384183347341805));
#7719=CARTESIAN_POINT('',(0.0366625796298815,-0.129777026993749,-0.0382626172895556));
#7720=CARTESIAN_POINT('',(0.0365161872218343,-0.130081913273767,-0.0384120865988569));
#7721=CARTESIAN_POINT('',(0.0363622030841201,-0.130417542677337,-0.038433343127765));
#7722=CARTESIAN_POINT('',(0.0372910497377815,-0.130279823709976,-0.0383403063263042));
#7723=CARTESIAN_POINT('',(0.0371123650538187,-0.130500711298614,-0.0384386104737832));
#7724=CARTESIAN_POINT('',(0.0369277924281534,-0.130738054785631,-0.0384536422279715));
#7725=CARTESIAN_POINT('',(0.037816590982264,-0.131056507322941,-0.0384278576697489));
#7726=CARTESIAN_POINT('',(0.037605537374165,-0.131147112090518,-0.0384795491906323));
#7727=CARTESIAN_POINT('',(0.0373898278728532,-0.131243555479295,-0.0384856572719266));
#7728=CARTESIAN_POINT('',(0.0378771845047704,-0.132097442189068,-0.0384871889710367));
#7729=CARTESIAN_POINT('',(0.0376472790476833,-0.132018477269008,-0.0385347356519795));
#7730=CARTESIAN_POINT('',(0.0374114724409597,-0.13193962451227,-0.0385297416440466));
#7731=CARTESIAN_POINT('',(0.0376186724683277,-0.13264270976739,-0.0384941947220318));
#7732=CARTESIAN_POINT('',(0.0373925743009059,-0.132478358956608,-0.038563861492207));
#7733=CARTESIAN_POINT('',(0.0371576063075304,-0.132311954283438,-0.0385533225295708));
#7734=CARTESIAN_POINT('',(0.0374680218501414,-0.132882969476838,-0.0384949388584492));
#7735=CARTESIAN_POINT('',(0.0372456587688683,-0.132681719219816,-0.0385767409755583));
#7736=CARTESIAN_POINT('',(0.0370122852517719,-0.132476763372363,-0.0385637604385436));
#7737=CARTESIAN_POINT('',(0.034083015926644,-0.12860759382124,-0.0379548103471465));
#7738=CARTESIAN_POINT('',(0.0340227799199393,-0.128920633783928,-0.0382096143759918));
#7739=CARTESIAN_POINT('',(0.0339493480891387,-0.12931218804821,-0.0383633373345367));
#7740=CARTESIAN_POINT('',(0.0338757470524326,-0.129712795893224,-0.0383887091647392));
#7741=CARTESIAN_POINT('',(0.0301810627958426,-0.12673717935803,-0.0371448012923504));
#7742=CARTESIAN_POINT('',(0.0299272239872984,-0.127175471757814,-0.0382280119693812));
#7743=CARTESIAN_POINT('',(0.0293909400535811,-0.128242109361361,-0.038295565684321));
#7744=CARTESIAN_POINT('',(0.0313737845645994,-0.127478716770609,-0.0374610507182191));
#7745=CARTESIAN_POINT('',(0.0310915662671189,-0.12797967317584,-0.0382789447258658));
#7746=CARTESIAN_POINT('',(0.0308128434852572,-0.128954157700686,-0.0383406620791772));
#7747=CARTESIAN_POINT('',(0.0326572968426494,-0.128089005253517,-0.037735109912628));
#7748=CARTESIAN_POINT('',(0.0324694441130042,-0.128628348031163,-0.0383200274666751));
#7749=CARTESIAN_POINT('',(0.0323135277932945,-0.129426926313131,-0.0383706040913203));
#7750=CARTESIAN_POINT('',(0.0340830159266447,-0.12860759382124,-0.0379548103471466));
#7751=CARTESIAN_POINT('',(0.0339897304730923,-0.129092388157666,-0.0383494166747923));
#7752=CARTESIAN_POINT('',(0.0338757470524331,-0.129712795893225,-0.0383887091647392));
#7753=CARTESIAN_POINT('',(0.0293909400535811,-0.128368522752763,-0.0362995647688718));
#7754=CARTESIAN_POINT('',(0.0293909400535812,-0.128242109361361,-0.038295565684321));
#7755=CARTESIAN_POINT('',(0.0299272239872996,-0.127175471757817,-0.0382280119693814));
#7756=CARTESIAN_POINT('',(0.0301810627958451,-0.126737179358033,-0.0371448012923531));
#7757=CARTESIAN_POINT('',(0.0278510366782554,-0.127470970041897,-0.0382467268607199));
#7758=CARTESIAN_POINT('',(0.0285911087979194,-0.126498447324918,-0.0381851337552738));
#7759=CARTESIAN_POINT('',(0.0289420133211656,-0.126111755226287,-0.0370959624687253));
#7760=CARTESIAN_POINT('',(0.0252242973493354,-0.125030776737441,-0.0380921812846601));
#7761=CARTESIAN_POINT('',(0.0263224980134052,-0.124350241090947,-0.0380490806936676));
#7762=CARTESIAN_POINT('',(0.0268367534391763,-0.124134532021545,-0.0369414168926777));
#7763=CARTESIAN_POINT('',(0.0243209604754767,-0.121560388264493,-0.037872390014549));
#7764=CARTESIAN_POINT('',(0.0255863568538827,-0.121351398335362,-0.0378591539857219));
#7765=CARTESIAN_POINT('',(0.0261335760495313,-0.121343389696085,-0.0367216256226371));
#7766=CARTESIAN_POINT('',(0.0243718173230281,-0.119838343083939,-0.0377633271530356));
#7767=CARTESIAN_POINT('',(0.0256467151409668,-0.119875843989339,-0.0377657022103793));
#7768=CARTESIAN_POINT('',(0.0261844328971014,-0.119964756475342,-0.0366125627610678));
#7769=CARTESIAN_POINT('',(0.0243718173230281,-0.119964756475342,-0.0357673262375864));
#7770=CARTESIAN_POINT('',(0.0242358761854486,-0.124567809792897,-0.0360588529479074));
#7771=CARTESIAN_POINT('',(0.0264463284299248,-0.11109680728291,-0.0360509259784775));
#7772=CARTESIAN_POINT('',(0.0262348985360684,-0.111114160307485,-0.036504338849055));
#7773=CARTESIAN_POINT('',(0.0255386245770765,-0.111138924805125,-0.0371160789561181));
#7774=CARTESIAN_POINT('',(0.024887401421638,-0.111156483602777,-0.0372134760521675));
#7775=CARTESIAN_POINT('',(0.0246281128402595,-0.111160013978612,-0.0372136996426371));
#7776=CARTESIAN_POINT('',(0.0613893847164735,-0.13991031054353,-0.00882145907368466));
#7777=CARTESIAN_POINT('',(0.0614752069154111,-0.13971469676605,-0.0085974432687512));
#7778=CARTESIAN_POINT('',(0.0614671552550948,-0.139513405258068,-0.00836243224728401));
#7779=CARTESIAN_POINT('',(0.0612231643115921,-0.135729567259497,-0.0124038532209291));
#7780=CARTESIAN_POINT('',(0.0613080375893518,-0.135535463612733,-0.0121805156313288));
#7781=CARTESIAN_POINT('',(0.0613000076498282,-0.135334715124857,-0.0119472881776425));
#7782=CARTESIAN_POINT('',(0.0608916990649712,-0.127370260385684,-0.0195700897292286));
#7783=CARTESIAN_POINT('',(0.0609738252328172,-0.127180154693696,-0.0193494481555364));
#7784=CARTESIAN_POINT('',(0.0609658682971475,-0.126981231304754,-0.0191214866452696));
#7785=CARTESIAN_POINT('',(0.0605630143755732,-0.119000776482038,-0.0267277388427933));
#7786=CARTESIAN_POINT('',(0.060639439553451,-0.118820512715364,-0.0265098313679223));
#7787=CARTESIAN_POINT('',(0.0606316042491485,-0.118624630101694,-0.0262922876620149));
#7788=CARTESIAN_POINT('',(0.0604065197546843,-0.114827625022891,-0.0303128813095224));
#7789=CARTESIAN_POINT('',(0.0604727064356104,-0.114652184761773,-0.0301145171790625));
#7790=CARTESIAN_POINT('',(0.0604655438068315,-0.114473119042233,-0.0299086228978385));
#7791=CARTESIAN_POINT('',(0.031247978864532,-0.139946017860845,0.0389273304358462));
#7792=CARTESIAN_POINT('',(0.0310240653335017,-0.139745182315727,0.0390152170328558));
#7793=CARTESIAN_POINT('',(0.0307888813911085,-0.139538261445003,0.039006940198037));
#7794=CARTESIAN_POINT('',(0.0333956612997559,-0.137506110613954,0.0388303192208379));
#7795=CARTESIAN_POINT('',(0.0331722315222721,-0.13730602062911,0.0389176505656245));
#7796=CARTESIAN_POINT('',(0.0329379576489767,-0.137099547400616,0.038909391636382));
#7797=CARTESIAN_POINT('',(0.0366171194996411,-0.133846207812766,0.0386849690524751));
#7798=CARTESIAN_POINT('',(0.0363945535287433,-0.133647459650213,0.0387713081265109));
#7799=CARTESIAN_POINT('',(0.0361619181670358,-0.133441780576311,0.0387630809635904));
#7800=CARTESIAN_POINT('',(0.0409121492946793,-0.1289662289227,0.0384918745001121));
#7801=CARTESIAN_POINT('',(0.040692169898803,-0.128769285918964,0.0385761811775322));
#7802=CARTESIAN_POINT('',(0.0404620776151761,-0.128566119413037,0.0385680545173004));
#7803=CARTESIAN_POINT('',(0.0441332570491877,-0.12530620094033,0.0383475917532221));
#7804=CARTESIAN_POINT('',(0.043915613482151,-0.125111437394778,0.0384298672367392));
#7805=CARTESIAN_POINT('',(0.0436884282166342,-0.124910457369276,0.0384218280357304));
#7806=CARTESIAN_POINT('',(0.0473541297979783,-0.121646190980588,0.0382041982782335));
#7807=CARTESIAN_POINT('',(0.0471398976892058,-0.121454514749893,0.0382835903311263));
#7808=CARTESIAN_POINT('',(0.046916895079937,-0.121256661667221,0.0382756762078287));
#7809=CARTESIAN_POINT('',(0.0500380910079699,-0.118596479691964,0.0380858998104937));
#7810=CARTESIAN_POINT('',(0.0498283300189659,-0.118408507283927,0.0381617500326371));
#7811=CARTESIAN_POINT('',(0.0496104976619658,-0.118214665403465,0.0381539963574286));
#7812=CARTESIAN_POINT('',(0.0521854562775104,-0.116157704321455,0.0379928089975894));
#7813=CARTESIAN_POINT('',(0.0519816815472184,-0.115973802591169,0.0380643618450482));
#7814=CARTESIAN_POINT('',(0.0517699788406202,-0.115785151561827,0.0380568158038832));
#7815=CARTESIAN_POINT('',(0.0537977215619594,-0.114330918555809,0.0379236076586473));
#7816=CARTESIAN_POINT('',(0.0535990834099982,-0.114151189242715,0.037991457311197));
#7817=CARTESIAN_POINT('',(0.0533935988133166,-0.113966569343327,0.0379840725152329));
#7818=CARTESIAN_POINT('',(0.0551430193762836,-0.112811934384734,0.0378676708035454));
#7819=CARTESIAN_POINT('',(0.0549514613213086,-0.112635949533709,0.037930847722921));
#7820=CARTESIAN_POINT('',(0.0547528329969343,-0.112456647180207,0.0379236756287828));
#7821=CARTESIAN_POINT('',(0.056238149838698,-0.111615808621381,0.0378183375565021));
#7822=CARTESIAN_POINT('',(0.0560466546091933,-0.111437765218032,0.0378829203503338));
#7823=CARTESIAN_POINT('',(0.0558481479771898,-0.111255862988703,0.0378756442611819));
#7824=CARTESIAN_POINT('',(0.0568088945799088,-0.111041586172984,0.0377888785787593));
#7825=CARTESIAN_POINT('',(0.0566093137922402,-0.110851970499257,0.0378594885616509));
#7826=CARTESIAN_POINT('',(0.0564002875960506,-0.110659596008533,0.0378517935820045));
#7827=CARTESIAN_POINT('',(0.057131342720126,-0.110785769866428,0.0377582960562945));
#7828=CARTESIAN_POINT('',(0.0569095450754108,-0.110576910251214,0.0378484861517158));
#7829=CARTESIAN_POINT('',(0.056676262247692,-0.110361374683979,0.0378398647290371));
#7830=CARTESIAN_POINT('',(0.0569516624277926,-0.110934953069874,0.0377738639492792));
#7831=CARTESIAN_POINT('',(0.0566246021886455,-0.11100171043493,0.0378359767322445));
#7832=CARTESIAN_POINT('',(0.0562936958248883,-0.111069143359884,0.0378680251258275));
#7833=CARTESIAN_POINT('',(0.0559596992115843,-0.11113677532126,0.03787088075449));
#7834=CARTESIAN_POINT('',(0.0141576090996985,-0.139538749617378,0.039006959724932));
#7835=CARTESIAN_POINT('',(0.0139221367806687,-0.139755332720653,0.0390156230490515));
#7836=CARTESIAN_POINT('',(0.0136984231187109,-0.139965092143544,0.0389240605631166));
#7837=CARTESIAN_POINT('',(0.00935922194984946,-0.134330201523614,0.0387986178014387));
#7838=CARTESIAN_POINT('',(0.00912613832405209,-0.134546390467879,0.0388072653588768));
#7839=CARTESIAN_POINT('',(0.00890289159322099,-0.134754059568568,0.0387168525537981));
#7840=CARTESIAN_POINT('',(0.0045605849891023,-0.129121880049654,0.0385902849427375));
#7841=CARTESIAN_POINT('',(0.00433079375442116,-0.129338146218123,0.0385989355895153));
#7842=CARTESIAN_POINT('',(0.00410747687922586,-0.129542717958894,0.038509862838892));
#7843=CARTESIAN_POINT('',(-0.00264820589094533,-0.121315514056574,0.0382780303033999));
#7844=CARTESIAN_POINT('',(-0.00287218871475933,-0.121523430291122,0.0382863469527466));
#7845=CARTESIAN_POINT('',(-0.00308711981872508,-0.121724232293732,0.0382029845199582));
#7846=CARTESIAN_POINT('',(-0.00505313678420678,-0.118712627832508,0.0381739148545657));
#7847=CARTESIAN_POINT('',(-0.00527294045475712,-0.118918534959226,0.0381821511396435));
#7848=CARTESIAN_POINT('',(-0.00548581783971321,-0.119115836054496,0.0381012724089038));
#7849=CARTESIAN_POINT('',(-0.00867377122350796,-0.114820675368478,0.0380182367561968));
#7850=CARTESIAN_POINT('',(-0.00888467692496393,-0.115017849697799,0.0380261237293503));
#7851=CARTESIAN_POINT('',(-0.00908767323280666,-0.115209479348749,0.0379520233840399));
#7852=CARTESIAN_POINT('',(-0.00988237156532807,-0.113524967500052,0.0379664084415237));
#7853=CARTESIAN_POINT('',(-0.0100869581662964,-0.113715955157069,0.0379740479477568));
#7854=CARTESIAN_POINT('',(-0.0102834408704439,-0.113902927553525,0.0379045869930281));
#7855=CARTESIAN_POINT('',(-0.0114057173818271,-0.111917104723861,0.0379020939305555));
#7856=CARTESIAN_POINT('',(-0.0116100782725198,-0.112110971577939,0.0379098486047185));
#7857=CARTESIAN_POINT('',(-0.0118064682199793,-0.112300418840375,0.0378395023615051));
#7858=CARTESIAN_POINT('',(-0.0117111259052682,-0.111596223198545,0.0378892586695587));
#7859=CARTESIAN_POINT('',(-0.0119160027529934,-0.111790993737359,0.0378970494911013));
#7860=CARTESIAN_POINT('',(-0.0121125550207025,-0.111981586583588,0.0378262542160983));
#7861=CARTESIAN_POINT('',(-0.0123237979529982,-0.110956193891891,0.0378636574973241));
#7862=CARTESIAN_POINT('',(-0.0125382100628831,-0.11116153220497,0.0378718710298375));
#7863=CARTESIAN_POINT('',(-0.0127430776062946,-0.111361783267799,0.0377935576879896));
#7864=CARTESIAN_POINT('',(-0.0126315064848661,-0.110637467395777,0.0378509084374953));
#7865=CARTESIAN_POINT('',(-0.0128548656974411,-0.110850784208947,0.0378594411100023));
#7866=CARTESIAN_POINT('',(-0.0130659783481429,-0.111060591845715,0.037776280954972));
#7867=CARTESIAN_POINT('',(-0.0129499027538154,-0.110305232670304,0.0378376190484929));
#7868=CARTESIAN_POINT('',(-0.0132063572018396,-0.110550533933021,0.0378474310989898));
#7869=CARTESIAN_POINT('',(-0.0134471411536284,-0.110785736484065,0.0377345563200392));
#7870=CARTESIAN_POINT('',(-0.0129617737693838,-0.110292842173997,0.0378371234286412));
#7871=CARTESIAN_POINT('',(-0.0132195560265637,-0.110539331021003,0.03784698298251));
#7872=CARTESIAN_POINT('',(-0.0134614327117954,-0.110775553306233,0.0377329571944525));
#7873=CARTESIAN_POINT('',(-0.0129736426829787,-0.110280448897379,0.0378366276975771));
#7874=CARTESIAN_POINT('',(-0.0132327957543615,-0.110528162357538,0.0378465362359722));
#7875=CARTESIAN_POINT('',(-0.0134758011459742,-0.110765431945265,0.0377313135748983));
#7876=CARTESIAN_POINT('',(-0.0132813471440521,-0.110909157999142,0.0377516926804203));
#7877=CARTESIAN_POINT('',(-0.0129643260273237,-0.110973547812971,0.0378176944538241));
#7878=CARTESIAN_POINT('',(-0.0125887947314499,-0.111048465510811,0.037867348362076));
#7879=CARTESIAN_POINT('',(-0.0121510853935443,-0.111136775321259,0.0378708807544899));
#7880=CARTESIAN_POINT('',(-0.0164443661105848,-0.139939880935999,0.00878592525434358));
#7881=CARTESIAN_POINT('',(-0.0165387906959859,-0.13974398579633,0.0085636268777391));
#7882=CARTESIAN_POINT('',(-0.0165387906959882,-0.139538383704758,0.00833031323427056));
#7883=CARTESIAN_POINT('',(-0.0164456070481799,-0.134734998986191,0.013367409460131));
#7884=CARTESIAN_POINT('',(-0.01653879069613,-0.134541178151628,0.0131456841418536));
#7885=CARTESIAN_POINT('',(-0.0165387906960513,-0.134335972616646,0.0129148099545172));
#7886=CARTESIAN_POINT('',(-0.0164470638426669,-0.129529842352409,0.0179487907004254));
#7887=CARTESIAN_POINT('',(-0.0165387906961268,-0.129339110613204,0.0177270964602978));
#7888=CARTESIAN_POINT('',(-0.0165387906961143,-0.129133777369732,0.0174995552153738));
#7889=CARTESIAN_POINT('',(-0.0164530588025409,-0.121720241482107,0.0248213505694393));
#7890=CARTESIAN_POINT('',(-0.016538790696199,-0.121533228058506,0.0246085176499325));
#7891=CARTESIAN_POINT('',(-0.0165387906962089,-0.121336481952081,0.0243873541321447));
#7892=CARTESIAN_POINT('',(-0.0164556541929269,-0.119115095161778,0.0271126658093351));
#7893=CARTESIAN_POINT('',(-0.0165387906962394,-0.118931600191213,0.0269019207769062));
#7894=CARTESIAN_POINT('',(-0.0165387906962404,-0.118736701666475,0.026685118594925));
#7895=CARTESIAN_POINT('',(-0.0164633199740447,-0.115211480626354,0.0305513048335236));
#7896=CARTESIAN_POINT('',(-0.0165387906962846,-0.115034151543166,0.0303518004416728));
#7897=CARTESIAN_POINT('',(-0.0165387906962875,-0.114849009766292,0.0301452409035097));
#7898=CARTESIAN_POINT('',(-0.0164677270378777,-0.113907140022541,0.0316938979097777));
#7899=CARTESIAN_POINT('',(-0.0165387906962986,-0.113734344467764,0.031500356812041));
#7900=CARTESIAN_POINT('',(-0.0165387906963032,-0.113554551304129,0.0313002610052267));
#7901=CARTESIAN_POINT('',(-0.0164701006211599,-0.112298212822336,0.0331416300116633));
#7902=CARTESIAN_POINT('',(-0.0165387906963212,-0.112126398853913,0.0329528103162219));
#7903=CARTESIAN_POINT('',(-0.0165387906963227,-0.111948434608468,0.0327573108872712));
#7904=CARTESIAN_POINT('',(-0.0164704559335344,-0.111977581250069,0.0334321692455743));
#7905=CARTESIAN_POINT('',(-0.0165387906963275,-0.111805716519744,0.0332442172236139));
#7906=CARTESIAN_POINT('',(-0.0165387906963266,-0.111627912719432,0.0330494888375738));
#7907=CARTESIAN_POINT('',(-0.016467078920845,-0.111348842330903,0.0340262893524794));
#7908=CARTESIAN_POINT('',(-0.0165387906963291,-0.111172113353655,0.0338348317303612));
#7909=CARTESIAN_POINT('',(-0.0165387906963343,-0.110988952960714,0.0336361264007528));
#7910=CARTESIAN_POINT('',(-0.0164655801518966,-0.111038475278842,0.0343264256038609));
#7911=CARTESIAN_POINT('',(-0.0165387906963388,-0.110857246487936,0.0341330274431918));
#7912=CARTESIAN_POINT('',(-0.0165387906963382,-0.110670833019545,0.0339309255229579));
#7913=CARTESIAN_POINT('',(-0.0164461144583259,-0.110758299942212,0.0346705451859974));
#7914=CARTESIAN_POINT('',(-0.0165387906963395,-0.110558549297417,0.0344551726589063));
#7915=CARTESIAN_POINT('',(-0.0165387906963421,-0.11034909307232,0.034229335061491));
#7916=CARTESIAN_POINT('',(-0.0164458845609849,-0.110755042942986,0.0346745612387463));
#7917=CARTESIAN_POINT('',(-0.0165387906963395,-0.110555064786586,0.0344589385566604));
#7918=CARTESIAN_POINT('',(-0.0165387906963421,-0.11034534526505,0.0342328112487381));
#7919=CARTESIAN_POINT('',(-0.0164456514637213,-0.11075179254255,0.0346785847637455));
#7920=CARTESIAN_POINT('',(-0.0165387906963395,-0.110551583751336,0.0344627084997909));
#7921=CARTESIAN_POINT('',(-0.0165387906963422,-0.110341597493773,0.034236287508795));
#7922=CARTESIAN_POINT('',(-0.016538790696333,-0.111096807282945,0.0335374769926503));
#7923=CARTESIAN_POINT('',(-0.0165387906963332,-0.11101852218852,0.0339237242098979));
#7924=CARTESIAN_POINT('',(-0.0165004095111084,-0.110954110630083,0.0342440082569833));
#7925=CARTESIAN_POINT('',(-0.016454540961893,-0.110902164804178,0.0345002193270501));
#7926=CARTESIAN_POINT('',(-0.0165387906959891,-0.139462242591938,-0.00840892938492399));
#7927=CARTESIAN_POINT('',(-0.0165387906959867,-0.139662287291423,-0.00864211296305767));
#7928=CARTESIAN_POINT('',(-0.0164465743647374,-0.139853108296772,-0.00886454487415009));
#7929=CARTESIAN_POINT('',(-0.0165387906960556,-0.133981349888347,-0.0131109051534712));
#7930=CARTESIAN_POINT('',(-0.0165387906961747,-0.134180891611497,-0.0133415557981137));
#7931=CARTESIAN_POINT('',(-0.0164478940895187,-0.134369556350615,-0.0135632759265427));
#7932=CARTESIAN_POINT('',(-0.016538790696122,-0.128500483360599,-0.0178129169058692));
#7933=CARTESIAN_POINT('',(-0.0165387906957951,-0.128700797251731,-0.0180396922095438));
#7934=CARTESIAN_POINT('',(-0.0164493646048976,-0.128885762231298,-0.018261839880297));
#7935=CARTESIAN_POINT('',(-0.0165387906961884,-0.123026174917748,-0.0225225556978119));
#7936=CARTESIAN_POINT('',(-0.0165387906961861,-0.123218077553583,-0.0227456161629586));
#7937=CARTESIAN_POINT('',(-0.0164540425323705,-0.123401848491408,-0.0229592246456851));
#7938=CARTESIAN_POINT('',(0.0136977034366118,-0.139968067776591,-0.0389374270209158));
#7939=CARTESIAN_POINT('',(0.0139222688741953,-0.13975565445693,-0.0390247568742303));
#7940=CARTESIAN_POINT('',(0.0141587258735046,-0.139538687126347,-0.0390110156099502));
#7941=CARTESIAN_POINT('',(0.0114468320178226,-0.137522178197913,-0.0387831012493498));
#7942=CARTESIAN_POINT('',(0.0116709555602267,-0.137310513747521,-0.0388698979626423));
#7943=CARTESIAN_POINT('',(0.0119065317588818,-0.13709398962587,-0.0388561847681422));
#7944=CARTESIAN_POINT('',(0.0080705711093744,-0.133853313930627,-0.0385517771880125));
#7945=CARTESIAN_POINT('',(0.0082939051023321,-0.133642994917946,-0.03863762176979));
#7946=CARTESIAN_POINT('',(0.00852789721751238,-0.133427258135804,-0.0386239584402714));
#7947=CARTESIAN_POINT('',(0.00356903708089237,-0.128961459076359,-0.0382440392073049));
#7948=CARTESIAN_POINT('',(0.0037899169279366,-0.128752950258358,-0.038327918941159));
#7949=CARTESIAN_POINT('',(0.0040215165742059,-0.128539692551133,-0.0383144126196867));
#7950=CARTESIAN_POINT('',(0.000192969191900365,-0.125292585225764,-0.0380137635702172));
#7951=CARTESIAN_POINT('',(0.00041166450200228,-0.125086249092159,-0.0380956945337934));
#7952=CARTESIAN_POINT('',(0.0006405083584246,-0.124875141017202,-0.0380823243557045));
#7953=CARTESIAN_POINT('',(-0.00318304249499455,-0.121623879614442,-0.0377843542627872));
#7954=CARTESIAN_POINT('',(-0.00296751476173387,-0.121420589324604,-0.0378635360816833));
#7955=CARTESIAN_POINT('',(-0.00274260426035357,-0.121212525061905,-0.0378503586783693));
#7956=CARTESIAN_POINT('',(-0.00599654267905917,-0.118567139444529,-0.0375943327502374));
#7957=CARTESIAN_POINT('',(-0.00578515796038888,-0.118367467979241,-0.0376701717296713));
#7958=CARTESIAN_POINT('',(-0.00556505836607332,-0.118163280993998,-0.0376572398872631));
#7959=CARTESIAN_POINT('',(-0.00824821009588217,-0.11612340668882,-0.0374437529611198));
#7960=CARTESIAN_POINT('',(-0.00804222558463676,-0.115927505309238,-0.03751564076046));
#7961=CARTESIAN_POINT('',(-0.00782760080431467,-0.1157281285141,-0.0375030135634258));
#7962=CARTESIAN_POINT('',(-0.00993930872173043,-0.114293510976053,-0.0373312521420633));
#7963=CARTESIAN_POINT('',(-0.00973770442239442,-0.114101320554439,-0.0373999823925741));
#7964=CARTESIAN_POINT('',(-0.00952847485324531,-0.113905419183,-0.0373875753057065));
#7965=CARTESIAN_POINT('',(-0.0113526778721287,-0.112774523277644,-0.0372387923285276));
#7966=CARTESIAN_POINT('',(-0.0111564856985651,-0.112584429013053,-0.0373039125948804));
#7967=CARTESIAN_POINT('',(-0.0109520392829118,-0.112392314061994,-0.0372917453146406));
#7968=CARTESIAN_POINT('',(-0.0125073128816494,-0.111583759823788,-0.0371581926671782));
#7969=CARTESIAN_POINT('',(-0.012307257127405,-0.111387744651962,-0.0372281225852978));
#7970=CARTESIAN_POINT('',(-0.0120983472852574,-0.111188858650644,-0.0372155264718672));
#7971=CARTESIAN_POINT('',(-0.0131237275495518,-0.111028354268763,-0.0371077755167255));
#7972=CARTESIAN_POINT('',(-0.0129061441635452,-0.110810523069737,-0.0371915652183817));
#7973=CARTESIAN_POINT('',(-0.0126753325536362,-0.110590742527137,-0.0371776457840179));
#7974=CARTESIAN_POINT('',(-0.013473178307073,-0.110784775203362,-0.0370609747234938));
#7975=CARTESIAN_POINT('',(-0.0132263011190589,-0.110541594599123,-0.037174533081908));
#7976=CARTESIAN_POINT('',(-0.0129624445023279,-0.110290383116928,-0.0371586230213576));
#7977=CARTESIAN_POINT('',(-0.013277887149983,-0.110927250586387,-0.0370852803602087));
#7978=CARTESIAN_POINT('',(-0.0129000596170278,-0.111003972202538,-0.0371661631280109));
#7979=CARTESIAN_POINT('',(-0.0125160975170062,-0.111081914856888,-0.0372084976020031));
#7980=CARTESIAN_POINT('',(-0.012127804966195,-0.111160013978626,-0.037213699642638));
#7981=CARTESIAN_POINT('',(-0.0984661506128527,-0.139946759406424,0.00878611686443945));
#7982=CARTESIAN_POINT('',(-0.0985540373814667,-0.139745923689724,0.00856220313670509));
#7983=CARTESIAN_POINT('',(-0.0985457605389792,-0.139539002626884,0.00832701896568363));
#7984=CARTESIAN_POINT('',(-0.0983687249635121,-0.137496429434133,0.0109429737194046));
#7985=CARTESIAN_POINT('',(-0.0984560541626326,-0.137296343214057,0.0107195451003735));
#7986=CARTESIAN_POINT('',(-0.098447795270337,-0.13708987090312,0.01048527553635));
#7987=CARTESIAN_POINT('',(-0.0982227543474269,-0.133820892028095,0.014178192915441));
#7988=CARTESIAN_POINT('',(-0.0983090867021478,-0.13362215668682,0.013955629968005));
#7989=CARTESIAN_POINT('',(-0.098300859626168,-0.13341647978733,0.0137230090248464));
#7990=CARTESIAN_POINT('',(-0.0980288409230909,-0.128920066629577,0.0184915684031553));
#7991=CARTESIAN_POINT('',(-0.0981131263607978,-0.128723148138418,0.0182716113471858));
#7992=CARTESIAN_POINT('',(-0.0981050005303669,-0.128520002376882,0.0180415508382235));
#7993=CARTESIAN_POINT('',(-0.0978839509649898,-0.125244401969831,0.0217264324966872));
#7994=CARTESIAN_POINT('',(-0.097966187841978,-0.125049685156204,0.0215088307735445));
#7995=CARTESIAN_POINT('',(-0.0979581501724646,-0.124848743417771,0.0212817057071764));
#7996=CARTESIAN_POINT('',(-0.0977399676918603,-0.121568764370501,0.0249610620727112));
#7997=CARTESIAN_POINT('',(-0.0978192870902597,-0.121377166351732,0.0247469121461907));
#7998=CARTESIAN_POINT('',(-0.0978113759019314,-0.121179386642882,0.0245240164027926));
#7999=CARTESIAN_POINT('',(-0.0976211959995618,-0.11850602254114,0.0276564795052873));
#8000=CARTESIAN_POINT('',(-0.0976969283925085,-0.118318198898278,0.027446863265098));
#8001=CARTESIAN_POINT('',(-0.0976891797642834,-0.118124483192064,0.0272292270427907));
#8002=CARTESIAN_POINT('',(-0.0975277805571691,-0.116056940992985,0.0298130464329852));
#8003=CARTESIAN_POINT('',(-0.0975991297633743,-0.115873233162289,0.0296095368918448));
#8004=CARTESIAN_POINT('',(-0.0975915924836991,-0.115684801169776,0.0293981317914845));
#8005=CARTESIAN_POINT('',(-0.0974583049641069,-0.114222484383204,0.0314322539808076));
#8006=CARTESIAN_POINT('',(-0.0975259236487493,-0.114043080290711,0.0312339824753586));
#8007=CARTESIAN_POINT('',(-0.0975185501933735,-0.113858743905887,0.031028954905315));
#8008=CARTESIAN_POINT('',(-0.0974022561302003,-0.112697842584659,0.0327838686808787));
#8009=CARTESIAN_POINT('',(-0.0974650786413433,-0.112521955101381,0.0325927579294079));
#8010=CARTESIAN_POINT('',(-0.0974579167736931,-0.112342908409105,0.0323945405408897));
#8011=CARTESIAN_POINT('',(-0.0973519196243469,-0.111498726717766,0.0338860003919917));
#8012=CARTESIAN_POINT('',(-0.0974170082725841,-0.111320195877368,0.0336942502845661));
#8013=CARTESIAN_POINT('',(-0.0974097095101078,-0.111137726815674,0.0334953954383069));
#8014=CARTESIAN_POINT('',(-0.0973200773167261,-0.110930942429258,0.0344683254224349));
#8015=CARTESIAN_POINT('',(-0.0973936606957164,-0.110736506456379,0.0342646725002605));
#8016=CARTESIAN_POINT('',(-0.0973857806108906,-0.110539504333361,0.0340506794601168));
#8017=CARTESIAN_POINT('',(-0.0972834591985942,-0.11068330733802,0.0348039972794751));
#8018=CARTESIAN_POINT('',(-0.0973828179608673,-0.110465438082546,0.0345723851113771));
#8019=CARTESIAN_POINT('',(-0.0973737882876387,-0.110239696251119,0.0343275536120201));
#8020=CARTESIAN_POINT('',(-0.0973019661193808,-0.110828296843742,0.0346172640243699));
#8021=CARTESIAN_POINT('',(-0.0973683878431558,-0.110894012207071,0.0342820788324572));
#8022=CARTESIAN_POINT('',(-0.0974024491386106,-0.110960655895665,0.0339423070640747));
#8023=CARTESIAN_POINT('',(-0.0974053003087094,-0.111027496780367,0.0335991184296254));
#8024=CARTESIAN_POINT('',(-0.067865811690667,-0.139539000288761,0.0390069697525368));
#8025=CARTESIAN_POINT('',(-0.0681009958599624,-0.139745921350379,0.0390152465950015));
#8026=CARTESIAN_POINT('',(-0.0683249095862011,-0.139946757066007,0.0389273598276261));
#8027=CARTESIAN_POINT('',(-0.0700240394015048,-0.137089901317311,0.0389090057936787));
#8028=CARTESIAN_POINT('',(-0.0702583089780967,-0.137296373630562,0.0389172646863042));
#8029=CARTESIAN_POINT('',(-0.0704817375999434,-0.137496459861985,0.0388299354810094));
#8030=CARTESIAN_POINT('',(-0.0732617295931936,-0.133416559323655,0.0387620721139326));
#8031=CARTESIAN_POINT('',(-0.0734943505806988,-0.133622236229683,0.0387702991901522));
#8032=CARTESIAN_POINT('',(-0.0737169135370595,-0.133820971610721,0.0386839668149231));
#8033=CARTESIAN_POINT('',(-0.0775802136188599,-0.128520147357826,0.0385662156352993));
#8034=CARTESIAN_POINT('',(-0.0778102742269949,-0.128723293183527,0.0385743414683314));
#8035=CARTESIAN_POINT('',(-0.0780302313519504,-0.128920211751484,0.0384900559645257));
#8036=CARTESIAN_POINT('',(-0.0808203250920617,-0.124848937433715,0.0384193672383349));
#8037=CARTESIAN_POINT('',(-0.0810474503474699,-0.125049879294061,0.0384274049127477));
#8038=CARTESIAN_POINT('',(-0.0812650522033792,-0.125244596254576,0.0383451679141503));
#8039=CARTESIAN_POINT('',(-0.0840625922645505,-0.121179629581751,0.0382725949242563));
#8040=CARTESIAN_POINT('',(-0.0842854883433553,-0.121377409515582,0.0382805061216098));
#8041=CARTESIAN_POINT('',(-0.0844996385228861,-0.121569007780063,0.0382011864964313));
#8042=CARTESIAN_POINT('',(-0.0867677664135631,-0.118124766702614,0.0381504004090909));
#8043=CARTESIAN_POINT('',(-0.086985403261077,-0.11831848282249,0.038158149053886));
#8044=CARTESIAN_POINT('',(-0.0871950199728446,-0.118506306940118,0.0380824162832344));
#8045=CARTESIAN_POINT('',(-0.0889366414758582,-0.115685116692923,0.0380528144087032));
#8046=CARTESIAN_POINT('',(-0.0891480475064411,-0.115873549354613,0.0380603517151706));
#8047=CARTESIAN_POINT('',(-0.0893515578648154,-0.116057257787794,0.0379890018745966));
#8048=CARTESIAN_POINT('',(-0.090567441840381,-0.113859083009939,0.0379797730613838));
#8049=CARTESIAN_POINT('',(-0.090772470911357,-0.114043420370952,0.0379871465558251));
#8050=CARTESIAN_POINT('',(-0.0909707436565008,-0.114222825540941,0.0379195271045929));
#8051=CARTESIAN_POINT('',(-0.0919330073838385,-0.112343266134835,0.0379191403863797));
#8052=CARTESIAN_POINT('',(-0.0921312258703817,-0.11252231339312,0.0379263022767089));
#8053=CARTESIAN_POINT('',(-0.0923223378099099,-0.112698200984677,0.0378634787701223));
#8054=CARTESIAN_POINT('',(-0.0930338448358179,-0.11113809824447,0.0378709336707651));
#8055=CARTESIAN_POINT('',(-0.0932326985916178,-0.111320565579543,0.0378782323641718));
#8056=CARTESIAN_POINT('',(-0.0934244479769088,-0.11149909490459,0.0378131453393467));
#8057=CARTESIAN_POINT('',(-0.0935891191679405,-0.110539881689608,0.0378470050085706));
#8058=CARTESIAN_POINT('',(-0.0938030936371393,-0.110736866697732,0.0378548844088871));
#8059=CARTESIAN_POINT('',(-0.0940067312487872,-0.11093128497693,0.0377813122724048));
#8060=CARTESIAN_POINT('',(-0.0938659909681365,-0.110240078857574,0.0378350128952893));
#8061=CARTESIAN_POINT('',(-0.0941107817804019,-0.110465785209624,0.0378440411493713));
#8062=CARTESIAN_POINT('',(-0.0943423596256571,-0.110683623383038,0.0377447152197877));
#8063=CARTESIAN_POINT('',(-0.0931379091256567,-0.111027496780487,0.0378665096122058));
#8064=CARTESIAN_POINT('',(-0.0934810977606804,-0.110960655895669,0.0378636584420929));
#8065=CARTESIAN_POINT('',(-0.0938208695295456,-0.110894012207037,0.0378295971465577));
#8066=CARTESIAN_POINT('',(-0.094156054722005,-0.110828296843575,0.037763175422608));
#8067=CARTESIAN_POINT('',(-0.0507767351281997,-0.139965886055876,0.0389240921330622));
#8068=CARTESIAN_POINT('',(-0.0510004490244341,-0.139756126493071,0.0390156548007091));
#8069=CARTESIAN_POINT('',(-0.0512359216195232,-0.139539543235792,0.039006991470418));
#8070=CARTESIAN_POINT('',(-0.0485147966497612,-0.137507965745315,0.0388263572486682));
#8071=CARTESIAN_POINT('',(-0.0487380656123936,-0.137298948613889,0.0389173676855681));
#8072=CARTESIAN_POINT('',(-0.0489726516708539,-0.137082812663666,0.0389087222475329));
#8073=CARTESIAN_POINT('',(-0.0451219388396539,-0.133821055823859,0.0386799214804885));
#8074=CARTESIAN_POINT('',(-0.0453444132721942,-0.133613375140894,0.0387699447466161));
#8075=CARTESIAN_POINT('',(-0.0455774024417576,-0.133398033346036,0.0387613310748277));
#8076=CARTESIAN_POINT('',(-0.0405982908454955,-0.128905142567153,0.0384853777806045));
#8077=CARTESIAN_POINT('',(-0.0408182838859216,-0.128699250471044,0.0385733797598292));
#8078=CARTESIAN_POINT('',(-0.0410488554512212,-0.128486419243351,0.0385648665107204));
#8079=CARTESIAN_POINT('',(-0.0372056544119508,-0.125218222571588,0.0383400070469908));
#8080=CARTESIAN_POINT('',(-0.0374234308123197,-0.125014492877616,0.0384259894560907));
#8081=CARTESIAN_POINT('',(-0.0376512086730598,-0.124803847234975,0.0384175636303853));
#8082=CARTESIAN_POINT('',(-0.0338130874846216,-0.121531483893116,0.0381955160454137));
#8083=CARTESIAN_POINT('',(-0.0340276449018965,-0.121330795550061,0.0382786415629885));
#8084=CARTESIAN_POINT('',(-0.0342514209879543,-0.121123248086883,0.0382703396644615));
#8085=CARTESIAN_POINT('',(-0.0309858615366894,-0.118459685003268,0.0380762886147147));
#8086=CARTESIAN_POINT('',(-0.0311961622821689,-0.118262643376766,0.0381559154760576));
#8087=CARTESIAN_POINT('',(-0.0314150046556255,-0.118059089804517,0.0381477733331671));
#8088=CARTESIAN_POINT('',(-0.028723177641666,-0.11600403664824,0.0379823494888405));
#8089=CARTESIAN_POINT('',(-0.0289279322692906,-0.115810786673753,0.0380578412079354));
#8090=CARTESIAN_POINT('',(-0.0291411405607415,-0.11561217442388,0.0380498967179415));
#8091=CARTESIAN_POINT('',(-0.0270239710231717,-0.114165116470167,0.0379123348279225));
#8092=CARTESIAN_POINT('',(-0.0272240804303269,-0.113975723910422,0.0379844386974072));
#8093=CARTESIAN_POINT('',(-0.0274316219014485,-0.113780828628426,0.0379766428861234));
#8094=CARTESIAN_POINT('',(-0.0256028811333599,-0.112639674197144,0.0378550257839019));
#8095=CARTESIAN_POINT('',(-0.0257976245681547,-0.1124521036739,0.0379234938879304));
#8096=CARTESIAN_POINT('',(-0.026000434745335,-0.112260838699761,0.0379158432889768));
#8097=CARTESIAN_POINT('',(-0.0244408039081262,-0.111444716506158,0.0378015550729231));
#8098=CARTESIAN_POINT('',(-0.0246396900492599,-0.111250848158278,0.037875443667338));
#8099=CARTESIAN_POINT('',(-0.0248474626964517,-0.111052336460687,0.0378675031994138));
#8100=CARTESIAN_POINT('',(-0.0238088585118863,-0.110898574106788,0.0377598328328209));
#8101=CARTESIAN_POINT('',(-0.0240307574966612,-0.110677327296268,0.0378525028327915));
#8102=CARTESIAN_POINT('',(-0.0242669922179729,-0.110451899040741,0.0378434857026159));
#8103=CARTESIAN_POINT('',(-0.0234479689341156,-0.110660297753415,0.0377124883209966));
#8104=CARTESIAN_POINT('',(-0.0237038839708805,-0.110411274249726,0.0378418607109754));
#8105=CARTESIAN_POINT('',(-0.0239789463763458,-0.11014959975316,0.0378313937311127));
#8106=CARTESIAN_POINT('',(-0.0236498472888645,-0.110799735323347,0.0377366793511225));
#8107=CARTESIAN_POINT('',(-0.0240338558978598,-0.110874320647235,0.0378207220576836));
#8108=CARTESIAN_POINT('',(-0.0244253208558918,-0.110950717069005,0.0378631406773342));
#8109=CARTESIAN_POINT('',(-0.0248217132981789,-0.111027496780487,0.0378665096122058));
#8110=CARTESIAN_POINT('',(-0.0205387906967199,-0.139539108736745,0.00832967430377148));
#8111=CARTESIAN_POINT('',(-0.0205387906967224,-0.139744710970661,0.00856298820864291));
#8112=CARTESIAN_POINT('',(-0.0206332154542609,-0.139940606234032,0.0087852868090657));
#8113=CARTESIAN_POINT('',(-0.0205387906966902,-0.137088485502455,0.0104892267389787));
#8114=CARTESIAN_POINT('',(-0.0205387906966696,-0.137293635323774,0.0107216249174445));
#8115=CARTESIAN_POINT('',(-0.0206326306882454,-0.137488801322124,0.0109434348163266));
#8116=CARTESIAN_POINT('',(-0.0205387906966456,-0.133412855130402,0.0137289011240656));
#8117=CARTESIAN_POINT('',(-0.0205387906966533,-0.133617203265413,0.0139596477148009));
#8118=CARTESIAN_POINT('',(-0.0206315844654149,-0.133811053586741,0.0141805857605193));
#8119=CARTESIAN_POINT('',(-0.0205387906965862,-0.128513384478172,0.0180500200067756));
#8120=CARTESIAN_POINT('',(-0.0205387906965877,-0.128715186403131,0.0182781938050542));
#8121=CARTESIAN_POINT('',(-0.0206294710968339,-0.128907284854167,0.0184965112672722));
#8122=CARTESIAN_POINT('',(-0.0205387906965416,-0.124839875648564,0.0212920997438509));
#8123=CARTESIAN_POINT('',(-0.0205387906965443,-0.125039454177223,0.0215173224968913));
#8124=CARTESIAN_POINT('',(-0.0206273378508319,-0.125229414086937,0.0217332659772805));
#8125=CARTESIAN_POINT('',(-0.0205387906964973,-0.121168261693785,0.0245363246719645));
#8126=CARTESIAN_POINT('',(-0.0205387906964995,-0.121364642808263,0.0247572845129908));
#8127=CARTESIAN_POINT('',(-0.0206242946568139,-0.121551563154551,0.0249697422120803));
#8128=CARTESIAN_POINT('',(-0.0205387906964601,-0.118111472548803,0.0272431169292371));
#8129=CARTESIAN_POINT('',(-0.0205387906964627,-0.118303729050901,0.0274587597199777));
#8130=CARTESIAN_POINT('',(-0.0206205406434144,-0.11848696111985,0.027666625414619));
#8131=CARTESIAN_POINT('',(-0.0205387906964305,-0.115670278954245,0.0294132853879823));
#8132=CARTESIAN_POINT('',(-0.0205387906964322,-0.115857131755496,0.0296225716551501));
#8133=CARTESIAN_POINT('',(-0.0206159463011018,-0.116036301450144,0.0298242140572224));
#8134=CARTESIAN_POINT('',(-0.0205387906964083,-0.113843098436166,0.0310450755297202));
#8135=CARTESIAN_POINT('',(-0.0205387906964126,-0.114025673469908,0.0312478007087161));
#8136=CARTESIAN_POINT('',(-0.0206119326540811,-0.114200537077015,0.0314440247343668));
#8137=CARTESIAN_POINT('',(-0.02053879069639,-0.112326356058497,0.0324114900589758));
#8138=CARTESIAN_POINT('',(-0.0205387906963859,-0.112503299311552,0.0326069775644042));
#8139=CARTESIAN_POINT('',(-0.0206068117839913,-0.112674433540146,0.0327956984008023));
#8140=CARTESIAN_POINT('',(-0.0205387906963753,-0.111120590635259,0.033513205093192));
#8141=CARTESIAN_POINT('',(-0.0205387906963882,-0.111300058341348,0.0337083153933776));
#8142=CARTESIAN_POINT('',(-0.0206083895411442,-0.111473009234839,0.0338967581810883));
#8143=CARTESIAN_POINT('',(-0.0205387906963681,-0.110522303560437,0.0340690531632861));
#8144=CARTESIAN_POINT('',(-0.0205387906963466,-0.110714606167822,0.0342772326769047));
#8145=CARTESIAN_POINT('',(-0.0206161054284718,-0.110901459192701,0.0344758539542289));
#8146=CARTESIAN_POINT('',(-0.0205387906963645,-0.110222705263068,0.0343464773627714));
#8147=CARTESIAN_POINT('',(-0.0205387906963671,-0.110442089577591,0.0345833967396473));
#8148=CARTESIAN_POINT('',(-0.0206404024478426,-0.110650327879892,0.034808279220102));
#8149=CARTESIAN_POINT('',(-0.0205387906963737,-0.110989375015616,0.0336364414966727));
#8150=CARTESIAN_POINT('',(-0.0205389494804404,-0.110924516858683,0.0339692487866461));
#8151=CARTESIAN_POINT('',(-0.0205684171497505,-0.110860126747171,0.0342986860873776));
#8152=CARTESIAN_POINT('',(-0.020628912935393,-0.110796846046601,0.034623665920887));
#8153=CARTESIAN_POINT('',(-0.0206310070280252,-0.139853108299279,-0.00886454487622415));
#8154=CARTESIAN_POINT('',(-0.0205387906967214,-0.13966228729389,-0.0086421129650606));
#8155=CARTESIAN_POINT('',(-0.020538790696719,-0.139462242594356,-0.00840892938684569));
#8156=CARTESIAN_POINT('',(-0.0206296873031473,-0.134369556215805,-0.0135632760455126));
#8157=CARTESIAN_POINT('',(-0.0205387906966726,-0.13418089147672,-0.0133415559168867));
#8158=CARTESIAN_POINT('',(-0.0205387906966525,-0.133981349753157,-0.0131109052723666));
#8159=CARTESIAN_POINT('',(-0.020628216788714,-0.128885762937066,-0.0182618392800351));
#8160=CARTESIAN_POINT('',(-0.0205387906968326,-0.12870079795758,-0.0180396916077414));
#8161=CARTESIAN_POINT('',(-0.020538790696586,-0.1285004840648,-0.0178129163038036));
#8162=CARTESIAN_POINT('',(-0.0206235388604221,-0.123401848481958,-0.0229592246566252));
#8163=CARTESIAN_POINT('',(-0.020538790696522,-0.123218077544059,-0.0227456161737892));
#8164=CARTESIAN_POINT('',(-0.0205387906965197,-0.123026174908139,-0.0225225557085181));
#8165=CARTESIAN_POINT('',(-0.0512379246136495,-0.139540442728003,-0.0390111267989749));
#8166=CARTESIAN_POINT('',(-0.0510014671015308,-0.139757410507613,-0.0390248680917048));
#8167=CARTESIAN_POINT('',(-0.0507769012261564,-0.139969824234872,-0.0389375378469936));
#8168=CARTESIAN_POINT('',(-0.0489629977482808,-0.137071069179733,-0.0388547331406744));
#8169=CARTESIAN_POINT('',(-0.048727431541967,-0.137287591173469,-0.0388684462004133));
#8170=CARTESIAN_POINT('',(-0.0485033102703888,-0.137499246696315,-0.0387816543063229));
#8171=CARTESIAN_POINT('',(-0.0455502568299273,-0.133367330342871,-0.0386201630139749));
#8172=CARTESIAN_POINT('',(-0.0453162822276105,-0.133583040164033,-0.0386338246359774));
#8173=CARTESIAN_POINT('',(-0.0450929750139238,-0.133793349534048,-0.0385480026975744));
#8174=CARTESIAN_POINT('',(-0.0409983630613616,-0.128430456203933,-0.0383074943180225));
#8175=CARTESIAN_POINT('',(-0.0407668556472908,-0.128643695256313,-0.0383209994580325));
#8176=CARTESIAN_POINT('',(-0.0405459959490407,-0.128852118360384,-0.0382371557547468));
#8177=CARTESIAN_POINT('',(-0.0375831650964727,-0.124728974233353,-0.0380730671261878));
#8178=CARTESIAN_POINT('',(-0.0373543976352707,-0.124939900037414,-0.0380864257604645));
#8179=CARTESIAN_POINT('',(-0.0371358862286693,-0.125146211852074,-0.0380046274498442));
#8180=CARTESIAN_POINT('',(-0.0341658194652259,-0.121029465877596,-0.0378387649299587));
#8181=CARTESIAN_POINT('',(-0.0339413030125251,-0.121237637283719,-0.0378519491190341));
#8182=CARTESIAN_POINT('',(-0.0337256781032921,-0.121440496800008,-0.0377727667461052));
#8183=CARTESIAN_POINT('',(-0.0313145088522648,-0.117949787465383,-0.0376437186302152));
#8184=CARTESIAN_POINT('',(-0.0310945503964778,-0.118153052888732,-0.0376565921070469));
#8185=CARTESIAN_POINT('',(-0.0308841318436606,-0.118352934473156,-0.0375814875662376));
#8186=CARTESIAN_POINT('',(-0.0290288698601247,-0.11549028538882,-0.0374879501651237));
#8187=CARTESIAN_POINT('',(-0.0288151539262286,-0.115690040594848,-0.0375006013281925));
#8188=CARTESIAN_POINT('',(-0.0286088295275603,-0.115884811403003,-0.0374283493986777));
#8189=CARTESIAN_POINT('',(-0.027309319684736,-0.113650599441936,-0.0373714367216399));
#8190=CARTESIAN_POINT('',(-0.0271005679124007,-0.113843410928725,-0.0373836481158199));
#8191=CARTESIAN_POINT('',(-0.0269024614432137,-0.114036975655759,-0.0373183719619381));
#8192=CARTESIAN_POINT('',(-0.025585135171014,-0.111815220668926,-0.0372551960658352));
#8193=CARTESIAN_POINT('',(-0.0253812604440858,-0.112013592747934,-0.0372677596308672));
#8194=CARTESIAN_POINT('',(-0.0251786182225426,-0.112198576474702,-0.0371927426977323));
#8195=CARTESIAN_POINT('',(-0.0244150482195294,-0.110611042023802,-0.0371789314181919));
#8196=CARTESIAN_POINT('',(-0.0242044302782917,-0.11080554732645,-0.0371912500873602));
#8197=CARTESIAN_POINT('',(-0.024013024666699,-0.11101582029035,-0.0371390646016777));
#8198=CARTESIAN_POINT('',(-0.0238394292388859,-0.110000148709973,-0.0371402415082559));
#8199=CARTESIAN_POINT('',(-0.0235345317348568,-0.110286292992514,-0.0371583639795117));
#8200=CARTESIAN_POINT('',(-0.0232552182136273,-0.110559034238576,-0.0370074811378324));
#8201=CARTESIAN_POINT('',(-0.0247249016888008,-0.110925589304383,-0.037198852745993));
#8202=CARTESIAN_POINT('',(-0.0242979575100665,-0.110846613749217,-0.0371934184225595));
#8203=CARTESIAN_POINT('',(-0.0238771692827826,-0.110767886063425,-0.0371420981165402));
#8204=CARTESIAN_POINT('',(-0.023466601653812,-0.110691679891937,-0.037041514032103));
#8205=CARTESIAN_POINT('',(-0.0985457609875263,-0.139539013840562,-0.00834046297180001));
#8206=CARTESIAN_POINT('',(-0.0985538129130143,-0.139740311978395,-0.00857548208442116));
#8207=CARTESIAN_POINT('',(-0.0984679847699166,-0.139935931700705,-0.00879950487610057));
#8208=CARTESIAN_POINT('',(-0.0984477894178666,-0.137089724591356,-0.0104416802694847));
#8209=CARTESIAN_POINT('',(-0.0984558234039425,-0.13729057425281,-0.0106757675545061));
#8210=CARTESIAN_POINT('',(-0.0983705558731441,-0.137485440800051,-0.0108992814120524));
#8211=CARTESIAN_POINT('',(-0.0983008441160782,-0.133416092035078,-0.0135938583191344));
#8212=CARTESIAN_POINT('',(-0.0983088463357158,-0.133616147524637,-0.0138262648189402));
#8213=CARTESIAN_POINT('',(-0.0982245813840431,-0.133809655094683,-0.0140488706547152));
#8214=CARTESIAN_POINT('',(-0.0981049712592089,-0.128519270597935,-0.0177983429634108));
#8215=CARTESIAN_POINT('',(-0.0981128717976037,-0.128716784058804,-0.0180281007880571));
#8216=CARTESIAN_POINT('',(-0.0980306701044778,-0.128908459743776,-0.0182480233169099));
#8217=CARTESIAN_POINT('',(-0.0979581098952781,-0.124847736488102,-0.0209529689334035));
#8218=CARTESIAN_POINT('',(-0.0979659218225201,-0.125043034669664,-0.021179701441128));
#8219=CARTESIAN_POINT('',(-0.0978857884174578,-0.125232485595134,-0.0213971804221098));
#8220=CARTESIAN_POINT('',(-0.0978113234869877,-0.121178076269285,-0.0241097763583606));
#8221=CARTESIAN_POINT('',(-0.0978190075757673,-0.121370178489412,-0.0243321328644878));
#8222=CARTESIAN_POINT('',(-0.0977418304728628,-0.121556463893396,-0.0245460154198483));
#8223=CARTESIAN_POINT('',(-0.097689115635543,-0.118122879973554,-0.026743776980903));
#8224=CARTESIAN_POINT('',(-0.0976966350572657,-0.118310865517192,-0.0269606609781064));
#8225=CARTESIAN_POINT('',(-0.0976231078324218,-0.118493297799923,-0.027169818600315));
#8226=CARTESIAN_POINT('',(-0.0975915170242123,-0.115682914682601,-0.0288557844503091));
#8227=CARTESIAN_POINT('',(-0.0975988179573817,-0.115865438012441,-0.0290660680598937));
#8228=CARTESIAN_POINT('',(-0.0975298132261005,-0.116043579323352,-0.029268776820816));
#8229=CARTESIAN_POINT('',(-0.0975184651834726,-0.113856618658355,-0.0304440161703598));
#8230=CARTESIAN_POINT('',(-0.0975255933006543,-0.114034821588346,-0.0306474808420445));
#8231=CARTESIAN_POINT('',(-0.0974605191904591,-0.114208410036391,-0.0308445535272493));
#8232=CARTESIAN_POINT('',(-0.0974578222267888,-0.112340544736493,-0.0317742387750563));
#8233=CARTESIAN_POINT('',(-0.0974647107905531,-0.11251275883148,-0.0319698615553799));
#8234=CARTESIAN_POINT('',(-0.09740492378679,-0.112682098677474,-0.0321588768269559));
#8235=CARTESIAN_POINT('',(-0.0974096123286062,-0.111135297278128,-0.0328471748642231));
#8236=CARTESIAN_POINT('',(-0.0974165766446782,-0.111309405179894,-0.0330416115394195));
#8237=CARTESIAN_POINT('',(-0.0973557594234936,-0.111479951024131,-0.0332296934642033));
#8238=CARTESIAN_POINT('',(-0.0973856928535102,-0.110537310398846,-0.0333889329398452));
#8239=CARTESIAN_POINT('',(-0.0973930855084993,-0.110722126775447,-0.0335943018818188));
#8240=CARTESIAN_POINT('',(-0.0973267857649297,-0.110905003842247,-0.0337906939360518));
#8241=CARTESIAN_POINT('',(-0.0973737220736524,-0.110238040901458,-0.0336594922917261));
#8242=CARTESIAN_POINT('',(-0.0973821742126732,-0.110449344377643,-0.0338935919993472));
#8243=CARTESIAN_POINT('',(-0.0972931863975601,-0.110654269495939,-0.0341163253274851));
#8244=CARTESIAN_POINT('',(-0.0974035837354164,-0.110984582447908,-0.0329849564475838));
#8245=CARTESIAN_POINT('',(-0.0974009791184527,-0.11092303932805,-0.0333051274934504));
#8246=CARTESIAN_POINT('',(-0.0973700665942767,-0.110861619310273,-0.0336223891878301));
#8247=CARTESIAN_POINT('',(-0.0973100667069595,-0.110800871541555,-0.0339359120132404));
#8248=CARTESIAN_POINT('',(-0.0770141877575004,-0.117364756475342,-0.0349065881356956));
#8249=CARTESIAN_POINT('',(-0.078859130166478,-0.117364756475342,-0.031711054146308));
#8250=CARTESIAN_POINT('',(-0.0767543801363651,-0.117364756475342,-0.0347565881356956));
#8251=CARTESIAN_POINT('',(-0.0785993225453427,-0.117364756475342,-0.031561054146308));
#8252=CARTESIAN_POINT('',(-0.0764945725152297,-0.117364756475342,-0.0346065881356956));
#8253=CARTESIAN_POINT('',(-0.0783395149242073,-0.117364756475342,-0.031411054146308));
#8254=CARTESIAN_POINT('',(-0.0758594872191211,-0.117164756475342,-0.034239921469034));
#8255=CARTESIAN_POINT('',(-0.0777044296280987,-0.117164756475342,-0.0310443874796463));
#8256=CARTESIAN_POINT('',(-0.0754553420306884,-0.116698089808675,-0.0340065881356907));
#8257=CARTESIAN_POINT('',(-0.077300284439666,-0.116698089808675,-0.030811054146303));
#8258=CARTESIAN_POINT('',(-0.0752821369499315,-0.115964756475342,-0.0339065881356957));
#8259=CARTESIAN_POINT('',(-0.0771270793589091,-0.115964756475342,-0.030711054146308));
#8260=CARTESIAN_POINT('',(-0.0752821369499315,-0.115664756475342,-0.0339065881356957));
#8261=CARTESIAN_POINT('',(-0.0771270793589091,-0.115664756475342,-0.030711054146308));
#8262=CARTESIAN_POINT('',(-0.0752821369499315,-0.115364756475342,-0.0339065881356956));
#8263=CARTESIAN_POINT('',(-0.0771270793589091,-0.115364756475342,-0.030711054146308));
#8264=CARTESIAN_POINT('',(-0.0785104119430609,-0.117364756475342,-0.0323150518267915));
#8265=CARTESIAN_POINT('',(-0.0784515540855265,-0.117364756475342,-0.0323150521290944));
#8266=CARTESIAN_POINT('',(-0.0783406210180446,-0.117364138718629,-0.0323260796040648));
#8267=CARTESIAN_POINT('',(-0.0782876382788672,-0.117363270918724,-0.032336424061078));
#8268=CARTESIAN_POINT('',(-0.0781540908423456,-0.117359622432559,-0.0323632823205519));
#8269=CARTESIAN_POINT('',(-0.0780613642025626,-0.117354376068424,-0.0323813679199403));
#8270=CARTESIAN_POINT('',(-0.0779723704935934,-0.117347235994822,-0.0323957296585263));
#8271=CARTESIAN_POINT('',(-0.0779320924980451,-0.11734315337305,-0.0324015688396944));
#8272=CARTESIAN_POINT('',(-0.0779320924980451,-0.11734315337305,-0.0324015688396944));
#8273=CARTESIAN_POINT('',(-0.0779320924980451,-0.11734315337305,-0.0324015688396943));
#8274=CARTESIAN_POINT('',(-0.077793570735479,-0.117329112655019,-0.0324216506096113));
#8275=CARTESIAN_POINT('',(-0.0775759395097562,-0.117294500171474,-0.0324636366078475));
#8276=CARTESIAN_POINT('',(-0.0772881220381007,-0.117223701573554,-0.0325429003335705));
#8277=CARTESIAN_POINT('',(-0.0770503746964398,-0.117148919846497,-0.0326270290155271));
#8278=CARTESIAN_POINT('',(-0.076896405382084,-0.117093232824087,-0.032691422276757));
#8279=CARTESIAN_POINT('',(-0.076589810466622,-0.116963243737871,-0.0328386090952767));
#8280=CARTESIAN_POINT('',(-0.076391807242863,-0.11685760311126,-0.0329533924498559));
#8281=CARTESIAN_POINT('',(-0.0761261701962348,-0.116682356876197,-0.0331273671951312));
#8282=CARTESIAN_POINT('',(-0.0759662958691624,-0.116554442864885,-0.0332419836983716));
#8283=CARTESIAN_POINT('',(-0.0758515269038269,-0.116450219604962,-0.0333301490610975));
#8284=CARTESIAN_POINT('',(-0.0757638933219278,-0.116360520258227,-0.0334021885380523));
#8285=CARTESIAN_POINT('',(-0.0757227312362314,-0.116317427793474,-0.0334363637695121));
#8286=CARTESIAN_POINT('',(-0.0756117598730448,-0.116187871722388,-0.0335351245487049));
#8287=CARTESIAN_POINT('',(-0.075511952667527,-0.116053879553484,-0.0336328280145915));
#8288=CARTESIAN_POINT('',(-0.0753683196925461,-0.115826954970364,-0.0337889335880415));
#8289=CARTESIAN_POINT('',(-0.0753135928126002,-0.11568159809693,-0.0338656828739448));
#8290=CARTESIAN_POINT('',(-0.0752960797273091,-0.115601983232069,-0.0338893768637117));
#8291=CARTESIAN_POINT('',(-0.0895895723523079,-0.114240618287723,-0.0323371825736846));
#8292=CARTESIAN_POINT('',(-0.0894798150362035,-0.113950130124869,-0.0321342486665318));
#8293=CARTESIAN_POINT('',(-0.0893672752170127,-0.113659532625815,-0.0319329264761262));
#8294=CARTESIAN_POINT('',(-0.0892519649472573,-0.113368934668918,-0.0317332032302755));
#8295=CARTESIAN_POINT('',(-0.089586696472942,-0.114243570003769,-0.0323330747303722));
#8296=CARTESIAN_POINT('',(-0.0894780240973765,-0.113952106029591,-0.0321314371298326));
#8297=CARTESIAN_POINT('',(-0.0893664426318547,-0.113660520567571,-0.031931484396333));
#8298=CARTESIAN_POINT('',(-0.0892519649472573,-0.113368934668918,-0.0317332032302755));
#8299=CARTESIAN_POINT('',(-0.0895834214107929,-0.114246922942315,-0.0323284127076835));
#8300=CARTESIAN_POINT('',(-0.0894759866957536,-0.113954350934857,-0.0321282443568232));
#8301=CARTESIAN_POINT('',(-0.0893654966986416,-0.113661643007615,-0.0319298459919473));
#8302=CARTESIAN_POINT('',(-0.0892519649472573,-0.113368934668918,-0.0317332032302755));
#8303=CARTESIAN_POINT('',(-0.0895754470440277,-0.11425524696913,-0.0323167594533444));
#8304=CARTESIAN_POINT('',(-0.0894709823296736,-0.113959920239589,-0.0321202945424979));
#8305=CARTESIAN_POINT('',(-0.0893631499619802,-0.113664427634652,-0.031925781324817));
#8306=CARTESIAN_POINT('',(-0.0892519649472573,-0.113368934668918,-0.0317332032302755));
#8307=CARTESIAN_POINT('',(-0.0895707718219858,-0.114260192080427,-0.0323098049956424));
#8308=CARTESIAN_POINT('',(-0.0894680306984913,-0.113963227288065,-0.0321155624174518));
#8309=CARTESIAN_POINT('',(-0.0893617564697431,-0.113666081146195,-0.0319233677254619));
#8310=CARTESIAN_POINT('',(-0.0892519649472573,-0.113368934668918,-0.0317332032302755));
#8311=CARTESIAN_POINT('',(-0.089555348546465,-0.114276797470228,-0.032286312433814));
#8312=CARTESIAN_POINT('',(-0.089458213945712,-0.113974325377767,-0.0320996307340138));
#8313=CARTESIAN_POINT('',(-0.0893570800546411,-0.113671630159054,-0.0319152679369076));
#8314=CARTESIAN_POINT('',(-0.0892519649472573,-0.113368934668918,-0.0317332032302755));
#8315=CARTESIAN_POINT('',(-0.0895434625012296,-0.114289971496179,-0.0322674968218653));
#8316=CARTESIAN_POINT('',(-0.0894505458159286,-0.113983121608495,-0.0320869384245961));
#8317=CARTESIAN_POINT('',(-0.0893533735651869,-0.113676028262549,-0.0319088481088577));
#8318=CARTESIAN_POINT('',(-0.0892519649472573,-0.113368934668918,-0.0317332032302755));
#8319=CARTESIAN_POINT('',(-0.0895216093201538,-0.11431517267635,-0.032231055156179));
#8320=CARTESIAN_POINT('',(-0.0894361791107727,-0.113999928170472,-0.0320625234368701));
#8321=CARTESIAN_POINT('',(-0.0893462917144807,-0.113684431554304,-0.0318965819836303));
#8322=CARTESIAN_POINT('',(-0.0892519649472573,-0.113368934668918,-0.0317332032302755));
#8323=CARTESIAN_POINT('',(-0.0895111226327895,-0.114327762670208,-0.032212631188775));
#8324=CARTESIAN_POINT('',(-0.0894291489454707,-0.114008314552859,-0.032050260321881));
#8325=CARTESIAN_POINT('',(-0.0893427578953716,-0.113688624767935,-0.0318904612293924));
#8326=CARTESIAN_POINT('',(-0.0892519649472573,-0.113368934668918,-0.0317332032302755));
#8327=CARTESIAN_POINT('',(-0.0894980758835261,-0.114343920952473,-0.0321887764364598));
#8328=CARTESIAN_POINT('',(-0.0894202670692548,-0.114019068395569,-0.0320344585618889));
#8329=CARTESIAN_POINT('',(-0.0893382264803768,-0.113694001724289,-0.0318826125883926));
#8330=CARTESIAN_POINT('',(-0.0892519649472573,-0.113368934668918,-0.0317332032302755));
#8331=CARTESIAN_POINT('',(-0.0894942066922367,-0.114348811139824,-0.0321815167407406));
#8332=CARTESIAN_POINT('',(-0.0894176061328226,-0.114022321150432,-0.0320296641531994));
#8333=CARTESIAN_POINT('',(-0.0893368558455545,-0.113695628113313,-0.0318802385792415));
#8334=CARTESIAN_POINT('',(-0.0892519649472573,-0.113368934668918,-0.0317332032302755));
#8335=CARTESIAN_POINT('',(-0.0894874798152311,-0.114357455967063,-0.032168625783856));
#8336=CARTESIAN_POINT('',(-0.0894129408600731,-0.114028068642738,-0.0320211715265817));
#8337=CARTESIAN_POINT('',(-0.0893344339871453,-0.113698501879449,-0.0318760437974242));
#8338=CARTESIAN_POINT('',(-0.0892519649472573,-0.113368934668918,-0.0317332032302755));
#8339=CARTESIAN_POINT('',(-0.0894846388040962,-0.114361190717266,-0.0321630235742636));
#8340=CARTESIAN_POINT('',(-0.0894109476653321,-0.114030550130405,-0.0320174926633842));
#8341=CARTESIAN_POINT('',(-0.0893333883467586,-0.11369974263156,-0.0318742326951445));
#8342=CARTESIAN_POINT('',(-0.0892519649472573,-0.113368934668918,-0.0317332032302755));
#8343=CARTESIAN_POINT('',(-0.0894819260328075,-0.114364756475342,-0.0321576750148536));
#8344=CARTESIAN_POINT('',(-0.0894090446926936,-0.114032919169253,-0.0320139805651599));
#8345=CARTESIAN_POINT('',(-0.0893323900899504,-0.113700927158535,-0.0318725036636259));
#8346=CARTESIAN_POINT('',(-0.0892519649472573,-0.113368934668918,-0.0317332032302755));
#8347=CARTESIAN_POINT('',(-0.0895895723523079,-0.114240618287723,-0.0323371825736846));
#8348=CARTESIAN_POINT('',(-0.0895665653173806,-0.114264232016093,-0.0323043198271848));
#8349=CARTESIAN_POINT('',(-0.0895036282031171,-0.11433623041074,-0.0322004634901334));
#8350=CARTESIAN_POINT('',(-0.0894819260328075,-0.114364756475342,-0.0321576750148536));
#8351=CARTESIAN_POINT('',(-0.0879108233456432,-0.117599823780951,-0.0333570925378473));
#8352=CARTESIAN_POINT('',(-0.0881747106373568,-0.117476869593813,-0.0332261049075064));
#8353=CARTESIAN_POINT('',(-0.0884229040216098,-0.117305853106544,-0.0331150943704695));
#8354=CARTESIAN_POINT('',(-0.0888736902952426,-0.116881989862157,-0.0329326530477747));
#8355=CARTESIAN_POINT('',(-0.0890764302160463,-0.116628923071018,-0.0328614936047951));
#8356=CARTESIAN_POINT('',(-0.0893275861823895,-0.116198561348655,-0.0327800727587756));
#8357=CARTESIAN_POINT('',(-0.0894770046097708,-0.115895283106916,-0.0327335532775502));
#8358=CARTESIAN_POINT('',(-0.0896331776121584,-0.115403326093368,-0.0326765302691778));
#8359=CARTESIAN_POINT('',(-0.0897107720949069,-0.114859745924174,-0.0326051539580882));
#8360=CARTESIAN_POINT('',(-0.0896649745178804,-0.114440180828552,-0.0324765961273465));
#8361=CARTESIAN_POINT('',(-0.0895895723523079,-0.114240618287723,-0.0323371825736846));
#8362=CARTESIAN_POINT('',(-0.0878910894509663,-0.117576182212365,-0.0333319063028871));
#8363=CARTESIAN_POINT('',(-0.0881548509709289,-0.117455166477218,-0.0332022543817469));
#8364=CARTESIAN_POINT('',(-0.088403467114095,-0.117286434098474,-0.0330925124393148));
#8365=CARTESIAN_POINT('',(-0.0888560437367894,-0.116867167515992,-0.0329126973406508));
#8366=CARTESIAN_POINT('',(-0.0890601528557179,-0.116616410338964,-0.0328428965193425));
#8367=CARTESIAN_POINT('',(-0.0893137901081748,-0.116189325453254,-0.03276380990937));
#8368=CARTESIAN_POINT('',(-0.0894650012026664,-0.115888176589276,-0.0327189428727427));
#8369=CARTESIAN_POINT('',(-0.0896240886222987,-0.115399234025678,-0.0326647716451335));
#8370=CARTESIAN_POINT('',(-0.0897047704796296,-0.114858871192126,-0.0325967807237961));
#8371=CARTESIAN_POINT('',(-0.0896613181287066,-0.114441779652387,-0.0324713117004285));
#8372=CARTESIAN_POINT('',(-0.089586696472942,-0.114243570003769,-0.0323330747303721));
#8373=CARTESIAN_POINT('',(-0.0878710576782218,-0.117552278092603,-0.0333062513601082));
#8374=CARTESIAN_POINT('',(-0.0881346838874888,-0.117433190428374,-0.0331779371423083));
#8375=CARTESIAN_POINT('',(-0.0883837087637099,-0.117266734099742,-0.0330694646163059));
#8376=CARTESIAN_POINT('',(-0.0888380541731457,-0.11685206874494,-0.0328922789890608));
#8377=CARTESIAN_POINT('',(-0.0890435253567674,-0.116603633516743,-0.0328238396465833));
#8378=CARTESIAN_POINT('',(-0.0892996450966728,-0.1161798553219,-0.0327470961099015));
#8379=CARTESIAN_POINT('',(-0.0894526526187501,-0.115880860246224,-0.0327038878475452));
#8380=CARTESIAN_POINT('',(-0.0896146600991392,-0.115394989093009,-0.0326525676125042));
#8381=CARTESIAN_POINT('',(-0.089698431869583,-0.114857901327234,-0.0325879563179394));
#8382=CARTESIAN_POINT('',(-0.0896572420643875,-0.114443510337381,-0.0324654331929771));
#8383=CARTESIAN_POINT('',(-0.089583423630519,-0.114246920649959,-0.0323284159048741));
#8384=CARTESIAN_POINT('',(-0.0878265093647546,-0.117502238402043,-0.033246268872745));
#8385=CARTESIAN_POINT('',(-0.0880901607483829,-0.117386955444525,-0.0331209406285415));
#8386=CARTESIAN_POINT('',(-0.0883402722048403,-0.117225018976709,-0.0330154059984624));
#8387=CARTESIAN_POINT('',(-0.0887986563471151,-0.116819626960663,-0.0328444146628335));
#8388=CARTESIAN_POINT('',(-0.0890070841804208,-0.116575938333631,-0.0327792355798191));
#8389=CARTESIAN_POINT('',(-0.0892685226569867,-0.116159061692143,-0.0327080514437948));
#8390=CARTESIAN_POINT('',(-0.0894253593481789,-0.115864612061179,-0.0326687627929389));
#8391=CARTESIAN_POINT('',(-0.0895935646224388,-0.115385406982677,-0.0326240582657185));
#8392=CARTESIAN_POINT('',(-0.089683902166294,-0.114855570134814,-0.0325671458141252));
#8393=CARTESIAN_POINT('',(-0.0896474473159613,-0.114447668354792,-0.0324509793860344));
#8394=CARTESIAN_POINT('',(-0.0895754719831602,-0.114255220348751,-0.0323167970062158));
#8395=CARTESIAN_POINT('',(-0.0878020863015495,-0.117476184593156,-0.0332120890050053));
#8396=CARTESIAN_POINT('',(-0.0880658951395338,-0.117362773007673,-0.0330884021883996));
#8397=CARTESIAN_POINT('',(-0.0883166804762309,-0.117203074645158,-0.0329845288574629));
#8398=CARTESIAN_POINT('',(-0.0887773250284446,-0.116802342408504,-0.0328170866711128));
#8399=CARTESIAN_POINT('',(-0.0889873418691434,-0.116561071821283,-0.0327537978642622));
#8400=CARTESIAN_POINT('',(-0.0892516073331116,-0.116147779361028,-0.0326858160906757));
#8401=CARTESIAN_POINT('',(-0.0894104703137745,-0.115855713977092,-0.0326487785991075));
#8402=CARTESIAN_POINT('',(-0.0895819432213663,-0.115380091124346,-0.0326078234809404));
#8403=CARTESIAN_POINT('',(-0.0896757461778204,-0.114854215634818,-0.0325552139373514));
#8404=CARTESIAN_POINT('',(-0.0896417565490725,-0.114450083799933,-0.0324424472148372));
#8405=CARTESIAN_POINT('',(-0.0895708163129312,-0.114260144339171,-0.0323098724626062));
#8406=CARTESIAN_POINT('',(-0.0877496609342976,-0.11742390284256,-0.0331352995477533));
#8407=CARTESIAN_POINT('',(-0.0880141943191776,-0.117313957806315,-0.0330151499269956));
#8408=CARTESIAN_POINT('',(-0.0882666605380979,-0.117158461278131,-0.0329149985239104));
#8409=CARTESIAN_POINT('',(-0.0887323477871811,-0.116766661083176,-0.0327556420702929));
#8410=CARTESIAN_POINT('',(-0.0889457312544712,-0.116530113739882,-0.0326967224933046));
#8411=CARTESIAN_POINT('',(-0.0892158852160362,-0.116124007707355,-0.0326360907707682));
#8412=CARTESIAN_POINT('',(-0.0893789413511377,-0.11583678453778,-0.0326042051528663));
#8413=CARTESIAN_POINT('',(-0.089557147420397,-0.115368645560974,-0.0325717239451705));
#8414=CARTESIAN_POINT('',(-0.0896581182634469,-0.114851239089875,-0.0325287054375979));
#8415=CARTESIAN_POINT('',(-0.0896292514263056,-0.11445545330826,-0.0324233050831955));
#8416=CARTESIAN_POINT('',(-0.0895605672457869,-0.114271177835264,-0.0322942632889117));
#8417=CARTESIAN_POINT('',(-0.0877217521077684,-0.117397756662761,-0.0330928376350856));
#8418=CARTESIAN_POINT('',(-0.0879868495544872,-0.117289401539961,-0.03297457693992));
#8419=CARTESIAN_POINT('',(-0.0882403188084492,-0.117135863035406,-0.0328764789851926));
#8420=CARTESIAN_POINT('',(-0.0887087788083045,-0.116748322771073,-0.0327216434441103));
#8421=CARTESIAN_POINT('',(-0.0889239343171951,-0.116514074019371,-0.032665194316352));
#8422=CARTESIAN_POINT('',(-0.0891971405271447,-0.116111559552085,-0.0326086963174989));
#8423=CARTESIAN_POINT('',(-0.0893623570751556,-0.115826786940462,-0.0325797017360337));
#8424=CARTESIAN_POINT('',(-0.0895440185729687,-0.115362537175265,-0.032551929723557));
#8425=CARTESIAN_POINT('',(-0.0896486814423156,-0.11484962387246,-0.0325141830358019));
#8426=CARTESIAN_POINT('',(-0.0896224649876459,-0.114458395484171,-0.032412738251045));
#8427=CARTESIAN_POINT('',(-0.0895549969835784,-0.114277262278757,-0.0322856141883774));
#8428=CARTESIAN_POINT('',(-0.0876650639994211,-0.117348494774317,-0.0330029793751807));
#8429=CARTESIAN_POINT('',(-0.0879317090016529,-0.117242792877425,-0.032888550805754));
#8430=CARTESIAN_POINT('',(-0.0881874752389651,-0.11709261046556,-0.0327947919621418));
#8431=CARTESIAN_POINT('',(-0.0886618049257052,-0.116712618606423,-0.032649662466489));
#8432=CARTESIAN_POINT('',(-0.0888805370085869,-0.116482556690563,-0.0325985862217011));
#8433=CARTESIAN_POINT('',(-0.0891597887789731,-0.11608681654327,-0.0325510364387258));
#8434=CARTESIAN_POINT('',(-0.0893292529242839,-0.11580673852538,-0.0325282887600126));
#8435=CARTESIAN_POINT('',(-0.0895176804271937,-0.115350167650106,-0.0325106074689954));
#8436=CARTESIAN_POINT('',(-0.0896296200952269,-0.114846356444004,-0.0324840516488879));
#8437=CARTESIAN_POINT('',(-0.0896087165014451,-0.114464449862973,-0.032390893328647));
#8438=CARTESIAN_POINT('',(-0.0895437269299087,-0.114289792342375,-0.0322677005608774));
#8439=CARTESIAN_POINT('',(-0.0876363781951206,-0.117325460827581,-0.0329557307047882));
#8440=CARTESIAN_POINT('',(-0.0879040036603257,-0.117220816979393,-0.0328432384928502));
#8441=CARTESIAN_POINT('',(-0.0881610598790047,-0.117072026931189,-0.032751758131644));
#8442=CARTESIAN_POINT('',(-0.0886384769656989,-0.116695311214943,-0.0326117980979667));
#8443=CARTESIAN_POINT('',(-0.0888590080033733,-0.116467130930808,-0.0325636157824509));
#8444=CARTESIAN_POINT('',(-0.0891412438240017,-0.116074562857013,-0.0325208665267412));
#8445=CARTESIAN_POINT('',(-0.0893127887016447,-0.115796721465524,-0.0325014650364014));
#8446=CARTESIAN_POINT('',(-0.0895045166813155,-0.115343927829987,-0.0324891499654257));
#8447=CARTESIAN_POINT('',(-0.0896200306740381,-0.114844711060493,-0.0324684968849537));
#8448=CARTESIAN_POINT('',(-0.0896017823711223,-0.114467550178589,-0.0323796583666934));
#8449=CARTESIAN_POINT('',(-0.0895380502731543,-0.114296212900319,-0.0322584715634623));
#8450=CARTESIAN_POINT('',(-0.0875798438496712,-0.117284322437679,-0.0328586163184663));
#8451=CARTESIAN_POINT('',(-0.0878498463385599,-0.117181149946089,-0.0327499124698768));
#8452=CARTESIAN_POINT('',(-0.0881097440169165,-0.117034426812954,-0.0326631022015832));
#8453=CARTESIAN_POINT('',(-0.0885935300726769,-0.116662952399475,-0.0325339169267443));
#8454=CARTESIAN_POINT('',(-0.0888175905051265,-0.11643794392313,-0.0324918448265564));
#8455=CARTESIAN_POINT('',(-0.0891055456649206,-0.116051047978347,-0.0324591951543361));
#8456=CARTESIAN_POINT('',(-0.0892810404708755,-0.11577729926174,-0.0324468242663162));
#8457=CARTESIAN_POINT('',(-0.0894790018288426,-0.115331699643682,-0.03244570626005));
#8458=CARTESIAN_POINT('',(-0.0896013309032072,-0.114841515658877,-0.0324372735181274));
#8459=CARTESIAN_POINT('',(-0.0895882779144623,-0.114473698302311,-0.0323572973953773));
#8460=CARTESIAN_POINT('',(-0.0895270215482291,-0.114308931272209,-0.032240080414582));
#8461=CARTESIAN_POINT('',(-0.0875517689018782,-0.117266073666927,-0.0328083425130173));
#8462=CARTESIAN_POINT('',(-0.0878231783298036,-0.117163320297434,-0.0327014999579691));
#8463=CARTESIAN_POINT('',(-0.0880846403093012,-0.117017276636077,-0.03261709712539));
#8464=CARTESIAN_POINT('',(-0.0885717342324111,-0.116647780737683,-0.0324935590319532));
#8465=CARTESIAN_POINT('',(-0.0887975385754081,-0.116424070885396,-0.032454729309167));
#8466=CARTESIAN_POINT('',(-0.0890882497830908,-0.116039693262163,-0.0324274229706368));
#8467=CARTESIAN_POINT('',(-0.0892656278208127,-0.1157678146032,-0.0324187676483203));
#8468=CARTESIAN_POINT('',(-0.0894665439041608,-0.115325659346766,-0.0324235298626794));
#8469=CARTESIAN_POINT('',(-0.089592138293818,-0.114839950981328,-0.0324214682335067));
#8470=CARTESIAN_POINT('',(-0.0895816436050975,-0.114476773210821,-0.0323460686772858));
#8471=CARTESIAN_POINT('',(-0.0895216156481318,-0.114315289665898,-0.0322308313224691));
#8472=CARTESIAN_POINT('',(-0.0874975656139785,-0.117234859601441,-0.0327075089489722));
#8473=CARTESIAN_POINT('',(-0.0877721420354796,-0.11713236947238,-0.03260427649339));
#8474=CARTESIAN_POINT('',(-0.0880369252014383,-0.116987010342315,-0.0325247155103418));
#8475=CARTESIAN_POINT('',(-0.088530690091252,-0.116620193304435,-0.0324126614739041));
#8476=CARTESIAN_POINT('',(-0.0887598437824052,-0.116398478483021,-0.032380478776159));
#8477=CARTESIAN_POINT('',(-0.0890557096162035,-0.116018402628639,-0.0323640822039811));
#8478=CARTESIAN_POINT('',(-0.0892365686861801,-0.115749826468962,-0.0323630010915648));
#8479=CARTESIAN_POINT('',(-0.0894429080283848,-0.115314070782875,-0.0323796740575802));
#8480=CARTESIAN_POINT('',(-0.0895745527654784,-0.114836958221619,-0.0323904176357397));
#8481=CARTESIAN_POINT('',(-0.0895689422910649,-0.114482763432911,-0.0323241513366165));
#8482=CARTESIAN_POINT('',(-0.0895112966870526,-0.114327640250449,-0.0322127737737573));
#8483=CARTESIAN_POINT('',(-0.0874715362028018,-0.117221944384577,-0.0326571396960388));
#8484=CARTESIAN_POINT('',(-0.0877478674140453,-0.117119298761716,-0.032555652586342));
#8485=CARTESIAN_POINT('',(-0.088014401232299,-0.116973944740902,-0.0324785185384167));
#8486=CARTESIAN_POINT('',(-0.0885115167938176,-0.116607825614616,-0.0323722809356299));
#8487=CARTESIAN_POINT('',(-0.0887422697354816,-0.116386804702696,-0.0323434899143691));
#8488=CARTESIAN_POINT('',(-0.0890405247763372,-0.116008505426524,-0.0323326377882827));
#8489=CARTESIAN_POINT('',(-0.0892229753503628,-0.115741356122431,-0.0323353998388247));
#8490=CARTESIAN_POINT('',(-0.0894317733432939,-0.115308544057223,-0.0323580786782168));
#8491=CARTESIAN_POINT('',(-0.0895661914823964,-0.114835534979957,-0.0323752292710942));
#8492=CARTESIAN_POINT('',(-0.0895628973164006,-0.114485668625259,-0.0323135009965245));
#8493=CARTESIAN_POINT('',(-0.089506401818887,-0.114333610444206,-0.0322039975729629));
#8494=CARTESIAN_POINT('',(-0.0874241533801075,-0.117201925384657,-0.0325621724849417));
#8495=CARTESIAN_POINT('',(-0.0877041401292313,-0.117098533146312,-0.0324640339320909));
#8496=CARTESIAN_POINT('',(-0.087974149455402,-0.116952660024182,-0.0323915800613896));
#8497=CARTESIAN_POINT('',(-0.088477637069731,-0.116586849453006,-0.0322965338574039));
#8498=CARTESIAN_POINT('',(-0.0887112843524007,-0.116366659119432,-0.0322742576820232));
#8499=CARTESIAN_POINT('',(-0.0890137321817058,-0.115991106188504,-0.0322739763749534));
#8500=CARTESIAN_POINT('',(-0.0891989338833976,-0.115726280635681,-0.0322840427608144));
#8501=CARTESIAN_POINT('',(-0.089411936893082,-0.115298588116374,-0.0323180506572547));
#8502=CARTESIAN_POINT('',(-0.0895511284630255,-0.114832948931698,-0.0323471674728158));
#8503=CARTESIAN_POINT('',(-0.0895519781739672,-0.114491029684301,-0.0322939068322015));
#8504=CARTESIAN_POINT('',(-0.0894976112129099,-0.114344509587725,-0.0321879020408454));
#8505=CARTESIAN_POINT('',(-0.0874028988975198,-0.11719487167947,-0.0325177650324408));
#8506=CARTESIAN_POINT('',(-0.0876847811299849,-0.117090888707308,-0.0324212262305111));
#8507=CARTESIAN_POINT('',(-0.0879565090787527,-0.116944491424349,-0.0323510181232177));
#8508=CARTESIAN_POINT('',(-0.0884630056465377,-0.116578289062854,-0.0322613264424358));
#8509=CARTESIAN_POINT('',(-0.0886979418326043,-0.116358232900809,-0.0322421604652959));
#8510=CARTESIAN_POINT('',(-0.0890021838721318,-0.115983642867822,-0.0322468835445806));
#8511=CARTESIAN_POINT('',(-0.0891885389010024,-0.11571970862463,-0.0322603956215638));
#8512=CARTESIAN_POINT('',(-0.0894032783939643,-0.1152941804425,-0.0322997020440213));
#8513=CARTESIAN_POINT('',(-0.0895444583626051,-0.114831790965599,-0.0323343509876835));
#8514=CARTESIAN_POINT('',(-0.0895471260362017,-0.114493475429764,-0.0322850012904563));
#8515=CARTESIAN_POINT('',(-0.0894937336679147,-0.114349416540382,-0.0321806149653268));
#8516=CARTESIAN_POINT('',(-0.0873750723486574,-0.1171877577941,-0.0324576356071641));
#8517=CARTESIAN_POINT('',(-0.0876597856985524,-0.117082718173917,-0.0323634634339163));
#8518=CARTESIAN_POINT('',(-0.0879339651738519,-0.116935328935374,-0.0322964605342344));
#8519=CARTESIAN_POINT('',(-0.088444593333778,-0.116568063624558,-0.0322142608318787));
#8520=CARTESIAN_POINT('',(-0.0886812073891016,-0.116347938933143,-0.032199383115442));
#8521=CARTESIAN_POINT('',(-0.0889876968684897,-0.115974319632713,-0.0322109131275655));
#8522=CARTESIAN_POINT('',(-0.0891754658934736,-0.115711384225848,-0.0322290842823146));
#8523=CARTESIAN_POINT('',(-0.0893922956428978,-0.115288524965444,-0.0322754785596589));
#8524=CARTESIAN_POINT('',(-0.0895358645419671,-0.11483026601868,-0.0323174177531147));
#8525=CARTESIAN_POINT('',(-0.0895408538678627,-0.11449673633339,-0.0322732762953105));
#8526=CARTESIAN_POINT('',(-0.0894887825716652,-0.114355784868927,-0.032171116462634));
#8527=CARTESIAN_POINT('',(-0.0873578217197185,-0.117184133758604,-0.0324196214272264));
#8528=CARTESIAN_POINT('',(-0.0876444202187732,-0.117078333854394,-0.0323270187066655));
#8529=CARTESIAN_POINT('',(-0.0879201943571761,-0.116930216448415,-0.0322621020964929));
#8530=CARTESIAN_POINT('',(-0.0884334553552539,-0.116562088682207,-0.032184726777128));
#8531=CARTESIAN_POINT('',(-0.0886711061036293,-0.116341831266496,-0.0321725879284284));
#8532=CARTESIAN_POINT('',(-0.0889789512892186,-0.115968706508409,-0.0321884322459709));
#8533=CARTESIAN_POINT('',(-0.0891675613788684,-0.115706328096885,-0.0322095463366316));
#8534=CARTESIAN_POINT('',(-0.0893856190946052,-0.115285062257879,-0.0322603899817988));
#8535=CARTESIAN_POINT('',(-0.0895305893825374,-0.114829317484004,-0.0323068653408481));
#8536=CARTESIAN_POINT('',(-0.089536996529114,-0.114498779473863,-0.0322659854327265));
#8537=CARTESIAN_POINT('',(-0.0894857610557276,-0.114359710337503,-0.0321652461391363));
#8538=CARTESIAN_POINT('',(-0.0873424667121433,-0.117181867784849,-0.032384883553737));
#8539=CARTESIAN_POINT('',(-0.0876309410689724,-0.117075258848839,-0.0322939001295242));
#8540=CARTESIAN_POINT('',(-0.0879082413232855,-0.116926363662539,-0.0322310258514427));
#8541=CARTESIAN_POINT('',(-0.0884239499384968,-0.116557241069937,-0.0321582370174982));
#8542=CARTESIAN_POINT('',(-0.0886625208055167,-0.116336767792807,-0.0321486426834884));
#8543=CARTESIAN_POINT('',(-0.0889715251992915,-0.115963958178101,-0.0321684255617213));
#8544=CARTESIAN_POINT('',(-0.0891608378942517,-0.115701999879031,-0.0321922050523256));
#8545=CARTESIAN_POINT('',(-0.089379897677429,-0.115282067023583,-0.0322470274753799));
#8546=CARTESIAN_POINT('',(-0.0895259942217387,-0.114828466540145,-0.0322974851968863));
#8547=CARTESIAN_POINT('',(-0.0895336345943446,-0.114500626598661,-0.0322595350454614));
#8548=CARTESIAN_POINT('',(-0.0894831762576008,-0.114363113137707,-0.0321601399854947));
#8549=CARTESIAN_POINT('',(-0.0873348852455492,-0.117180730468156,-0.0323677492509408));
#8550=CARTESIAN_POINT('',(-0.0876243028284003,-0.117073722174673,-0.032277613405587));
#8551=CARTESIAN_POINT('',(-0.0879023628397961,-0.116924450089356,-0.0322157789785211));
#8552=CARTESIAN_POINT('',(-0.0884192873044961,-0.116554852440685,-0.0321452893474275));
#8553=CARTESIAN_POINT('',(-0.0886583136249457,-0.116334281462309,-0.0321369544640687));
#8554=CARTESIAN_POINT('',(-0.0889678907813985,-0.115961633412766,-0.0321586716932714));
#8555=CARTESIAN_POINT('',(-0.089157550109763,-0.115699884389964,-0.0321837555624817));
#8556=CARTESIAN_POINT('',(-0.0893771025319498,-0.115280605661619,-0.0322405162234396));
#8557=CARTESIAN_POINT('',(-0.0895237451996181,-0.114828045833212,-0.0322929012646396));
#8558=CARTESIAN_POINT('',(-0.0895319947669556,-0.11450153789125,-0.0322563916299576));
#8559=CARTESIAN_POINT('',(-0.0894819260328075,-0.114364756475342,-0.0321576750148536));
#8560=CARTESIAN_POINT('',(-0.0879108233456432,-0.117599823780951,-0.0333570925378473));
#8561=CARTESIAN_POINT('',(-0.0878713555562894,-0.11755254064378,-0.0333067200679268));
#8562=CARTESIAN_POINT('',(-0.087783229272879,-0.117450472210936,-0.033190951793776));
#8563=CARTESIAN_POINT('',(-0.0876069059180307,-0.117294798603203,-0.0329137542781695));
#8564=CARTESIAN_POINT('',(-0.0874378131893739,-0.117199683172031,-0.0325970721633095));
#8565=CARTESIAN_POINT('',(-0.0873652111119257,-0.117185279734926,-0.0324362864621258));
#8566=CARTESIAN_POINT('',(-0.0873348852455492,-0.117180730468156,-0.0323677492509408));
#8567=CARTESIAN_POINT('',(-0.085999536214052,-0.117906533792927,-0.0336838420256504));
#8568=CARTESIAN_POINT('',(-0.0863321053585395,-0.117906533799539,-0.0336838420326942));
#8569=CARTESIAN_POINT('',(-0.0869862706355557,-0.117869684487475,-0.0336445851014806));
#8570=CARTESIAN_POINT('',(-0.0876200649127895,-0.117713503396687,-0.0334781996252097));
#8571=CARTESIAN_POINT('',(-0.0879108233456432,-0.117599823780951,-0.0333570925378474));
#8572=CARTESIAN_POINT('',(-0.085999536214052,-0.117872672710578,-0.0336477685657632));
#8573=CARTESIAN_POINT('',(-0.0863293627283244,-0.117874301749204,-0.0336495040406947));
#8574=CARTESIAN_POINT('',(-0.0869772951786331,-0.117840571765345,-0.0336135702448632));
#8575=CARTESIAN_POINT('',(-0.0876038284036433,-0.117687837362681,-0.0334508566525693));
#8576=CARTESIAN_POINT('',(-0.0878909823708652,-0.117576053928436,-0.0333317696372857));
#8577=CARTESIAN_POINT('',(-0.085999536214052,-0.117838556039972,-0.0336111252158901));
#8578=CARTESIAN_POINT('',(-0.0863265873680658,-0.117841811928453,-0.0336146182499754));
#8579=CARTESIAN_POINT('',(-0.0869682077016201,-0.117811203181132,-0.033582050294541));
#8580=CARTESIAN_POINT('',(-0.0875873802988135,-0.117661941685489,-0.0334230581490178));
#8581=CARTESIAN_POINT('',(-0.0878708815751102,-0.117552075187163,-0.0333060190264753));
#8582=CARTESIAN_POINT('',(-0.085999536214052,-0.117768059355078,-0.0335263149746592));
#8583=CARTESIAN_POINT('',(-0.0863204850293822,-0.117774345560877,-0.0335338285470606));
#8584=CARTESIAN_POINT('',(-0.0869481350675369,-0.117749722292169,-0.0335089573727699));
#8585=CARTESIAN_POINT('',(-0.0875508989539812,-0.117607702699547,-0.0333583842305403));
#8586=CARTESIAN_POINT('',(-0.0878262714906198,-0.117501977169467,-0.0332459429868784));
#8587=CARTESIAN_POINT('',(-0.085999536214052,-0.117731776740191,-0.0334783435950984));
#8588=CARTESIAN_POINT('',(-0.0863171696482014,-0.117739467213222,-0.0334881126363588));
#8589=CARTESIAN_POINT('',(-0.0869371896948249,-0.117717707523684,-0.0334675578724357));
#8590=CARTESIAN_POINT('',(-0.087530941034759,-0.117579447430358,-0.0333216650519489));
#8591=CARTESIAN_POINT('',(-0.0878018546756074,-0.117475938399888,-0.0332117640030819));
#8592=CARTESIAN_POINT('',(-0.085999536214052,-0.117659771727318,-0.0333710427038872));
#8593=CARTESIAN_POINT('',(-0.0863101010747347,-0.117669867909896,-0.0333858793148048));
#8594=CARTESIAN_POINT('',(-0.0869137795618917,-0.117653282379561,-0.0333750097280022));
#8595=CARTESIAN_POINT('',(-0.0874881512812893,-0.117522603718685,-0.0332394168943818));
#8596=CARTESIAN_POINT('',(-0.0877494798254603,-0.11742372278862,-0.0331350337461642));
#8597=CARTESIAN_POINT('',(-0.085999536214052,-0.117624146728733,-0.0333119087040338));
#8598=CARTESIAN_POINT('',(-0.0863063594796929,-0.117635245153395,-0.0333295499054462));
#8599=CARTESIAN_POINT('',(-0.0869013545860287,-0.117620969540188,-0.0333240345550175));
#8600=CARTESIAN_POINT('',(-0.0874653947678222,-0.117494103315763,-0.0331940441517407));
#8601=CARTESIAN_POINT('',(-0.0877216142640486,-0.117397626453775,-0.0330926289180329));
#8602=CARTESIAN_POINT('',(-0.085999536214052,-0.117557739455953,-0.0331867407750352));
#8603=CARTESIAN_POINT('',(-0.0862987811388935,-0.11757027408031,-0.033210429305472));
#8604=CARTESIAN_POINT('',(-0.0868761423723084,-0.117559755316968,-0.0332164345780576));
#8605=CARTESIAN_POINT('',(-0.0874191819449909,-0.117440169332348,-0.0330981893749004));
#8606=CARTESIAN_POINT('',(-0.0876650061587137,-0.117348447176668,-0.033002885187546));
#8607=CARTESIAN_POINT('',(-0.085999536214052,-0.117527054581159,-0.033120902357687));
#8608=CARTESIAN_POINT('',(-0.08629495599038,-0.117540023962896,-0.0331478261163499));
#8609=CARTESIAN_POINT('',(-0.0868633949188092,-0.117530951469384,-0.0331599832451969));
#8610=CARTESIAN_POINT('',(-0.087395800956407,-0.117414823791417,-0.0330478635770357));
#8611=CARTESIAN_POINT('',(-0.0876363560885134,-0.117325444741249,-0.0329556927301804));
#8612=CARTESIAN_POINT('',(-0.085999536214052,-0.117473347028317,-0.0329852112359888));
#8613=CARTESIAN_POINT('',(-0.0862874341390312,-0.11748644217072,-0.0330189807285024));
#8614=CARTESIAN_POINT('',(-0.0868382801775558,-0.117479095153775,-0.0330441219632349));
#8615=CARTESIAN_POINT('',(-0.0873497165780384,-0.117369243878313,-0.0329445495063724));
#8616=CARTESIAN_POINT('',(-0.0875798659562785,-0.117284338524011,-0.0328586542930742));
#8617=CARTESIAN_POINT('',(-0.085999536214052,-0.117450186984712,-0.0329147465070186));
#8618=CARTESIAN_POINT('',(-0.0862837074883761,-0.117462955978856,-0.0329521671435279));
#8619=CARTESIAN_POINT('',(-0.0868258121749399,-0.117455869520256,-0.0329842162743366));
#8620=CARTESIAN_POINT('',(-0.0873268295640061,-0.117348851823854,-0.0328911271349394));
#8621=CARTESIAN_POINT('',(-0.0875518008443354,-0.117266093369239,-0.032808400707688));
#8622=CARTESIAN_POINT('',(-0.085999536214052,-0.117412247489168,-0.0327734755741146));
#8623=CARTESIAN_POINT('',(-0.0862765583326792,-0.11742359780554,-0.0328182893218454));
#8624=CARTESIAN_POINT('',(-0.0868018047183599,-0.117415774999148,-0.0328643073885529));
#8625=CARTESIAN_POINT('',(-0.0872826523125994,-0.117313637196389,-0.0327841000654865));
#8626=CARTESIAN_POINT('',(-0.0874976015202181,-0.117234878646801,-0.0327075772767003));
#8627=CARTESIAN_POINT('',(-0.085999536214052,-0.117397522963394,-0.0327029646953092));
#8628=CARTESIAN_POINT('',(-0.0862731498476951,-0.117407786438319,-0.0327514988871892));
#8629=CARTESIAN_POINT('',(-0.0867903111764108,-0.117398971415388,-0.032804538073348));
#8630=CARTESIAN_POINT('',(-0.087261443183156,-0.117298871719053,-0.0327306987799836));
#8631=CARTESIAN_POINT('',(-0.0874715665305873,-0.117221959108343,-0.0326571986873585));
#8632=CARTESIAN_POINT('',(-0.085999536214052,-0.117376649359939,-0.0325713699399867));
#8633=CARTESIAN_POINT('',(-0.0862670392312796,-0.117384280668764,-0.0326266299595341));
#8634=CARTESIAN_POINT('',(-0.0867695542020175,-0.117372561010327,-0.0326923791929571));
#8635=CARTESIAN_POINT('',(-0.0872228648838522,-0.117275614405713,-0.0326301600487321));
#8636=CARTESIAN_POINT('',(-0.0874241703056813,-0.117201932454561,-0.0325622064841827));
#8637=CARTESIAN_POINT('',(-0.085999536214052,-0.117370555208423,-0.0325105813885979));
#8638=CARTESIAN_POINT('',(-0.0862643511199059,-0.117376646880661,-0.032568825268587));
#8639=CARTESIAN_POINT('',(-0.0867603366815885,-0.117363019492855,-0.0326402235094515));
#8640=CARTESIAN_POINT('',(-0.0872055768219228,-0.117267179665379,-0.0325832260155006));
#8641=CARTESIAN_POINT('',(-0.0874029082929494,-0.117194875368445,-0.0325177841266083));
#8642=CARTESIAN_POINT('',(-0.085999536214052,-0.117364581303042,-0.0324036209772274));
#8643=CARTESIAN_POINT('',(-0.0862598014291676,-0.117367557320948,-0.0324665602191057));
#8644=CARTESIAN_POINT('',(-0.0867445158748333,-0.117349771833569,-0.0325469096068526));
#8645=CARTESIAN_POINT('',(-0.0871754451433528,-0.117255391407103,-0.0324986565753134));
#8646=CARTESIAN_POINT('',(-0.0873657976182058,-0.117185386677331,-0.0324375941846538));
#8647=CARTESIAN_POINT('',(-0.085999536214052,-0.117364756475342,-0.0323577444423739));
#8648=CARTESIAN_POINT('',(-0.0862579538698607,-0.117366162163568,-0.0324223736626232));
#8649=CARTESIAN_POINT('',(-0.0867379585005223,-0.117346130995584,-0.0325059852694397));
#8650=CARTESIAN_POINT('',(-0.0871626826346433,-0.11725209498483,-0.0324612245808748));
#8651=CARTESIAN_POINT('',(-0.0873500481787375,-0.117183005101541,-0.0324020178565333));
#8652=CARTESIAN_POINT('',(-0.085999536214052,-0.117364756475342,-0.0323150518267915));
#8653=CARTESIAN_POINT('',(-0.0862562283501799,-0.117364756475342,-0.0323809033356303));
#8654=CARTESIAN_POINT('',(-0.0867317529072092,-0.117342646892939,-0.0324669305244186));
#8655=CARTESIAN_POINT('',(-0.087150408623858,-0.117248938239828,-0.0324252024151696));
#8656=CARTESIAN_POINT('',(-0.0873348852455492,-0.117180730468156,-0.0323677492509408));
#8657=CARTESIAN_POINT('',(-0.085999536214052,-0.117364516185631,-0.0323150485271616));
#8658=CARTESIAN_POINT('',(-0.085999536214052,-0.117357603238843,-0.0328184716471351));
#8659=CARTESIAN_POINT('',(-0.085999536214052,-0.117556780165305,-0.0333216884519893));
#8660=CARTESIAN_POINT('',(-0.085999536214052,-0.117906360765886,-0.0336840087940271));
#8661=CARTESIAN_POINT('',(-0.0822549740785566,-0.119297696333629,-0.03234159472849));
#8662=CARTESIAN_POINT('',(-0.0785104119430609,-0.117906360766857,-0.0336840087950329));
#8663=CARTESIAN_POINT('',(-0.0785104119430609,-0.11755678016569,-0.0333216884529125));
#8664=CARTESIAN_POINT('',(-0.0785104119430609,-0.117357603238836,-0.0328184716476009));
#8665=CARTESIAN_POINT('',(-0.0785104119430609,-0.117364516185631,-0.0323150485271616));
#8666=CARTESIAN_POINT('',(-0.0777126356642461,-0.117868811970047,-0.0336436555764838));
#8667=CARTESIAN_POINT('',(-0.0778446512093032,-0.117884481672217,-0.0336603490881335));
#8668=CARTESIAN_POINT('',(-0.0781098227912819,-0.117904523261081,-0.0336817001319222));
#8669=CARTESIAN_POINT('',(-0.07837681456767,-0.117906533843968,-0.0336838420800262));
#8670=CARTESIAN_POINT('',(-0.0785104119430609,-0.117906533792927,-0.0336838420256503));
#8671=CARTESIAN_POINT('',(-0.0777203997920253,-0.117838173249124,-0.0336110150170711));
#8672=CARTESIAN_POINT('',(-0.0778506916584938,-0.117853092367271,-0.0336269089038752));
#8673=CARTESIAN_POINT('',(-0.0781126886227729,-0.117871795765846,-0.0336468343241793));
#8674=CARTESIAN_POINT('',(-0.0783768146072278,-0.117872672777228,-0.033647768636803));
#8675=CARTESIAN_POINT('',(-0.0785104119430609,-0.117872672710578,-0.0336477685657631));
#8676=CARTESIAN_POINT('',(-0.0777282629114539,-0.117807272429719,-0.0335778376367152));
#8677=CARTESIAN_POINT('',(-0.0778568083524139,-0.117821438297063,-0.0335929213150341));
#8678=CARTESIAN_POINT('',(-0.0781155903439988,-0.11783879887756,-0.0336114000077929));
#8679=CARTESIAN_POINT('',(-0.0783768146473461,-0.117838534263949,-0.0336111007135512));
#8680=CARTESIAN_POINT('',(-0.0785104119430609,-0.117838517695223,-0.0336110813332268));
#8681=CARTESIAN_POINT('',(-0.0777456419943231,-0.11774289203958,-0.0335008324650655));
#8682=CARTESIAN_POINT('',(-0.0778703137957676,-0.117755564293531,-0.0335140729303871));
#8683=CARTESIAN_POINT('',(-0.0781219846657347,-0.117770301453728,-0.0335292308787625));
#8684=CARTESIAN_POINT('',(-0.07837681473626,-0.117767843649083,-0.0335260149170394));
#8685=CARTESIAN_POINT('',(-0.0785104119430609,-0.117767679840655,-0.0335257800956095));
#8686=CARTESIAN_POINT('',(-0.0777551226222362,-0.11770951376478,-0.033457189030436));
#8687=CARTESIAN_POINT('',(-0.0778776753401461,-0.117721446660695,-0.0334694001338789));
#8688=CARTESIAN_POINT('',(-0.0781254644207317,-0.117734905271552,-0.0334826913310658));
#8689=CARTESIAN_POINT('',(-0.07837681478485,-0.117731400485666,-0.0334778012851401));
#8690=CARTESIAN_POINT('',(-0.0785104119430609,-0.117731114574647,-0.033477377241305));
#8691=CARTESIAN_POINT('',(-0.0777753811516418,-0.117642793538141,-0.0333596089771908));
#8692=CARTESIAN_POINT('',(-0.0778933954578428,-0.117653326757746,-0.0333695326573238));
#8693=CARTESIAN_POINT('',(-0.0781328780843957,-0.117664440177953,-0.0333786682288316));
#8694=CARTESIAN_POINT('',(-0.0783768148880988,-0.117659157581698,-0.0333700627400906));
#8695=CARTESIAN_POINT('',(-0.0785104119430609,-0.117658689481844,-0.033369297664055));
#8696=CARTESIAN_POINT('',(-0.0777861237176067,-0.117609552882236,-0.0333058567152395));
#8697=CARTESIAN_POINT('',(-0.0779017268261058,-0.117619426788123,-0.0333145259765746));
#8698=CARTESIAN_POINT('',(-0.0781367991475497,-0.1176294756199,-0.0333213799392415));
#8699=CARTESIAN_POINT('',(-0.078376814942552,-0.117623466779316,-0.0333107420683009));
#8700=CARTESIAN_POINT('',(-0.0785104119430609,-0.117622947228254,-0.0333098320918861));
#8701=CARTESIAN_POINT('',(-0.0778078708584183,-0.117547151126436,-0.0331924508170433));
#8702=CARTESIAN_POINT('',(-0.0779185875341312,-0.117555867380232,-0.0331984557986566));
#8703=CARTESIAN_POINT('',(-0.0781447139329041,-0.117564161163894,-0.033200487332713));
#8704=CARTESIAN_POINT('',(-0.078376815051331,-0.11755721529356,-0.0331856920473991));
#8705=CARTESIAN_POINT('',(-0.0785104119430609,-0.117556812301791,-0.0331848752891115));
#8706=CARTESIAN_POINT('',(-0.0778188400977375,-0.117518091322476,-0.0331329815374627));
#8707=CARTESIAN_POINT('',(-0.0779270896688384,-0.117526310242452,-0.0331375803007857));
#8708=CARTESIAN_POINT('',(-0.0781486948095914,-0.117533915619311,-0.033137078280722));
#8709=CARTESIAN_POINT('',(-0.0783768151054513,-0.117526763548355,-0.0331201669396474));
#8710=CARTESIAN_POINT('',(-0.0785104119430609,-0.117526537202121,-0.0331195952092824));
#8711=CARTESIAN_POINT('',(-0.0778403856921211,-0.117466483784359,-0.033011037296507));
#8712=CARTESIAN_POINT('',(-0.0779437849730965,-0.117473936594991,-0.0330127113205005));
#8713=CARTESIAN_POINT('',(-0.078156488323772,-0.11748065244981,-0.0330069856705422));
#8714=CARTESIAN_POINT('',(-0.0783768152099469,-0.117473638412968,-0.0329859473451042));
#8715=CARTESIAN_POINT('',(-0.0785104119430609,-0.117473864407355,-0.0329865183843933));
#8716=CARTESIAN_POINT('',(-0.0778510475493843,-0.117443763106763,-0.032948048504174));
#8717=CARTESIAN_POINT('',(-0.0779520444364182,-0.117450948162177,-0.0329481882757064));
#8718=CARTESIAN_POINT('',(-0.0781603317421778,-0.117457465257709,-0.0329397477856147));
#8719=CARTESIAN_POINT('',(-0.078376815260721,-0.117450787509999,-0.0329166925742088));
#8720=CARTESIAN_POINT('',(-0.0785104119430609,-0.117451260959155,-0.0329182018079862));
#8721=CARTESIAN_POINT('',(-0.0778715519897952,-0.117405298563452,-0.0328220009711075));
#8722=CARTESIAN_POINT('',(-0.0779679173915536,-0.117412198160016,-0.0328190641007787));
#8723=CARTESIAN_POINT('',(-0.0781676981128902,-0.117418799328057,-0.0328051893440953));
#8724=CARTESIAN_POINT('',(-0.078376815357712,-0.117413193820128,-0.0327781947359399));
#8725=CARTESIAN_POINT('',(-0.0785104119430609,-0.11741396086063,-0.0327818319663498));
#8726=CARTESIAN_POINT('',(-0.0778813568661826,-0.11738961561488,-0.0327591832415719));
#8727=CARTESIAN_POINT('',(-0.0779755014423961,-0.117396497550468,-0.0327547120797639));
#8728=CARTESIAN_POINT('',(-0.078171207535561,-0.117403380144322,-0.0327381299213051));
#8729=CARTESIAN_POINT('',(-0.0783768154037931,-0.117398509051851,-0.0327092139606574));
#8730=CARTESIAN_POINT('',(-0.0785104119430609,-0.117399322996906,-0.0327140131200701));
#8731=CARTESIAN_POINT('',(-0.0778991176170372,-0.117365779080802,-0.0326411024560796));
#8732=CARTESIAN_POINT('',(-0.0779892157954975,-0.117372837594173,-0.0326338425049657));
#8733=CARTESIAN_POINT('',(-0.0781775416739675,-0.117380634161549,-0.0326122533655803));
#8734=CARTESIAN_POINT('',(-0.0783768154886733,-0.117377465079677,-0.0325794762592878));
#8735=CARTESIAN_POINT('',(-0.0785104119430609,-0.117378159820438,-0.0325856436959547));
#8736=CARTESIAN_POINT('',(-0.077907035784744,-0.117357686412438,-0.0325860804113207));
#8737=CARTESIAN_POINT('',(-0.0779953166567852,-0.117364939207226,-0.0325775740603012));
#8738=CARTESIAN_POINT('',(-0.0781803528600673,-0.117373366916328,-0.0325536973664475));
#8739=CARTESIAN_POINT('',(-0.0783768155273364,-0.117371163894405,-0.0325189816252915));
#8740=CARTESIAN_POINT('',(-0.0785104119430609,-0.117371693294295,-0.0325253275370686));
#8741=CARTESIAN_POINT('',(-0.077920767673217,-0.117347375563616,-0.0324871644857026));
#8742=CARTESIAN_POINT('',(-0.0780058607815999,-0.117355131699577,-0.0324766262275817));
#8743=CARTESIAN_POINT('',(-0.0781852087807404,-0.117364967279537,-0.0324488208114084));
#8744=CARTESIAN_POINT('',(-0.0783768155978938,-0.117364780602238,-0.0324099455001592));
#8745=CARTESIAN_POINT('',(-0.0785104119430609,-0.117364962228446,-0.0324146523567829));
#8746=CARTESIAN_POINT('',(-0.0779265436872228,-0.117345218300302,-0.0324435116160412));
#8747=CARTESIAN_POINT('',(-0.0780102746041556,-0.117353283538675,-0.0324321959486456));
#8748=CARTESIAN_POINT('',(-0.0781872399856778,-0.117363894441782,-0.0324027613893039));
#8749=CARTESIAN_POINT('',(-0.0783768156296519,-0.117364756513967,-0.0323616663011141));
#8750=CARTESIAN_POINT('',(-0.0785104119430609,-0.117364756475342,-0.032364527754333));
#8751=CARTESIAN_POINT('',(-0.0779320924980451,-0.11734315337305,-0.0324015688396944));
#8752=CARTESIAN_POINT('',(-0.0780145012817607,-0.117351506417685,-0.0323896218743251));
#8753=CARTESIAN_POINT('',(-0.0781891912852178,-0.117362846227497,-0.0323587333543965));
#8754=CARTESIAN_POINT('',(-0.0783768156619415,-0.117364756475342,-0.0323150525129624));
#8755=CARTESIAN_POINT('',(-0.0785104119430609,-0.117364756475342,-0.0323150518267915));
#8756=CARTESIAN_POINT('',(-0.0777126356642461,-0.117868811970047,-0.0336436555764838));
#8757=CARTESIAN_POINT('',(-0.0777281639198044,-0.117807534528202,-0.0335783744576584));
#8758=CARTESIAN_POINT('',(-0.0777625835973,-0.117676197193761,-0.0334294594790666));
#8759=CARTESIAN_POINT('',(-0.0778302228513774,-0.117478929938299,-0.0330797241596597));
#8760=CARTESIAN_POINT('',(-0.077894202366766,-0.117361808373548,-0.0326837003842036));
#8761=CARTESIAN_POINT('',(-0.0779209948764005,-0.117347283227553,-0.032485454392388));
#8762=CARTESIAN_POINT('',(-0.0779320924980451,-0.11734315337305,-0.0324015688396944));
#8763=CARTESIAN_POINT('',(-0.0779320924980451,-0.11734315337305,-0.0324015688396944));
#8764=CARTESIAN_POINT('',(-0.0777701491852502,-0.117326738620957,-0.0324250460773998));
#8765=CARTESIAN_POINT('',(-0.0776134078284353,-0.117300029598955,-0.0324564205868661));
#8766=CARTESIAN_POINT('',(-0.0773106482583917,-0.117230321940059,-0.032535547713159));
#8767=CARTESIAN_POINT('',(-0.0771646188841174,-0.117187385158913,-0.0325833969394759));
#8768=CARTESIAN_POINT('',(-0.0768836521200375,-0.117089245966671,-0.032695627647889));
#8769=CARTESIAN_POINT('',(-0.0767487649083001,-0.117033765463174,-0.0327595747909648));
#8770=CARTESIAN_POINT('',(-0.0764913262400836,-0.116909713852914,-0.0328965821287834));
#8771=CARTESIAN_POINT('',(-0.0763688592435201,-0.116841301494815,-0.0329693981002633));
#8772=CARTESIAN_POINT('',(-0.076136969939649,-0.116690300748277,-0.0331188489077919));
#8773=CARTESIAN_POINT('',(-0.0760274000039485,-0.116607434881345,-0.0331959106243037));
#8774=CARTESIAN_POINT('',(-0.0758201477263202,-0.116422934349526,-0.0333539545229183));
#8775=CARTESIAN_POINT('',(-0.0757220324877353,-0.116320813074068,-0.0334350145397744));
#8776=CARTESIAN_POINT('',(-0.0755880750754806,-0.116156086050568,-0.0335580914810218));
#8777=CARTESIAN_POINT('',(-0.0755456312013163,-0.116099338621684,-0.0335994099672875));
#8778=CARTESIAN_POINT('',(-0.0754661361754957,-0.115982346363832,-0.0336820324664418));
#8779=CARTESIAN_POINT('',(-0.0754291063574426,-0.115921938307063,-0.0337232331548627));
#8780=CARTESIAN_POINT('',(-0.0753787314098533,-0.115827118511634,-0.0337832105871332));
#8781=CARTESIAN_POINT('',(-0.0753628539388223,-0.115794784411267,-0.0338028027436142));
#8782=CARTESIAN_POINT('',(-0.075334066800358,-0.115727960326566,-0.0338391542853909));
#8783=CARTESIAN_POINT('',(-0.0753211691264013,-0.115693866768132,-0.0338558723102716));
#8784=CARTESIAN_POINT('',(-0.0753048537168867,-0.115638953107818,-0.0338774708136797));
#8785=CARTESIAN_POINT('',(-0.0752999163919765,-0.115619886176175,-0.0338841044867275));
#8786=CARTESIAN_POINT('',(-0.0752941082513544,-0.115592898598326,-0.0338920493622049));
#8787=CARTESIAN_POINT('',(-0.0752927300827222,-0.115586115967788,-0.0338939510318179));
#8788=CARTESIAN_POINT('',(-0.0752914425006782,-0.115579203249136,-0.0338957292001075));
#8789=CARTESIAN_POINT('',(-0.0779265436872228,-0.117345218300302,-0.0324435116160412));
#8790=CARTESIAN_POINT('',(-0.0777652917099969,-0.117329740043612,-0.0324658585113864));
#8791=CARTESIAN_POINT('',(-0.077609088418473,-0.117304009311223,-0.0324959387444266));
#8792=CARTESIAN_POINT('',(-0.0773070877101785,-0.117236084285551,-0.032572076195765));
#8793=CARTESIAN_POINT('',(-0.0771612766728371,-0.117193948810007,-0.0326182234745366));
#8794=CARTESIAN_POINT('',(-0.0768804295177525,-0.117096994252049,-0.0327266050212324));
#8795=CARTESIAN_POINT('',(-0.0767454546356634,-0.117041910735573,-0.0327884343933462));
#8796=CARTESIAN_POINT('',(-0.0764877165714398,-0.116918229245147,-0.032921230164635));
#8797=CARTESIAN_POINT('',(-0.0763650345674553,-0.116849783604187,-0.0329919784033877));
#8798=CARTESIAN_POINT('',(-0.0761327789699667,-0.116698292247408,-0.033137594003387));
#8799=CARTESIAN_POINT('',(-0.0760230634843025,-0.116614980267122,-0.0332128426895777));
#8800=CARTESIAN_POINT('',(-0.075815844110741,-0.116429305019527,-0.0333672612442093));
#8801=CARTESIAN_POINT('',(-0.0757179243727631,-0.116326457550422,-0.033446489803056));
#8802=CARTESIAN_POINT('',(-0.0755844950537792,-0.116160491193403,-0.033566882508889));
#8803=CARTESIAN_POINT('',(-0.0755422651534871,-0.116103305023299,-0.0336073180116849));
#8804=CARTESIAN_POINT('',(-0.0754632688924106,-0.115985396866606,-0.0336882131426649));
#8805=CARTESIAN_POINT('',(-0.0754265250963034,-0.115924512958849,-0.0337285682786566));
#8806=CARTESIAN_POINT('',(-0.0753766399125121,-0.115828974056487,-0.0337873067593464));
#8807=CARTESIAN_POINT('',(-0.0753609355656526,-0.115796399600449,-0.0338064910538334));
#8808=CARTESIAN_POINT('',(-0.0753325107816636,-0.115729101366412,-0.0338420415898655));
#8809=CARTESIAN_POINT('',(-0.0753198004236493,-0.115694770866828,-0.0338583697004427));
#8810=CARTESIAN_POINT('',(-0.0753037832178643,-0.115639525565436,-0.0338793844422104));
#8811=CARTESIAN_POINT('',(-0.0752989488104688,-0.115620353108416,-0.0338858226255409));
#8812=CARTESIAN_POINT('',(-0.075293284573021,-0.115593237897152,-0.0338935022673078));
#8813=CARTESIAN_POINT('',(-0.0752919425137487,-0.115586424834674,-0.0338953380317503));
#8814=CARTESIAN_POINT('',(-0.0752906913245402,-0.115579482898501,-0.0338970502897871));
#8815=CARTESIAN_POINT('',(-0.0779207686791258,-0.117347374903061,-0.0324871571508254));
#8816=CARTESIAN_POINT('',(-0.0777602117492521,-0.117332856552879,-0.0325085308754271));
#8817=CARTESIAN_POINT('',(-0.0776045609758157,-0.117308146509401,-0.0325374197020238));
#8818=CARTESIAN_POINT('',(-0.0773033419047655,-0.117242112576295,-0.0326107004190095));
#8819=CARTESIAN_POINT('',(-0.077157756817762,-0.117200845021855,-0.0326551770402075));
#8820=CARTESIAN_POINT('',(-0.0768770139089697,-0.117105215205375,-0.0327597295898236));
#8821=CARTESIAN_POINT('',(-0.0767419315692787,-0.117050599670388,-0.0328194245836507));
#8822=CARTESIAN_POINT('',(-0.0764838550881399,-0.11692737683749,-0.0329478679557805));
#8823=CARTESIAN_POINT('',(-0.0763609397544946,-0.11685891050602,-0.033016415458241));
#8824=CARTESIAN_POINT('',(-0.0761283018493548,-0.116706870407895,-0.0331578131442423));
#8825=CARTESIAN_POINT('',(-0.0760184415288567,-0.116623050244486,-0.0332310144408244));
#8826=CARTESIAN_POINT('',(-0.0758112770603593,-0.116436072344236,-0.0333814070961962));
#8827=CARTESIAN_POINT('',(-0.0757135745324517,-0.116332436547588,-0.0334586497331767));
#8828=CARTESIAN_POINT('',(-0.0755807188039665,-0.11616513881204,-0.0335761592144979));
#8829=CARTESIAN_POINT('',(-0.0755387201723117,-0.11610748314343,-0.0336156500567715));
#8830=CARTESIAN_POINT('',(-0.0754602609934353,-0.115988597317604,-0.033694697975077));
#8831=CARTESIAN_POINT('',(-0.0754238242807664,-0.11592720679094,-0.0337341500984559));
#8832=CARTESIAN_POINT('',(-0.0753744629959628,-0.115830905143924,-0.0337915691213115));
#8833=CARTESIAN_POINT('',(-0.0753589435049163,-0.115798076303713,-0.0338103197645265));
#8834=CARTESIAN_POINT('',(-0.0753309039075928,-0.115730279079992,-0.0338450219401911));
#8835=CARTESIAN_POINT('',(-0.0753183922067982,-0.115695700874039,-0.0338609383360666));
#8836=CARTESIAN_POINT('',(-0.0753026877498829,-0.115640111640785,-0.033881342349208));
#8837=CARTESIAN_POINT('',(-0.0752979606161907,-0.115620830188596,-0.0338875770885788));
#8838=CARTESIAN_POINT('',(-0.0752924449126684,-0.115593583680491,-0.0338949828703118));
#8839=CARTESIAN_POINT('',(-0.0752911400040446,-0.115586739361748,-0.0338967507683439));
#8840=CARTESIAN_POINT('',(-0.075289926163434,-0.115579767456658,-0.0338983953020802));
#8841=CARTESIAN_POINT('',(-0.0779070479270429,-0.117357671319297,-0.0325859985551702));
#8842=CARTESIAN_POINT('',(-0.0777477572879449,-0.117345174464646,-0.0326055015069264));
#8843=CARTESIAN_POINT('',(-0.0775931062104429,-0.117322571751441,-0.0326319441857365));
#8844=CARTESIAN_POINT('',(-0.0772932557109288,-0.117260357004439,-0.0326991871947148));
#8845=CARTESIAN_POINT('',(-0.0771480318291651,-0.117220796730306,-0.032740063598545));
#8846=CARTESIAN_POINT('',(-0.0768673169735357,-0.117127639193626,-0.0328363141182247));
#8847=CARTESIAN_POINT('',(-0.0767319359663457,-0.117073809228871,-0.0328913462204714));
#8848=CARTESIAN_POINT('',(-0.0764731055462638,-0.116951027130952,-0.0330100846773006));
#8849=CARTESIAN_POINT('',(-0.0763497345426986,-0.116882183027214,-0.0330736104842347));
#8850=CARTESIAN_POINT('',(-0.0761164995278388,-0.116728197148276,-0.0332051256953608));
#8851=CARTESIAN_POINT('',(-0.0760064984640404,-0.116642866547282,-0.0332734306807258));
#8852=CARTESIAN_POINT('',(-0.075799846376918,-0.116452345404326,-0.0334142825537565));
#8853=CARTESIAN_POINT('',(-0.0757028331525549,-0.1163467022348,-0.0334868867216044));
#8854=CARTESIAN_POINT('',(-0.0755715520966077,-0.116176125629236,-0.0335976802933331));
#8855=CARTESIAN_POINT('',(-0.0755301658704446,-0.116117329585352,-0.0336349722743824));
#8856=CARTESIAN_POINT('',(-0.0754530899736194,-0.115996090031473,-0.033709710223277));
#8857=CARTESIAN_POINT('',(-0.07541742700211,-0.115933490282096,-0.033747051668586));
#8858=CARTESIAN_POINT('',(-0.0753693584110258,-0.115835380988391,-0.0338013842136369));
#8859=CARTESIAN_POINT('',(-0.075354290975583,-0.115801951591896,-0.0338191202414361));
#8860=CARTESIAN_POINT('',(-0.0753271837008531,-0.115732983874692,-0.0338518411650998));
#8861=CARTESIAN_POINT('',(-0.0753151490934492,-0.115697828877727,-0.0338667968688709));
#8862=CARTESIAN_POINT('',(-0.0753001839121662,-0.115641445591714,-0.0338857860429289));
#8863=CARTESIAN_POINT('',(-0.0752957082116093,-0.115621913618829,-0.0338915515340603));
#8864=CARTESIAN_POINT('',(-0.0752905364948376,-0.115594366753567,-0.033898330272013));
#8865=CARTESIAN_POINT('',(-0.075289317279718,-0.115587451064653,-0.0338999431734328));
#8866=CARTESIAN_POINT('',(-0.0752881893154214,-0.115580410836299,-0.0339014333544229));
#8867=CARTESIAN_POINT('',(-0.0778991395225468,-0.117365749929429,-0.0326409565866265));
#8868=CARTESIAN_POINT('',(-0.0777404194451552,-0.11735431102328,-0.0326595616836913));
#8869=CARTESIAN_POINT('',(-0.0775862149037402,-0.117332791276114,-0.0326847519680475));
#8870=CARTESIAN_POINT('',(-0.0772869507468818,-0.11727249831354,-0.0327488228516763));
#8871=CARTESIAN_POINT('',(-0.0771418621971703,-0.117233774764098,-0.0327877761842317));
#8872=CARTESIAN_POINT('',(-0.0768610724864358,-0.117141761652615,-0.0328795698155132));
#8873=CARTESIAN_POINT('',(-0.0767255014087158,-0.117088248801253,-0.0329320831183853));
#8874=CARTESIAN_POINT('',(-0.0764662573022565,-0.116965451157216,-0.0330454916781923));
#8875=CARTESIAN_POINT('',(-0.0763426646199368,-0.116896252986648,-0.0331062095841689));
#8876=CARTESIAN_POINT('',(-0.0761092144780487,-0.11674087975068,-0.0332320886626983));
#8877=CARTESIAN_POINT('',(-0.0759992165801111,-0.116654553277569,-0.0332975598288952));
#8878=CARTESIAN_POINT('',(-0.0757930180334968,-0.116461804682765,-0.0334329250738837));
#8879=CARTESIAN_POINT('',(-0.0756964738240999,-0.116354949060409,-0.0335028895680262));
#8880=CARTESIAN_POINT('',(-0.0755661880318073,-0.116182434967181,-0.0336098686959924));
#8881=CARTESIAN_POINT('',(-0.0755251808084663,-0.116122971413778,-0.0336459123980637));
#8882=CARTESIAN_POINT('',(-0.075448946524692,-0.116000362595372,-0.0337181992435062));
#8883=CARTESIAN_POINT('',(-0.0754137477506218,-0.115937063654085,-0.0337543387373627));
#8884=CARTESIAN_POINT('',(-0.075366444014473,-0.115837914449387,-0.0338069125964611));
#8885=CARTESIAN_POINT('',(-0.0753516424274455,-0.115804140518821,-0.0338240703943776));
#8886=CARTESIAN_POINT('',(-0.0753250795727186,-0.1157345044157,-0.0338556637187421));
#8887=CARTESIAN_POINT('',(-0.0753133220360673,-0.115699021830057,-0.0338700730026206));
#8888=CARTESIAN_POINT('',(-0.0752987813743965,-0.115642190401926,-0.0338882617061364));
#8889=CARTESIAN_POINT('',(-0.0752944491713435,-0.115622517513479,-0.0338937625737573));
#8890=CARTESIAN_POINT('',(-0.0752894720455645,-0.115594802296535,-0.0339001896443578));
#8891=CARTESIAN_POINT('',(-0.0752883011622496,-0.115587846659945,-0.0339017157851482));
#8892=CARTESIAN_POINT('',(-0.075287221517182,-0.115580768234644,-0.0339031197013669));
#8893=CARTESIAN_POINT('',(-0.0778813962699563,-0.117389553877726,-0.0327589295797866));
#8894=CARTESIAN_POINT('',(-0.0777235783904337,-0.117380210502446,-0.0327756442207693));
#8895=CARTESIAN_POINT('',(-0.0775700483301358,-0.117360754249393,-0.0327981748005434));
#8896=CARTESIAN_POINT('',(-0.0772715834887511,-0.117303956013027,-0.0328555158446503));
#8897=CARTESIAN_POINT('',(-0.0771266105994588,-0.117266659361352,-0.0328903935389727));
#8898=CARTESIAN_POINT('',(-0.076845449126391,-0.117176318860358,-0.032972777991428));
#8899=CARTESIAN_POINT('',(-0.0767094318703047,-0.11712307120809,-0.0330199824955309));
#8900=CARTESIAN_POINT('',(-0.0764493580452837,-0.116999413628302,-0.0331220994942646));
#8901=CARTESIAN_POINT('',(-0.0763253899444322,-0.116929043557688,-0.033176834845529));
#8902=CARTESIAN_POINT('',(-0.076091793056573,-0.116769928636678,-0.0332906082383763));
#8903=CARTESIAN_POINT('',(-0.0759820096352532,-0.11668111411997,-0.0333499559107511));
#8904=CARTESIAN_POINT('',(-0.0757772061485376,-0.116483017216933,-0.0334734623926478));
#8905=CARTESIAN_POINT('',(-0.0756818792517212,-0.116373349773022,-0.0335377264463897));
#8906=CARTESIAN_POINT('',(-0.0755540171574578,-0.116196431923418,-0.0336364452842931));
#8907=CARTESIAN_POINT('',(-0.0755139146535091,-0.116135464928522,-0.0336697813541124));
#8908=CARTESIAN_POINT('',(-0.0754396558093104,-0.116009790699078,-0.0337367378364574));
#8909=CARTESIAN_POINT('',(-0.0754055311631216,-0.115944935680656,-0.0337702569935349));
#8910=CARTESIAN_POINT('',(-0.0753599723272818,-0.115843481597013,-0.0338189879309189));
#8911=CARTESIAN_POINT('',(-0.0753457734736945,-0.115808945681699,-0.0338348808162949));
#8912=CARTESIAN_POINT('',(-0.0753204373867858,-0.115737835089824,-0.0338640064954175));
#8913=CARTESIAN_POINT('',(-0.0753093008065489,-0.115701631976041,-0.0338772191855228));
#8914=CARTESIAN_POINT('',(-0.0752957045425049,-0.115643817522786,-0.033893656922811));
#8915=CARTESIAN_POINT('',(-0.0752916903356247,-0.115623835955832,-0.0338985793885598));
#8916=CARTESIAN_POINT('',(-0.0752871423589744,-0.115595752369486,-0.033904239041916));
#8917=CARTESIAN_POINT('',(-0.0752860778929123,-0.115588709360828,-0.033905575960344));
#8918=CARTESIAN_POINT('',(-0.0752851044983746,-0.115581547423268,-0.0339067918209504));
#8919=CARTESIAN_POINT('',(-0.0778715987613519,-0.117405218012548,-0.0328217067033862));
#8920=CARTESIAN_POINT('',(-0.0777141118362746,-0.117396908579113,-0.0328374284903889));
#8921=CARTESIAN_POINT('',(-0.0775608090792469,-0.11737842917881,-0.0328585541069238));
#8922=CARTESIAN_POINT('',(-0.0772625566190443,-0.117323197575116,-0.0329123462851635));
#8923=CARTESIAN_POINT('',(-0.0771175641352691,-0.117286488462002,-0.0329450779010472));
#8924=CARTESIAN_POINT('',(-0.0768361070929973,-0.117196673033176,-0.0330225262075328));
#8925=CARTESIAN_POINT('',(-0.0766998348684418,-0.11714337299126,-0.0330669504261602));
#8926=CARTESIAN_POINT('',(-0.0764393468468872,-0.11701887339827,-0.0331631283799624));
#8927=CARTESIAN_POINT('',(-0.0763152256677628,-0.116947688509366,-0.0332147021357487));
#8928=CARTESIAN_POINT('',(-0.0760816968360015,-0.116786228942782,-0.0333220344037911));
#8929=CARTESIAN_POINT('',(-0.0759721237997658,-0.116695928636938,-0.0333781075039523));
#8930=CARTESIAN_POINT('',(-0.0757682578966381,-0.11649472401572,-0.0334952701058385));
#8931=CARTESIAN_POINT('',(-0.0756736762189277,-0.116383463795589,-0.0335564862664464));
#8932=CARTESIAN_POINT('',(-0.0755472367406543,-0.116204089681097,-0.0336507774993675));
#8933=CARTESIAN_POINT('',(-0.0755076578192435,-0.116142290121477,-0.0336826601376367));
#8934=CARTESIAN_POINT('',(-0.0754345282147694,-0.116014926539914,-0.0337467490136208));
#8935=CARTESIAN_POINT('',(-0.0754010110387407,-0.115949218048161,-0.0337788554993762));
#8936=CARTESIAN_POINT('',(-0.0753564283084782,-0.115846503987609,-0.0338255105350165));
#8937=CARTESIAN_POINT('',(-0.0753425649885404,-0.115811552259658,-0.0338407194719958));
#8938=CARTESIAN_POINT('',(-0.075317908533522,-0.115739638682827,-0.0338685103975098));
#8939=CARTESIAN_POINT('',(-0.0753071144735283,-0.115703044125548,-0.0338810754712446));
#8940=CARTESIAN_POINT('',(-0.0752940360803486,-0.115644696768065,-0.0338965663527622));
#8941=CARTESIAN_POINT('',(-0.0752901957102091,-0.115624548048132,-0.0339011762209188));
#8942=CARTESIAN_POINT('',(-0.0752858814298626,-0.115596265152699,-0.0339064216407771));
#8943=CARTESIAN_POINT('',(-0.0752848748381976,-0.115589174885881,-0.0339076564670445));
#8944=CARTESIAN_POINT('',(-0.0752839591664736,-0.115581967790409,-0.0339087709004843));
#8945=CARTESIAN_POINT('',(-0.0778510893627898,-0.117443678692149,-0.0329477970732136));
#8946=CARTESIAN_POINT('',(-0.0776939482202744,-0.117437234315399,-0.0329613446323245));
#8947=CARTESIAN_POINT('',(-0.0775408097592471,-0.117420405858286,-0.0329795162195669));
#8948=CARTESIAN_POINT('',(-0.0772425105440987,-0.117367568799258,-0.0330260093529475));
#8949=CARTESIAN_POINT('',(-0.0770972987046105,-0.117331598329482,-0.0330543919788853));
#8950=CARTESIAN_POINT('',(-0.0768150521436488,-0.117241895769124,-0.0331219376012813));
#8951=CARTESIAN_POINT('',(-0.076678247092866,-0.117187992243251,-0.0331608259938642));
#8952=CARTESIAN_POINT('',(-0.076417018173527,-0.117060852863163,-0.0332452254305774));
#8953=CARTESIAN_POINT('',(-0.0762927038739647,-0.116987584919251,-0.0332905525338513));
#8954=CARTESIAN_POINT('',(-0.076059637532538,-0.116820653942701,-0.0333851671135427));
#8955=CARTESIAN_POINT('',(-0.0759506939738529,-0.116727046999991,-0.0334347761021577));
#8956=CARTESIAN_POINT('',(-0.0757491294084849,-0.11651908424465,-0.0335393561026623));
#8957=CARTESIAN_POINT('',(-0.0756562532979108,-0.116404434649869,-0.0335944921925603));
#8958=CARTESIAN_POINT('',(-0.0755329532719183,-0.116219905788955,-0.0336799006892375));
#8959=CARTESIAN_POINT('',(-0.0754945149307393,-0.116156370700769,-0.0337088590127847));
#8960=CARTESIAN_POINT('',(-0.0754238165056999,-0.116025501977243,-0.0337671622455566));
#8961=CARTESIAN_POINT('',(-0.07539159359816,-0.115958030697075,-0.0337964102770631));
#8962=CARTESIAN_POINT('',(-0.0753490683069961,-0.115852720995188,-0.033838851845113));
#8963=CARTESIAN_POINT('',(-0.0753359088395491,-0.115816913781691,-0.0338526703906764));
#8964=CARTESIAN_POINT('',(-0.0753126721579429,-0.115743349173624,-0.0338777439989041));
#8965=CARTESIAN_POINT('',(-0.0753025906222489,-0.115705950410428,-0.0338889889249147));
#8966=CARTESIAN_POINT('',(-0.0752905860314232,-0.115646507686489,-0.033902545753707));
#8967=CARTESIAN_POINT('',(-0.0752871055751526,-0.115626015251024,-0.0339065163499825));
#8968=CARTESIAN_POINT('',(-0.0752832746722782,-0.115597322026611,-0.0339109132491008));
#8969=CARTESIAN_POINT('',(-0.0752823877499254,-0.115590134418193,-0.0339119388303188));
#8970=CARTESIAN_POINT('',(-0.0752815914058074,-0.11558283426852,-0.0339128452779767));
#8971=CARTESIAN_POINT('',(-0.0778404148123221,-0.117466414033586,-0.0330108724813372));
#8972=CARTESIAN_POINT('',(-0.077683287816206,-0.117460797131153,-0.0330232384139469));
#8973=CARTESIAN_POINT('',(-0.077530085706149,-0.117444639089155,-0.0330398632820252));
#8974=CARTESIAN_POINT('',(-0.0772315267632367,-0.117392623633013,-0.033082615084719));
#8975=CARTESIAN_POINT('',(-0.0770861152396685,-0.1173568016335,-0.0331088012876692));
#8976=CARTESIAN_POINT('',(-0.0768033760672451,-0.117266683756318,-0.0331713965164036));
#8977=CARTESIAN_POINT('',(-0.0766662942980715,-0.117212228660786,-0.0332075390823365));
#8978=CARTESIAN_POINT('',(-0.0764047405131322,-0.117083293883234,-0.0332861216660118));
#8979=CARTESIAN_POINT('',(-0.0762803868329093,-0.11700876071753,-0.0333283767705281));
#8980=CARTESIAN_POINT('',(-0.0760477146007602,-0.116838712659027,-0.033416743214954));
#8981=CARTESIAN_POINT('',(-0.0759391892088686,-0.11674329125093,-0.0334631777666765));
#8982=CARTESIAN_POINT('',(-0.0757389844618696,-0.116531691217853,-0.0335615473008492));
#8983=CARTESIAN_POINT('',(-0.0756470656208175,-0.116415251617146,-0.0336136640867326));
#8984=CARTESIAN_POINT('',(-0.0755254766127313,-0.116228034278522,-0.0336946356934663));
#8985=CARTESIAN_POINT('',(-0.0754876531352141,-0.116163599593743,-0.0337221290555653));
#8986=CARTESIAN_POINT('',(-0.0754182520630846,-0.116030921874763,-0.0337775259047702));
#8987=CARTESIAN_POINT('',(-0.0753867134935914,-0.115962544691409,-0.0338053338673544));
#8988=CARTESIAN_POINT('',(-0.0753452655961524,-0.115855904316136,-0.0338456462035758));
#8989=CARTESIAN_POINT('',(-0.0753324730961715,-0.115819659067769,-0.0338587610403811));
#8990=CARTESIAN_POINT('',(-0.0753099738401621,-0.115745249531305,-0.0338824573772654));
#8991=CARTESIAN_POINT('',(-0.0753002609431061,-0.115707439501654,-0.0338930323294323));
#8992=CARTESIAN_POINT('',(-0.0752888102766197,-0.115647436294265,-0.0339056056011848));
#8993=CARTESIAN_POINT('',(-0.0752855152355491,-0.115626767906213,-0.0339092507039407));
#8994=CARTESIAN_POINT('',(-0.075281933152011,-0.115597864370541,-0.0339132148322112));
#8995=CARTESIAN_POINT('',(-0.0752811078135222,-0.115590626844915,-0.0339141336301125));
#8996=CARTESIAN_POINT('',(-0.0752803728657092,-0.115583278956352,-0.0339149338828296));
#8997=CARTESIAN_POINT('',(-0.0778188109775366,-0.11751816107325,-0.0331331463526325));
#8998=CARTESIAN_POINT('',(-0.0776613773194523,-0.117513862635059,-0.0331429508588637));
#8999=CARTESIAN_POINT('',(-0.0775077466654413,-0.117498620662391,-0.0331563809856183));
#9000=CARTESIAN_POINT('',(-0.0772081968707148,-0.117447305052178,-0.0331916132655769));
#9001=CARTESIAN_POINT('',(-0.0770622174798553,-0.11741126082013,-0.0332134710525899));
#9002=CARTESIAN_POINT('',(-0.0767783435198869,-0.117319265391988,-0.0332664321541138));
#9003=CARTESIAN_POINT('',(-0.0766407198246691,-0.11726318199403,-0.0332972853489521));
#9004=CARTESIAN_POINT('',(-0.0763786536571665,-0.117129727797019,-0.0333647495553866));
#9005=CARTESIAN_POINT('',(-0.0762543476512873,-0.117052268392503,-0.0334011785648617));
#9006=CARTESIAN_POINT('',(-0.0760227695022146,-0.116875401955332,-0.0334777431887074));
#9007=CARTESIAN_POINT('',(-0.0759152588279263,-0.116776149797117,-0.0335181969265394));
#9008=CARTESIAN_POINT('',(-0.0757181089380937,-0.11655699524534,-0.0336047808899967));
#9009=CARTESIAN_POINT('',(-0.0756282594135664,-0.116436896420938,-0.0336511166612568));
#9010=CARTESIAN_POINT('',(-0.075510277633113,-0.116244245592429,-0.03372352941677));
#9011=CARTESIAN_POINT('',(-0.0754737378763292,-0.116178003388745,-0.0337481865320943));
#9012=CARTESIAN_POINT('',(-0.0754070196912093,-0.116041706790073,-0.0337979386486825));
#9013=CARTESIAN_POINT('',(-0.0753768839660501,-0.115971525013282,-0.0338229403672479));
#9014=CARTESIAN_POINT('',(-0.0753376240582118,-0.115862239510911,-0.0338590883142555));
#9015=CARTESIAN_POINT('',(-0.0753255736241498,-0.115825124432663,-0.0338708242672958));
#9016=CARTESIAN_POINT('',(-0.0753045603918068,-0.115749036955651,-0.0338918166699302));
#9017=CARTESIAN_POINT('',(-0.0752955875202393,-0.115710410231361,-0.033901074203416));
#9018=CARTESIAN_POINT('',(-0.0752852468015089,-0.115649292053391,-0.0339117068336896));
#9019=CARTESIAN_POINT('',(-0.0752823230520795,-0.115628273244245,-0.0339147084004691));
#9020=CARTESIAN_POINT('',(-0.0752792394342431,-0.11559894992929,-0.033917814257894));
#9021=CARTESIAN_POINT('',(-0.0752785374878433,-0.115591612678973,-0.0339185210593251));
#9022=CARTESIAN_POINT('',(-0.0752779255760964,-0.115584169345177,-0.0339191102916496));
#9023=CARTESIAN_POINT('',(-0.0778077942540449,-0.117547359098846,-0.0331928614016399));
#9024=CARTESIAN_POINT('',(-0.0776500401262405,-0.117543551319783,-0.0332012812884886));
#9025=CARTESIAN_POINT('',(-0.0774960454297498,-0.117528555588503,-0.0332130546100266));
#9026=CARTESIAN_POINT('',(-0.0771957658124257,-0.117477118842179,-0.0332444843509144));
#9027=CARTESIAN_POINT('',(-0.0770494186480755,-0.117440703932991,-0.0332641945899169));
#9028=CARTESIAN_POINT('',(-0.076764901671626,-0.117347243414713,-0.0333124351734799));
#9029=CARTESIAN_POINT('',(-0.0766270116952657,-0.117290080438358,-0.0333407235544908));
#9030=CARTESIAN_POINT('',(-0.0763647560273821,-0.117153891895211,-0.0334028384322736));
#9031=CARTESIAN_POINT('',(-0.0762405360973017,-0.117074763791992,-0.0334364865803231));
#9032=CARTESIAN_POINT('',(-0.0760096579536918,-0.116894175309387,-0.0335074403951188));
#9033=CARTESIAN_POINT('',(-0.0759027449621717,-0.116792894154524,-0.0335450577995114));
#9034=CARTESIAN_POINT('',(-0.0757072977222155,-0.116569795288874,-0.0336260099077032));
#9035=CARTESIAN_POINT('',(-0.0756185670258746,-0.116447813022419,-0.0336695576271763));
#9036=CARTESIAN_POINT('',(-0.0755024945222081,-0.11625239531603,-0.0337378105656843));
#9037=CARTESIAN_POINT('',(-0.0754666284391216,-0.116185237800346,-0.0337610840210293));
#9038=CARTESIAN_POINT('',(-0.0754013060942841,-0.116047116446291,-0.0338080733108746));
#9039=CARTESIAN_POINT('',(-0.0753718943884195,-0.11597602851361,-0.033831696780601));
#9040=CARTESIAN_POINT('',(-0.0753337538746816,-0.115865417560793,-0.0338657918237383));
#9041=CARTESIAN_POINT('',(-0.0753220815531501,-0.115827867064262,-0.0338768467557449));
#9042=CARTESIAN_POINT('',(-0.0753018229842801,-0.115750939612485,-0.0338965011217093));
#9043=CARTESIAN_POINT('',(-0.0752932245362342,-0.115711904094832,-0.0339051057149599));
#9044=CARTESIAN_POINT('',(-0.0752834443900819,-0.11565022685068,-0.0339147732578992));
#9045=CARTESIAN_POINT('',(-0.0752807080374416,-0.115629032133497,-0.0339174541437337));
#9046=CARTESIAN_POINT('',(-0.0752778761005148,-0.115599497614105,-0.0339201310039153));
#9047=CARTESIAN_POINT('',(-0.0752772364653587,-0.115592110142584,-0.0339207317302556));
#9048=CARTESIAN_POINT('',(-0.0752766866946327,-0.115584618705546,-0.0339212152803595));
#9049=CARTESIAN_POINT('',(-0.0777859399545956,-0.117610125958534,-0.0333067720187862));
#9050=CARTESIAN_POINT('',(-0.0776272624168035,-0.117606961776868,-0.0333123626986551));
#9051=CARTESIAN_POINT('',(-0.0774722951238769,-0.117592065927023,-0.033320843703405));
#9052=CARTESIAN_POINT('',(-0.0771701853236455,-0.117539560853182,-0.0333448512532334));
#9053=CARTESIAN_POINT('',(-0.0770229780046048,-0.117501970810637,-0.0333604282114934));
#9054=CARTESIAN_POINT('',(-0.0767370805269669,-0.117404742054778,-0.0333996684794992));
#9055=CARTESIAN_POINT('',(-0.0765986817503628,-0.117345017105078,-0.033423105140581));
#9056=CARTESIAN_POINT('',(-0.0763361744146792,-0.117202679577523,-0.0334751536658525));
#9057=CARTESIAN_POINT('',(-0.0762122297797495,-0.11711994322923,-0.0335035966434805));
#9058=CARTESIAN_POINT('',(-0.0759829777580968,-0.116931553122635,-0.0335640687409618));
#9059=CARTESIAN_POINT('',(-0.0758773838465926,-0.11682611570401,-0.0335963930594491));
#9060=CARTESIAN_POINT('',(-0.0756855586164429,-0.116595028218086,-0.0336667701016858));
#9061=CARTESIAN_POINT('',(-0.0755991571382889,-0.116469275015314,-0.0337050449964149));
#9062=CARTESIAN_POINT('',(-0.0754869948457754,-0.11626836817681,-0.0337653790920674));
#9063=CARTESIAN_POINT('',(-0.0754524991202924,-0.116199403597848,-0.0337860101641968));
#9064=CARTESIAN_POINT('',(-0.0753899961242744,-0.116057693628305,-0.0338277077129283));
#9065=CARTESIAN_POINT('',(-0.0753620370734947,-0.115984830387079,-0.0338486834006693));
#9066=CARTESIAN_POINT('',(-0.0753261259069055,-0.115871628110127,-0.0338788219746258));
#9067=CARTESIAN_POINT('',(-0.0753152040124734,-0.115833227241067,-0.0338885622998152));
#9068=CARTESIAN_POINT('',(-0.0752964388464968,-0.115754659678318,-0.03390562954152));
#9069=CARTESIAN_POINT('',(-0.0752885790715764,-0.11571482616351,-0.0339129698196958));
#9070=CARTESIAN_POINT('',(-0.0752799024906671,-0.115652056744766,-0.0339207639582126));
#9071=CARTESIAN_POINT('',(-0.0752775347012326,-0.115630518220585,-0.0339228214585675));
#9072=CARTESIAN_POINT('',(-0.075275197528626,-0.115600570528142,-0.0339246627253635));
#9073=CARTESIAN_POINT('',(-0.0752746803697489,-0.115593084773573,-0.0339250567014343));
#9074=CARTESIAN_POINT('',(-0.0752742527267932,-0.115585499168767,-0.0339253341503176));
#9075=CARTESIAN_POINT('',(-0.0777751390825817,-0.117643587887138,-0.033360777674083));
#9076=CARTESIAN_POINT('',(-0.0776158597177662,-0.117640578002546,-0.0333649305084188));
#9077=CARTESIAN_POINT('',(-0.077460284945718,-0.117625537582535,-0.0333717829598709));
#9078=CARTESIAN_POINT('',(-0.077157076627448,-0.117572090162274,-0.0333921854503472));
#9079=CARTESIAN_POINT('',(-0.0770093776932518,-0.117533698733486,-0.0334057843253427));
#9080=CARTESIAN_POINT('',(-0.0767227437312085,-0.117434174573331,-0.0334407609473116));
#9081=CARTESIAN_POINT('',(-0.0765841026760208,-0.117372971835448,-0.0334619191364771));
#9082=CARTESIAN_POINT('',(-0.0763215330069286,-0.117227229666103,-0.0335092673513716));
#9083=CARTESIAN_POINT('',(-0.0761977772154799,-0.117142559140286,-0.0335352942297837));
#9084=CARTESIAN_POINT('',(-0.0759694496261969,-0.116950100395736,-0.0335909111695837));
#9085=CARTESIAN_POINT('',(-0.0758645757501371,-0.116842541318236,-0.0336207863979181));
#9086=CARTESIAN_POINT('',(-0.0756746652617007,-0.116607420826395,-0.0336862359069149));
#9087=CARTESIAN_POINT('',(-0.0755894708118154,-0.116479785815083,-0.0337220341007266));
#9088=CARTESIAN_POINT('',(-0.0754793035520926,-0.11627616524454,-0.0337786214771366));
#9089=CARTESIAN_POINT('',(-0.0754455024080232,-0.116206311755607,-0.0337979979582608));
#9090=CARTESIAN_POINT('',(-0.0753844185584029,-0.116062843591584,-0.0338371748874373));
#9091=CARTESIAN_POINT('',(-0.0753571858749375,-0.115989114018921,-0.0338568852066643));
#9092=CARTESIAN_POINT('',(-0.075322381143075,-0.115874650036434,-0.0338851264748227));
#9093=CARTESIAN_POINT('',(-0.0753118303727096,-0.115835835590045,-0.033894235300396));
#9094=CARTESIAN_POINT('',(-0.0752938015603267,-0.11575647057847,-0.0339100575796786));
#9095=CARTESIAN_POINT('',(-0.075286304853804,-0.115716249180074,-0.0339167884962869));
#9096=CARTESIAN_POINT('',(-0.0752781694550314,-0.115652948512185,-0.0339236773732147));
#9097=CARTESIAN_POINT('',(-0.0752759822172971,-0.115631242685347,-0.0339254332021301));
#9098=CARTESIAN_POINT('',(-0.0752738872780413,-0.115601093765103,-0.0339268692993712));
#9099=CARTESIAN_POINT('',(-0.0752734300716735,-0.115593560127244,-0.0339271629567775));
#9100=CARTESIAN_POINT('',(-0.075273062201697,-0.115585928630847,-0.0339273403451862));
#9101=CARTESIAN_POINT('',(-0.0777548119973345,-0.117710602905853,-0.0334586231675544));
#9102=CARTESIAN_POINT('',(-0.0775941430186579,-0.117707663850838,-0.0334600846482741));
#9103=CARTESIAN_POINT('',(-0.0774371984862054,-0.117692074427209,-0.0334639306534777));
#9104=CARTESIAN_POINT('',(-0.0771315690565562,-0.11763623870439,-0.033477746107739));
#9105=CARTESIAN_POINT('',(-0.0769828187082873,-0.117596000895426,-0.0334877618639708));
#9106=CARTESIAN_POINT('',(-0.0766946793105039,-0.117491474525755,-0.0335150653863829));
#9107=CARTESIAN_POINT('',(-0.0765555845173252,-0.117427147794504,-0.0335321449637757));
#9108=CARTESIAN_POINT('',(-0.0762929886939563,-0.117274384143375,-0.0335710946107126));
#9109=CARTESIAN_POINT('',(-0.0761696783095333,-0.117185806191092,-0.0335928120540928));
#9110=CARTESIAN_POINT('',(-0.0759433145308617,-0.116985282504265,-0.033639757435835));
#9111=CARTESIAN_POINT('',(-0.0758399279048299,-0.116873583281776,-0.0336652521511078));
#9112=CARTESIAN_POINT('',(-0.0756538628055053,-0.116630675384278,-0.0337218441515314));
#9113=CARTESIAN_POINT('',(-0.0755710474506646,-0.116499449574686,-0.0337531669709616));
#9114=CARTESIAN_POINT('',(-0.0754647577143607,-0.116290698524017,-0.0338029451406948));
#9115=CARTESIAN_POINT('',(-0.0754322984571745,-0.11621917277281,-0.0338200351764909));
#9116=CARTESIAN_POINT('',(-0.0753739394462424,-0.116072409704507,-0.0338546053399373));
#9117=CARTESIAN_POINT('',(-0.0753480930495627,-0.115997063018688,-0.0338719965739634));
#9118=CARTESIAN_POINT('',(-0.0753153854952404,-0.115880250482529,-0.0338967509301267));
#9119=CARTESIAN_POINT('',(-0.0753055358500879,-0.115840667303188,-0.0339046975647571));
#9120=CARTESIAN_POINT('',(-0.0752888941647183,-0.115759821384819,-0.0339182254440107));
#9121=CARTESIAN_POINT('',(-0.0752820796178198,-0.11571888012942,-0.0339238314770532));
#9122=CARTESIAN_POINT('',(-0.0752749574796072,-0.11565459494295,-0.0339290476973516));
#9123=CARTESIAN_POINT('',(-0.075273107626048,-0.115632579408272,-0.033930245952073));
#9124=CARTESIAN_POINT('',(-0.0752714641717018,-0.115602058797986,-0.0339309333452393));
#9125=CARTESIAN_POINT('',(-0.0752711186113845,-0.115594436793809,-0.0339310416393353));
#9126=CARTESIAN_POINT('',(-0.0752708619672795,-0.11558672066929,-0.0339310341635111));
#9127=CARTESIAN_POINT('',(-0.0777453224880449,-0.117744049090475,-0.0335022730928869));
#9128=CARTESIAN_POINT('',(-0.0775838668357747,-0.11774102792677,-0.0335024878075877));
#9129=CARTESIAN_POINT('',(-0.0774261610968741,-0.117725035859474,-0.0335049628781143));
#9130=CARTESIAN_POINT('',(-0.0771192109161555,-0.117667759025503,-0.0335158109481493));
#9131=CARTESIAN_POINT('',(-0.0769699015350137,-0.11762647929258,-0.0335242293183493));
#9132=CARTESIAN_POINT('',(-0.0766809941861976,-0.117519253860839,-0.0335481395388009));
#9133=CARTESIAN_POINT('',(-0.0765416881741291,-0.117453285531168,-0.0335634274105228));
#9134=CARTESIAN_POINT('',(-0.0762791283639025,-0.117296915036527,-0.0335986955133619));
#9135=CARTESIAN_POINT('',(-0.0761560741671534,-0.117206369204148,-0.0336185278307059));
#9136=CARTESIAN_POINT('',(-0.0759307480825987,-0.117001860153602,-0.0336616725626548));
#9137=CARTESIAN_POINT('',(-0.0758281273093472,-0.116888148053237,-0.0336852435173319));
#9138=CARTESIAN_POINT('',(-0.0756439882392042,-0.116641497056482,-0.0337379212198717));
#9139=CARTESIAN_POINT('',(-0.0755623415894077,-0.116508567942874,-0.0337672534378774));
#9140=CARTESIAN_POINT('',(-0.0754579284421566,-0.116297408666314,-0.0338139814267843));
#9141=CARTESIAN_POINT('',(-0.0754261143879473,-0.116225102404111,-0.0338300437404886));
#9142=CARTESIAN_POINT('',(-0.0753690567071664,-0.116076808291634,-0.0338625360525756));
#9143=CARTESIAN_POINT('',(-0.0753438679614822,-0.116000713645314,-0.0338788777345472));
#9144=CARTESIAN_POINT('',(-0.0753121476316516,-0.115882818429172,-0.0339020487440259));
#9145=CARTESIAN_POINT('',(-0.0753026267971431,-0.115842881471127,-0.0339094667734969));
#9146=CARTESIAN_POINT('',(-0.0752866334993665,-0.115761354782169,-0.0339219493403111));
#9147=CARTESIAN_POINT('',(-0.0752801368624883,-0.11572008287356,-0.0339270418646277));
#9148=CARTESIAN_POINT('',(-0.0752734849921708,-0.115655346276919,-0.0339314937453846));
#9149=CARTESIAN_POINT('',(-0.0752717913563698,-0.115633188933362,-0.0339324371304467));
#9150=CARTESIAN_POINT('',(-0.0752703563035228,-0.115602498601647,-0.0339327824156803));
#9151=CARTESIAN_POINT('',(-0.0752700622242206,-0.115594836292998,-0.0339328060216449));
#9152=CARTESIAN_POINT('',(-0.0752698568192378,-0.115587081604882,-0.0339327141005878));
#9153=CARTESIAN_POINT('',(-0.0777280258648063,-0.117808172505887,-0.0335788673724567));
#9154=CARTESIAN_POINT('',(-0.0775649164962606,-0.11780490636591,-0.0335768979136723));
#9155=CARTESIAN_POINT('',(-0.0774056235367048,-0.117788026365735,-0.0335769776810897));
#9156=CARTESIAN_POINT('',(-0.077095943495019,-0.117727737488482,-0.0335826590491137));
#9157=CARTESIAN_POINT('',(-0.0769454931268637,-0.117684327060929,-0.0335883048816677));
#9158=CARTESIAN_POINT('',(-0.0766550526247911,-0.117571683064051,-0.0336063451560469));
#9159=CARTESIAN_POINT('',(-0.076515347013546,-0.117502456465382,-0.0336185407389335));
#9160=CARTESIAN_POINT('',(-0.0762529114618096,-0.117339007405245,-0.0336474398860823));
#9161=CARTESIAN_POINT('',(-0.0761303998750628,-0.117244638179736,-0.033664002243494));
#9162=CARTESIAN_POINT('',(-0.0759071755030987,-0.117032472190568,-0.0337005184292306));
#9163=CARTESIAN_POINT('',(-0.0758060810550275,-0.116914931957354,-0.0337207190745252));
#9164=CARTESIAN_POINT('',(-0.0756256898556709,-0.116661234833691,-0.0337665151030868));
#9165=CARTESIAN_POINT('',(-0.0755462769612986,-0.116525140121482,-0.0337923369698943));
#9166=CARTESIAN_POINT('',(-0.0754454045692872,-0.116309548497952,-0.0338336603248651));
#9167=CARTESIAN_POINT('',(-0.0754148009690038,-0.116235813177629,-0.0338478972896338));
#9168=CARTESIAN_POINT('',(-0.0753601709634472,-0.116084726813912,-0.0338766892270462));
#9169=CARTESIAN_POINT('',(-0.0753362021122222,-0.116007273888745,-0.0338911570914167));
#9170=CARTESIAN_POINT('',(-0.0753063008636928,-0.115887419999822,-0.0339114947677243));
#9171=CARTESIAN_POINT('',(-0.0752973839308063,-0.11584684428934,-0.0339179657903374));
#9172=CARTESIAN_POINT('',(-0.0752825780895821,-0.115764090510909,-0.0339285733150239));
#9173=CARTESIAN_POINT('',(-0.0752766624831317,-0.115722223119131,-0.0339327427579149));
#9174=CARTESIAN_POINT('',(-0.0752708657115068,-0.115656677109641,-0.0339358219393349));
#9175=CARTESIAN_POINT('',(-0.0752694552175375,-0.115634266336815,-0.0339363080769445));
#9176=CARTESIAN_POINT('',(-0.0752683959128378,-0.115603274815864,-0.0339360414736772));
#9177=CARTESIAN_POINT('',(-0.075268194488511,-0.115595541189503,-0.0339359137635331));
#9178=CARTESIAN_POINT('',(-0.0752680811509483,-0.115587718428074,-0.0339356711156395));
#9179=CARTESIAN_POINT('',(-0.0777202554548011,-0.117838742831189,-0.0336116218138519));
#9180=CARTESIAN_POINT('',(-0.0775562801568176,-0.117835315182436,-0.0336087216896655));
#9181=CARTESIAN_POINT('',(-0.077396162257889,-0.117817951682834,-0.033607784046924));
#9182=CARTESIAN_POINT('',(-0.0770850749485768,-0.117756096718437,-0.0336112806898));
#9183=CARTESIAN_POINT('',(-0.0769340433923251,-0.117711600590188,-0.0336157590202072));
#9184=CARTESIAN_POINT('',(-0.0766428386883309,-0.117596244833393,-0.0336313388020341));
#9185=CARTESIAN_POINT('',(-0.0765029449373165,-0.117525406170909,-0.0336422422359416));
#9186=CARTESIAN_POINT('',(-0.0762405974649385,-0.117358495385271,-0.0336684706849805));
#9187=CARTESIAN_POINT('',(-0.0761183719246491,-0.117262276015573,-0.0336836564182763));
#9188=CARTESIAN_POINT('',(-0.0758962098870341,-0.117046449392106,-0.0337173604581771));
#9189=CARTESIAN_POINT('',(-0.0757958745495595,-0.116927099512155,-0.0337361222169979));
#9190=CARTESIAN_POINT('',(-0.0756173005735909,-0.116670110661326,-0.0337789665469147));
#9191=CARTESIAN_POINT('',(-0.0755389493678669,-0.116532559340255,-0.033803276735988));
#9192=CARTESIAN_POINT('',(-0.0754397352404669,-0.116314952117841,-0.0338422579444571));
#9193=CARTESIAN_POINT('',(-0.0754096947886395,-0.116240571091703,-0.0338557014146128));
#9194=CARTESIAN_POINT('',(-0.0753561867660171,-0.116088229186546,-0.0338828791235256));
#9195=CARTESIAN_POINT('',(-0.0753327778897798,-0.11601016876425,-0.0338965268869822));
#9196=CARTESIAN_POINT('',(-0.075303704979738,-0.115889443050683,-0.0339156208363156));
#9197=CARTESIAN_POINT('',(-0.0752950619473273,-0.115848583743388,-0.0339216755433975));
#9198=CARTESIAN_POINT('',(-0.0752807927892362,-0.115765286333453,-0.0339314574635635));
#9199=CARTESIAN_POINT('',(-0.0752751391219872,-0.11572315543192,-0.0339352193470268));
#9200=CARTESIAN_POINT('',(-0.0752697253706314,-0.115657253279017,-0.0339376932241504));
#9201=CARTESIAN_POINT('',(-0.0752684411860188,-0.115634731482104,-0.033937978017062));
#9202=CARTESIAN_POINT('',(-0.0752675483779075,-0.115603609234157,-0.0339374430598139));
#9203=CARTESIAN_POINT('',(-0.0752673879150151,-0.115595844773113,-0.0339372490782068));
#9204=CARTESIAN_POINT('',(-0.0752673151919802,-0.115587992674902,-0.0339369405072348));
#9205=CARTESIAN_POINT('',(-0.0777126356642461,-0.117868811970047,-0.0336436555764838));
#9206=CARTESIAN_POINT('',(-0.077547794888977,-0.117865269078527,-0.0336398812034793));
#9207=CARTESIAN_POINT('',(-0.0773868486640236,-0.117847464758651,-0.0336379762821453));
#9208=CARTESIAN_POINT('',(-0.0770743447588723,-0.11778411868778,-0.0336393782297928));
#9209=CARTESIAN_POINT('',(-0.0769227261137452,-0.117738569061169,-0.0336427290036587));
#9210=CARTESIAN_POINT('',(-0.076630747792794,-0.117620552808424,-0.0336559200777249));
#9211=CARTESIAN_POINT('',(-0.0764906622044071,-0.117548121589659,-0.0336655629894027));
#9212=CARTESIAN_POINT('',(-0.0762283995472117,-0.11737777996481,-0.0336891743100506));
#9213=CARTESIAN_POINT('',(-0.0761064610351052,-0.117279721652099,-0.0337030048418555));
#9214=CARTESIAN_POINT('',(-0.0758853667169514,-0.117060253701529,-0.0337339314216699));
#9215=CARTESIAN_POINT('',(-0.0757857939350835,-0.116939102591251,-0.0337512684666562));
#9216=CARTESIAN_POINT('',(-0.0756090346708923,-0.116678844707897,-0.0337911943042971));
#9217=CARTESIAN_POINT('',(-0.0755317383209391,-0.116539851751934,-0.0338140126107523));
#9218=CARTESIAN_POINT('',(-0.0754341669895172,-0.116320254090821,-0.0338506847130404));
#9219=CARTESIAN_POINT('',(-0.0754046837145166,-0.116245236128912,-0.0338633462113407));
#9220=CARTESIAN_POINT('',(-0.0753522846445878,-0.116091656674211,-0.0338889335076967));
#9221=CARTESIAN_POINT('',(-0.0753294286391905,-0.116012998076793,-0.0339017735106221));
#9222=CARTESIAN_POINT('',(-0.0753011726082853,-0.115891415549325,-0.0339196430004692));
#9223=CARTESIAN_POINT('',(-0.0752927995397835,-0.115850277798377,-0.0339252879098928));
#9224=CARTESIAN_POINT('',(-0.0752790592825093,-0.115766447056767,-0.0339342569094689));
#9225=CARTESIAN_POINT('',(-0.0752736639669318,-0.115724057506849,-0.0339376169618057));
#9226=CARTESIAN_POINT('',(-0.0752686271037348,-0.115657807442086,-0.0339394952570662));
#9227=CARTESIAN_POINT('',(-0.0752674669723543,-0.115635177617591,-0.03393958228183));
#9228=CARTESIAN_POINT('',(-0.0752667370033892,-0.115603929380461,-0.0339387848108344));
#9229=CARTESIAN_POINT('',(-0.0752666165445845,-0.115596135322551,-0.0339385260892101));
#9230=CARTESIAN_POINT('',(-0.0752665834293889,-0.115588255161128,-0.0339381532092601));
#9231=CARTESIAN_POINT('',(-0.100138790696718,-0.109362756475342,-0.0295));
#9232=CARTESIAN_POINT('',(-0.100138790696718,-0.136364756475342,-0.0295));
#9233=CARTESIAN_POINT('',(-0.0969387906967177,-0.136364756475342,-0.0295));
#9234=CARTESIAN_POINT('',(-0.112039790696718,-0.121263756475342,-0.0295));
#9235=CARTESIAN_POINT('',(-0.0989387906967178,-0.134364756475342,-0.0295));
#9236=CARTESIAN_POINT('',(-0.0989387906967178,-0.109362756475342,-0.0295));
#9237=CARTESIAN_POINT('',(-0.100138790696718,-0.109362756475342,-0.0255));
#9238=CARTESIAN_POINT('',(-0.0939387906967177,-0.139364756475342,-0.0255));
#9239=CARTESIAN_POINT('',(-0.0989387906967178,-0.134364756475342,-0.0255));
#9240=CARTESIAN_POINT('',(-0.0969387906967177,-0.136364756475342,-0.0255));
#9241=CARTESIAN_POINT('',(-0.101338790696718,-0.136364756475342,-0.0255));
#9242=CARTESIAN_POINT('',(-0.0989387906967178,-0.109362756475342,-0.0255));
#9243=CARTESIAN_POINT('',(-0.0989387906967178,-0.109362756475342,-0.0275));
#9244=CARTESIAN_POINT('',(-0.0989387906967178,-0.134364756475342,-0.0255));
#9245=CARTESIAN_POINT('',(-0.0939387906967177,-0.139364756475342,0.000349999999999982));
#9246=CARTESIAN_POINT('',(-0.0980054573633844,-0.135298089808675,-0.0284333333333333));
#9247=CARTESIAN_POINT('',(-0.0688054573632632,-0.164498089808796,0.00263333333345457));
#9248=CARTESIAN_POINT('',(-0.0185387906963541,-0.139364756475342,-0.0225));
#9249=CARTESIAN_POINT('',(-0.100138790696718,-0.136364756475342,-0.0295));
#9250=CARTESIAN_POINT('',(-0.0950387906967178,-0.139364756475342,-0.0355));
#9251=CARTESIAN_POINT('',(-0.0240387906967178,-0.139364756475342,-0.0355));
#9252=CARTESIAN_POINT('',(-0.0130387906959903,-0.139364756475342,-0.0355));
#9253=CARTESIAN_POINT('',(0.0579612093040097,-0.139364756475342,-0.0355));
#9254=CARTESIAN_POINT('',(0.0579612093040097,-0.139364756475342,0.0355));
#9255=CARTESIAN_POINT('',(-0.0130387906959903,-0.139364756475342,0.0355));
#9256=CARTESIAN_POINT('',(-0.0240387906967178,-0.139364756475342,0.0355));
#9257=CARTESIAN_POINT('',(-0.0950387906967178,-0.139364756475342,0.0355));
#9258=CARTESIAN_POINT('',(-0.0881389906967178,-0.134364756475342,-0.0331));
#9259=CARTESIAN_POINT('',(-0.0881389906967178,-0.134364756475342,-0.0402339745962155));
#9260=CARTESIAN_POINT('',(-0.0898889906967178,-0.134364756475342,-0.0402339745962155));
#9261=CARTESIAN_POINT('',(-0.0881389906967178,-0.134364756475342,-0.0331));
#9262=CARTESIAN_POINT('',(-0.0898889906967178,-0.134364756475342,-0.0331));
#9263=CARTESIAN_POINT('',(-0.0185387906963541,-0.124364756475342,-0.0331));
#9264=CARTESIAN_POINT('',(-0.0185387906963541,-0.134364756475342,-0.0331));
#9265=CARTESIAN_POINT('',(-0.0185387906963541,-0.134364756475342,-0.0402339745962155));
#9266=CARTESIAN_POINT('',(-0.0202887906963541,-0.134364756475342,-0.0402339745962155));
#9267=CARTESIAN_POINT('',(-0.0185387906963541,-0.134364756475342,-0.0331));
#9268=CARTESIAN_POINT('',(-0.0202887906963541,-0.134364756475342,-0.0331));
#9269=CARTESIAN_POINT('',(-0.0185387906963541,-0.124364756475342,-0.0331));
#9270=CARTESIAN_POINT('',(0.0510614093040097,-0.134364756475342,-0.0331));
#9271=CARTESIAN_POINT('',(0.0510614093040097,-0.134364756475342,-0.0402339745962155));
#9272=CARTESIAN_POINT('',(0.0493114093040097,-0.134364756475342,-0.0402339745962155));
#9273=CARTESIAN_POINT('',(0.0510614093040097,-0.134364756475342,-0.0331));
#9274=CARTESIAN_POINT('',(0.0493114093040097,-0.134364756475342,-0.0331));
#9275=CARTESIAN_POINT('',(-0.0185387906963541,-0.124364756475342,-0.0331));
#9276=CARTESIAN_POINT('',(0.0510614093040097,-0.134364756475342,0.0338));
#9277=CARTESIAN_POINT('',(0.0510614093040097,-0.134364756475342,0.0409339745962155));
#9278=CARTESIAN_POINT('',(0.0528114093040097,-0.134364756475342,0.0409339745962155));
#9279=CARTESIAN_POINT('',(0.0510614093040097,-0.134364756475342,0.0338));
#9280=CARTESIAN_POINT('',(0.0493114093040097,-0.134364756475342,0.0338));
#9281=CARTESIAN_POINT('',(-0.0185387906963541,-0.124364756475342,0.0338));
#9282=CARTESIAN_POINT('',(-0.0185387906963541,-0.134364756475342,0.0338));
#9283=CARTESIAN_POINT('',(-0.0185387906963541,-0.134364756475342,0.0409339745962155));
#9284=CARTESIAN_POINT('',(-0.016788790696354,-0.134364756475342,0.0409339745962155));
#9285=CARTESIAN_POINT('',(-0.0185387906963541,-0.134364756475342,0.0338));
#9286=CARTESIAN_POINT('',(-0.0202887906963541,-0.134364756475342,0.0338));
#9287=CARTESIAN_POINT('',(-0.0185387906963541,-0.124364756475342,0.0338));
#9288=CARTESIAN_POINT('',(-0.0881389906967178,-0.134364756475342,0.0338));
#9289=CARTESIAN_POINT('',(-0.0881389906967178,-0.134364756475342,0.0409339745962155));
#9290=CARTESIAN_POINT('',(-0.0863889906967178,-0.134364756475342,0.0409339745962155));
#9291=CARTESIAN_POINT('',(-0.0881389906967178,-0.134364756475342,0.0338));
#9292=CARTESIAN_POINT('',(-0.0898889906967178,-0.134364756475342,0.0338));
#9293=CARTESIAN_POINT('',(-0.0185387906963541,-0.124364756475342,0.0338));
#9294=CARTESIAN_POINT('',(-0.0933387906967177,-0.129364756475342,-0.03835));
#9295=CARTESIAN_POINT('',(-0.100472765292933,-0.129364756475342,-0.03835));
#9296=CARTESIAN_POINT('',(-0.100472765292933,-0.129364756475342,-0.0366));
#9297=CARTESIAN_POINT('',(-0.0933387906967177,-0.129364756475342,-0.03835));
#9298=CARTESIAN_POINT('',(-0.0933387906967177,-0.129364756475342,-0.0366));
#9299=CARTESIAN_POINT('',(-0.0933387906967177,-0.124364756475342,0.000505499999999992));
#9300=CARTESIAN_POINT('',(-0.0933387906967177,-0.129364756475342,0.03905));
#9301=CARTESIAN_POINT('',(-0.100472765292933,-0.129364756475342,0.03905));
#9302=CARTESIAN_POINT('',(-0.100472765292933,-0.129364756475342,0.0408));
#9303=CARTESIAN_POINT('',(-0.0933387906967177,-0.129364756475342,0.03905));
#9304=CARTESIAN_POINT('',(-0.0933387906967177,-0.129364756475342,0.0408));
#9305=CARTESIAN_POINT('',(-0.0933387906967177,-0.124364756475342,0.000505499999999992));
#9306=CARTESIAN_POINT('',(0.0562612093040097,-0.129364756475342,0.03905));
#9307=CARTESIAN_POINT('',(0.0633951839002253,-0.129364756475342,0.03905));
#9308=CARTESIAN_POINT('',(0.0633951839002253,-0.129364756475342,0.0373));
#9309=CARTESIAN_POINT('',(0.0562612093040097,-0.129364756475342,0.03905));
#9310=CARTESIAN_POINT('',(0.0562612093040097,-0.129364756475342,0.0408));
#9311=CARTESIAN_POINT('',(0.0562612093040097,-0.124364756475342,0.000505499999999992));
#9312=CARTESIAN_POINT('',(0.0562612093040097,-0.129364756475342,-0.03835));
#9313=CARTESIAN_POINT('',(0.0633951839002253,-0.129364756475342,-0.03835));
#9314=CARTESIAN_POINT('',(0.0633951839002253,-0.129364756475342,-0.0401));
#9315=CARTESIAN_POINT('',(0.0562612093040097,-0.129364756475342,-0.03835));
#9316=CARTESIAN_POINT('',(0.0562612093040097,-0.129364756475342,-0.0366));
#9317=CARTESIAN_POINT('',(0.0562612093040097,-0.124364756475342,0.000505499999999992));
#9318=CARTESIAN_POINT('',(0.0642612093040097,-0.129364756475342,-0.03835));
#9319=CARTESIAN_POINT('',(0.0642612093040097,-0.129364756475342,0.03905));
#9320=CARTESIAN_POINT('',(-0.100472765292933,-0.129364756475342,0.03905));
#9321=CARTESIAN_POINT('',(-0.100472765292933,-0.129364756475342,-0.03835));
#9322=CARTESIAN_POINT('',(-0.0185387906963541,-0.134364756475342,0.0418));
#9323=CARTESIAN_POINT('',(-0.0881389906967178,-0.134364756475342,0.0418));
#9324=CARTESIAN_POINT('',(0.0510614093040097,-0.134364756475342,0.0418));
#9325=CARTESIAN_POINT('',(-0.0185387906963541,-0.134364756475342,-0.0402339745962155));
#9326=CARTESIAN_POINT('',(-0.0881389906967178,-0.134364756475342,-0.0402339745962155));
#9327=CARTESIAN_POINT('',(0.0510614093040097,-0.134364756475342,-0.0402339745962155));
#9328=CARTESIAN_POINT('',(-0.0132778871499835,-0.110927250586387,-0.0370852803602086));
#9329=CARTESIAN_POINT('',(-0.0142361245251982,-0.110761499302401,-0.0368837526791086));
#9330=CARTESIAN_POINT('',(-0.0151256005503255,-0.110679866476915,-0.0363886125974362));
#9331=CARTESIAN_POINT('',(-0.0156996345177616,-0.110710502991295,-0.0356191262070588));
#9332=CARTESIAN_POINT('',(-0.0135176773365194,-0.109364756475342,-0.0380411836989962));
#9333=CARTESIAN_POINT('',(-0.0146562139262115,-0.109364756475342,-0.0377637755923903));
#9334=CARTESIAN_POINT('',(-0.0157138422495794,-0.109364756475342,-0.0371139354606449));
#9335=CARTESIAN_POINT('',(-0.0164291266589295,-0.109364756475342,-0.0361834582715552));
#9336=CARTESIAN_POINT('',(-0.0132778871499835,-0.110927250586387,-0.0370852803602086));
#9337=CARTESIAN_POINT('',(-0.0133578172121621,-0.110406419216039,-0.0374039148064711));
#9338=CARTESIAN_POINT('',(-0.0134377472743408,-0.10988558784569,-0.0377225492527336));
#9339=CARTESIAN_POINT('',(-0.0135176773365194,-0.109364756475342,-0.0380411836989962));
#9340=CARTESIAN_POINT('',(-0.0135176773365194,-0.109364756475342,-0.0380411836989962));
#9341=CARTESIAN_POINT('',(-0.0130614037318186,-0.109364756475342,-0.0381552192971603));
#9342=CARTESIAN_POINT('',(-0.0125980219534546,-0.109364756475342,-0.0382113164559797));
#9343=CARTESIAN_POINT('',(-0.0121278049661951,-0.109364756475342,-0.0382117001003618));
#9344=CARTESIAN_POINT('',(-0.013277887149983,-0.110927250586387,-0.0370852803602087));
#9345=CARTESIAN_POINT('',(-0.0129000596170278,-0.111003972202538,-0.0371661631280109));
#9346=CARTESIAN_POINT('',(-0.0125160975170062,-0.111081914856888,-0.0372084976020031));
#9347=CARTESIAN_POINT('',(-0.012127804966195,-0.111160013978626,-0.037213699642638));
#9348=CARTESIAN_POINT('',(-0.0121278049661951,-0.109364756475342,-0.0382117001003618));
#9349=CARTESIAN_POINT('',(-0.0121278049661951,-0.109963175643098,-0.0378790332811202));
#9350=CARTESIAN_POINT('',(-0.0121278049661951,-0.110561594810855,-0.0375463664618787));
#9351=CARTESIAN_POINT('',(-0.0121278049661951,-0.111160013978612,-0.0372136996426371));
#9352=CARTESIAN_POINT('',(-0.0185387906963541,-0.109364756475342,-0.0382117001003618));
#9353=CARTESIAN_POINT('',(0.0246281128402595,-0.111160013978612,-0.0372136996426371));
#9354=CARTESIAN_POINT('',(0.0246281128402595,-0.110561594810855,-0.0375463664618787));
#9355=CARTESIAN_POINT('',(0.0246281128402595,-0.109963175643098,-0.0378790332811202));
#9356=CARTESIAN_POINT('',(0.0246281128402595,-0.109364756475342,-0.0382117001003618));
#9357=CARTESIAN_POINT('',(0.0264463284299248,-0.111096807282911,-0.0360509259784774));
#9358=CARTESIAN_POINT('',(0.0261307940084139,-0.11112334623254,-0.0367480007885539));
#9359=CARTESIAN_POINT('',(0.0253901534707997,-0.111149093146906,-0.0372216505122951));
#9360=CARTESIAN_POINT('',(0.0246281128402595,-0.111160013978612,-0.0372136996426371));
#9361=CARTESIAN_POINT('',(0.0273526362169614,-0.109364756475342,-0.0364735442402181));
#9362=CARTESIAN_POINT('',(0.0268805102396639,-0.109364756475342,-0.0375166352551161));
#9363=CARTESIAN_POINT('',(0.0257706900016609,-0.109364756475342,-0.0382246638838615));
#9364=CARTESIAN_POINT('',(0.0246281128402595,-0.109364756475342,-0.0382117001003618));
#9365=CARTESIAN_POINT('',(0.0273526362169614,-0.109364756475342,-0.0364735442402182));
#9366=CARTESIAN_POINT('',(0.0270505336212825,-0.109942106744531,-0.0363326714863046));
#9367=CARTESIAN_POINT('',(0.0267484310256036,-0.110519457013721,-0.036191798732391));
#9368=CARTESIAN_POINT('',(0.0264463284299247,-0.111096807282911,-0.0360509259784775));
#9369=CARTESIAN_POINT('',(0.0284612093040096,-0.111096807282911,-0.03173));
#9370=CARTESIAN_POINT('',(-0.0205387906963737,-0.110989375015602,0.));
#9371=CARTESIAN_POINT('',(-0.0205387906963795,-0.110989375015612,0.0336364414966902));
#9372=CARTESIAN_POINT('',(-0.0202208552789154,-0.110447835502189,0.0336364414966902));
#9373=CARTESIAN_POINT('',(-0.0199029198614513,-0.109906295988765,0.0336364414966902));
#9374=CARTESIAN_POINT('',(-0.0195849844439873,-0.109364756475342,0.0336364414966902));
#9375=CARTESIAN_POINT('',(-0.0195849844439873,-0.109364756475342,0.0336364414966902));
#9376=CARTESIAN_POINT('',(-0.0195852189526729,-0.109364756475342,0.0340396135794338));
#9377=CARTESIAN_POINT('',(-0.0196287398455997,-0.109364756475342,0.0344379633842163));
#9378=CARTESIAN_POINT('',(-0.0197180862605377,-0.109364756475342,0.0348312080408394));
#9379=CARTESIAN_POINT('',(-0.0205387906963737,-0.110989375015616,0.0336364414966727));
#9380=CARTESIAN_POINT('',(-0.0205389494804404,-0.110924516858683,0.0339692487866461));
#9381=CARTESIAN_POINT('',(-0.0205684171497505,-0.110860126747171,0.0342986860873776));
#9382=CARTESIAN_POINT('',(-0.020628912935393,-0.110796846046601,0.034623665920887));
#9383=CARTESIAN_POINT('',(-0.020628912935393,-0.110796846046601,0.034623665920887));
#9384=CARTESIAN_POINT('',(-0.0203253040437746,-0.110319482856181,0.0346928466275378));
#9385=CARTESIAN_POINT('',(-0.0200216951521561,-0.109842119665761,0.0347620273341886));
#9386=CARTESIAN_POINT('',(-0.0197180862605377,-0.109364756475342,0.0348312080408394));
#9387=CARTESIAN_POINT('',(-0.0197180862605377,-0.109364756475342,0.0348312080408394));
#9388=CARTESIAN_POINT('',(-0.0199208759710162,-0.109364756475342,0.0357390510378866));
#9389=CARTESIAN_POINT('',(-0.0203639086542094,-0.109364756475342,0.0365978737309423));
#9390=CARTESIAN_POINT('',(-0.0216619223509464,-0.109364756475342,0.0379370259493291));
#9391=CARTESIAN_POINT('',(-0.0225053421258532,-0.109364756475342,0.0384079119981607));
#9392=CARTESIAN_POINT('',(-0.0234142355760626,-0.109364756475342,0.0386412622798798));
#9393=CARTESIAN_POINT('',(-0.0206289129353929,-0.110796846046601,0.0346236659208868));
#9394=CARTESIAN_POINT('',(-0.0207727834724306,-0.110672237177635,0.035389167915487));
#9395=CARTESIAN_POINT('',(-0.0211065973517908,-0.110602930388634,0.0361111378033993));
#9396=CARTESIAN_POINT('',(-0.0221722404607408,-0.110603772030311,0.0372101301809259));
#9397=CARTESIAN_POINT('',(-0.0228828952351221,-0.110673301131607,0.0375672842618766));
#9398=CARTESIAN_POINT('',(-0.0236498472888643,-0.110799735323347,0.0377366793511225));
#9399=CARTESIAN_POINT('',(-0.0236498472888643,-0.110799735323347,0.0377366793511225));
#9400=CARTESIAN_POINT('',(-0.0235713100512637,-0.110321409040679,0.0380382069940416));
#9401=CARTESIAN_POINT('',(-0.0234927728136632,-0.10984308275801,0.0383397346369607));
#9402=CARTESIAN_POINT('',(-0.0234142355760626,-0.109364756475342,0.0386412622798798));
#9403=CARTESIAN_POINT('',(-0.0234142355760626,-0.109364756475342,0.0386412622798798));
#9404=CARTESIAN_POINT('',(-0.0238757580910692,-0.109364756475342,0.0387609790040136));
#9405=CARTESIAN_POINT('',(-0.0243450814381728,-0.109364756475342,0.0388191139914179));
#9406=CARTESIAN_POINT('',(-0.0248217132981789,-0.109364756475342,0.0388195537340252));
#9407=CARTESIAN_POINT('',(-0.0236498472888645,-0.110799735323347,0.0377366793511225));
#9408=CARTESIAN_POINT('',(-0.0240338558978598,-0.110874320647235,0.0378207220576836));
#9409=CARTESIAN_POINT('',(-0.0244253208558918,-0.110950717069005,0.0378631406773342));
#9410=CARTESIAN_POINT('',(-0.0248217132981789,-0.111027496780487,0.0378665096122058));
#9411=CARTESIAN_POINT('',(-0.0248217132981789,-0.109364756475342,0.0388195537340252));
#9412=CARTESIAN_POINT('',(-0.0248217132981789,-0.109919003243723,0.0385018723600854));
#9413=CARTESIAN_POINT('',(-0.0248217132981789,-0.110473250012105,0.0381841909861456));
#9414=CARTESIAN_POINT('',(-0.0248217132981789,-0.111027496780487,0.0378665096122058));
#9415=CARTESIAN_POINT('',(0.,-0.111027496780487,0.0378665096122058));
#9416=CARTESIAN_POINT('',(-0.0931379091256567,-0.111027496780487,0.0378665096122058));
#9417=CARTESIAN_POINT('',(-0.0931379091256567,-0.110473250012105,0.0381841909861456));
#9418=CARTESIAN_POINT('',(-0.0931379091256567,-0.109919003243723,0.0385018723600854));
#9419=CARTESIAN_POINT('',(-0.0931379091256567,-0.109364756475342,0.0388195537340252));
#9420=CARTESIAN_POINT('',(-0.0931379091256567,-0.109364756475342,0.0388195537340252));
#9421=CARTESIAN_POINT('',(-0.0935538117381131,-0.109364756475342,0.0388192915324419));
#9422=CARTESIAN_POINT('',(-0.0939644420310901,-0.109364756475342,0.0387729233494675));
#9423=CARTESIAN_POINT('',(-0.0943696007941305,-0.109364756475342,0.0386787071067478));
#9424=CARTESIAN_POINT('',(-0.0931379091256567,-0.111027496780487,0.0378665096122058));
#9425=CARTESIAN_POINT('',(-0.0934810977606804,-0.110960655895669,0.0378636584420929));
#9426=CARTESIAN_POINT('',(-0.0938208695295456,-0.110894012207037,0.0378295971465577));
#9427=CARTESIAN_POINT('',(-0.094156054722005,-0.110828296843575,0.037763175422608));
#9428=CARTESIAN_POINT('',(-0.094156054722005,-0.110828296843575,0.037763175422608));
#9429=CARTESIAN_POINT('',(-0.0942272367460468,-0.110340450054164,0.0380683526506546));
#9430=CARTESIAN_POINT('',(-0.0942984187700887,-0.109852603264753,0.0383735298787012));
#9431=CARTESIAN_POINT('',(-0.0943696007941305,-0.109364756475342,0.0386787071067478));
#9432=CARTESIAN_POINT('',(-0.0943696007941305,-0.109364756475342,0.0386787071067478));
#9433=CARTESIAN_POINT('',(-0.0953007460674252,-0.109364756475342,0.0384658706835435));
#9434=CARTESIAN_POINT('',(-0.0961797836046913,-0.109364756475342,0.0380023408035331));
#9435=CARTESIAN_POINT('',(-0.0975354103746905,-0.109364756475342,0.0366483503275023));
#9436=CARTESIAN_POINT('',(-0.0980014214359262,-0.109364756475342,0.0357714827357575));
#9437=CARTESIAN_POINT('',(-0.0982174978035996,-0.109364756475342,0.0348308100962825));
#9438=CARTESIAN_POINT('',(-0.0941560547220053,-0.110828296843575,0.0377631754226078));
#9439=CARTESIAN_POINT('',(-0.0949408355621732,-0.110698720467126,0.0376073592371002));
#9440=CARTESIAN_POINT('',(-0.0956789971960799,-0.110624626000554,0.0372568830435464));
#9441=CARTESIAN_POINT('',(-0.0967911180788464,-0.110624347534201,0.0361463343389582));
#9442=CARTESIAN_POINT('',(-0.0971437495450458,-0.110697576010826,0.0354100361622667));
#9443=CARTESIAN_POINT('',(-0.0973019661193806,-0.110828296843743,0.0346172640243703));
#9444=CARTESIAN_POINT('',(-0.0973019661193806,-0.110828296843743,0.0346172640243703));
#9445=CARTESIAN_POINT('',(-0.0976071433474536,-0.110340450054276,0.034688446048341));
#9446=CARTESIAN_POINT('',(-0.0979123205755266,-0.109852603264809,0.0347596280723118));
#9447=CARTESIAN_POINT('',(-0.0982174978035996,-0.109364756475342,0.0348308100962825));
#9448=CARTESIAN_POINT('',(-0.0982174978035996,-0.109364756475342,0.0348308100962825));
#9449=CARTESIAN_POINT('',(-0.0983117140460818,-0.109364756475342,0.0344256513338285));
#9450=CARTESIAN_POINT('',(-0.0983580822289516,-0.109364756475342,0.0340150210414582));
#9451=CARTESIAN_POINT('',(-0.0983583444305336,-0.109364756475342,0.0335991184296254));
#9452=CARTESIAN_POINT('',(-0.0973019661193808,-0.110828296843742,0.0346172640243699));
#9453=CARTESIAN_POINT('',(-0.0973683878431558,-0.110894012207071,0.0342820788324572));
#9454=CARTESIAN_POINT('',(-0.0974024491386106,-0.110960655895665,0.0339423070640747));
#9455=CARTESIAN_POINT('',(-0.0974053003087094,-0.111027496780367,0.0335991184296254));
#9456=CARTESIAN_POINT('',(-0.0983583444305335,-0.109364756475342,0.0335991184296254));
#9457=CARTESIAN_POINT('',(-0.0980406630565921,-0.109919003243684,0.0335991184296254));
#9458=CARTESIAN_POINT('',(-0.0977229816826507,-0.110473250012025,0.0335991184296254));
#9459=CARTESIAN_POINT('',(-0.0974053003087093,-0.111027496780367,0.0335991184296254));
#9460=CARTESIAN_POINT('',(-0.0974053003087093,-0.111027496780367,1.86248735689163E-11));
#9461=CARTESIAN_POINT('',(-0.0974053003087093,-0.111027496780367,0.02072));
#9462=CARTESIAN_POINT('',(-0.0977229816826507,-0.110473250012025,0.02072));
#9463=CARTESIAN_POINT('',(-0.0980406630565921,-0.109919003243684,0.02072));
#9464=CARTESIAN_POINT('',(-0.0983583444305335,-0.109364756475342,0.02072));
#9465=CARTESIAN_POINT('',(-0.0893973779961184,-0.110989375015614,0.01272));
#9466=CARTESIAN_POINT('',(-0.0914967704309618,-0.110999369186561,0.0127115018087257));
#9467=CARTESIAN_POINT('',(-0.0935753273532161,-0.111009264169919,0.01358010757366));
#9468=CARTESIAN_POINT('',(-0.0965443409799169,-0.111023398178044,0.0165461839273553));
#9469=CARTESIAN_POINT('',(-0.0974138069156495,-0.111027537276123,0.018622684513767));
#9470=CARTESIAN_POINT('',(-0.0974053003087093,-0.111027496780367,0.02072));
#9471=CARTESIAN_POINT('',(-0.0893973779961183,-0.109364756475342,0.0117661937476135));
#9472=CARTESIAN_POINT('',(-0.0917466247054324,-0.109364756475342,0.0117566823528428));
#9473=CARTESIAN_POINT('',(-0.0940725562124124,-0.109364756475342,0.0127288483189538));
#9474=CARTESIAN_POINT('',(-0.0973949200433444,-0.109364756475342,0.0160485574440603));
#9475=CARTESIAN_POINT('',(-0.0983678634313788,-0.109364756475342,0.0183726304357675));
#9476=CARTESIAN_POINT('',(-0.0983583444305336,-0.109364756475342,0.02072));
#9477=CARTESIAN_POINT('',(-0.0893973779961184,-0.109364756475342,0.0117661937476135));
#9478=CARTESIAN_POINT('',(-0.0893973779961184,-0.109906295988766,0.0120841291650757));
#9479=CARTESIAN_POINT('',(-0.0893973779961184,-0.11044783550219,0.0124020645825378));
#9480=CARTESIAN_POINT('',(-0.0893973779961184,-0.110989375015614,0.01272));
#9481=CARTESIAN_POINT('',(-0.0889387906963541,-0.110989375015614,0.01272));
#9482=CARTESIAN_POINT('',(-0.0742293896192318,-0.110868516644874,-0.03573));
#9483=CARTESIAN_POINT('',(-0.075702089052934,-0.110868516644874,-0.0331792097565499));
#9484=CARTESIAN_POINT('',(-0.0759627490584757,-0.11036726325503,-0.0333297018809163));
#9485=CARTESIAN_POINT('',(-0.0762234090640173,-0.109866009865186,-0.0334801940052827));
#9486=CARTESIAN_POINT('',(-0.076484069069559,-0.109364756475342,-0.0336306861296492));
#9487=CARTESIAN_POINT('',(-0.0687533094472328,-0.110925589304383,-0.037198852745993));
#9488=CARTESIAN_POINT('',(-0.0701526404374939,-0.110919858139688,-0.0372002414539999));
#9489=CARTESIAN_POINT('',(-0.0715500787757348,-0.110911443433877,-0.0368228973963344));
#9490=CARTESIAN_POINT('',(-0.0739765927856373,-0.110891513659767,-0.0354192379651607));
#9491=CARTESIAN_POINT('',(-0.0750022177992565,-0.110880026932881,-0.0343949186850956));
#9492=CARTESIAN_POINT('',(-0.075702089052934,-0.110868516644874,-0.0331792097565498));
#9493=CARTESIAN_POINT('',(-0.0687533094472328,-0.109364756475342,-0.0381));
#9494=CARTESIAN_POINT('',(-0.0703103484413695,-0.109364756475342,-0.0381019493925046));
#9495=CARTESIAN_POINT('',(-0.071865171960544,-0.109364756475342,-0.0376826079364336));
#9496=CARTESIAN_POINT('',(-0.0745647534128989,-0.109364756475342,-0.0361219234217699));
#9497=CARTESIAN_POINT('',(-0.0757056723660053,-0.109364756475342,-0.0349827997578722));
#9498=CARTESIAN_POINT('',(-0.076484069069559,-0.109364756475342,-0.0336306861296492));
#9499=CARTESIAN_POINT('',(-0.0687533094472327,-0.109364756475342,-0.0381));
#9500=CARTESIAN_POINT('',(-0.0687533094472327,-0.109885034085022,-0.0377996175819977));
#9501=CARTESIAN_POINT('',(-0.0687533094472327,-0.110405311694703,-0.0374992351639954));
#9502=CARTESIAN_POINT('',(-0.0687533094472327,-0.110925589304383,-0.037198852745993));
#9503=CARTESIAN_POINT('',(-0.0595387907023296,-0.110925589304383,-0.037198852745993));
#9504=CARTESIAN_POINT('',(-0.0247249016888007,-0.110925589304383,-0.0371988527459931));
#9505=CARTESIAN_POINT('',(-0.0247249016888007,-0.110405311694703,-0.0374992351639954));
#9506=CARTESIAN_POINT('',(-0.0247249016888007,-0.109885034085022,-0.0377996175819977));
#9507=CARTESIAN_POINT('',(-0.0247249016888007,-0.109364756475342,-0.0381));
#9508=CARTESIAN_POINT('',(-0.0247249016888008,-0.109364756475342,-0.0381));
#9509=CARTESIAN_POINT('',(-0.0242152179073419,-0.109364756475342,-0.0380993721809276));
#9510=CARTESIAN_POINT('',(-0.0237147177971079,-0.109364756475342,-0.0380321191564275));
#9511=CARTESIAN_POINT('',(-0.0232241059726465,-0.109364756475342,-0.0378931291266702));
#9512=CARTESIAN_POINT('',(-0.0247249016888008,-0.110925589304383,-0.037198852745993));
#9513=CARTESIAN_POINT('',(-0.0242979575100665,-0.110846613749217,-0.0371934184225595));
#9514=CARTESIAN_POINT('',(-0.0238771692827826,-0.110767886063425,-0.0371420981165402));
#9515=CARTESIAN_POINT('',(-0.023466601653812,-0.110691679891937,-0.037041514032103));
#9516=CARTESIAN_POINT('',(-0.023466601653812,-0.110691679891937,-0.037041514032103));
#9517=CARTESIAN_POINT('',(-0.0233857697600901,-0.110249372086405,-0.0373253857302921));
#9518=CARTESIAN_POINT('',(-0.0233049378663683,-0.109807064280874,-0.0376092574284811));
#9519=CARTESIAN_POINT('',(-0.0232241059726465,-0.109364756475342,-0.0378931291266702));
#9520=CARTESIAN_POINT('',(-0.0232241059726465,-0.109364756475342,-0.0378931291266702));
#9521=CARTESIAN_POINT('',(-0.0222191080722447,-0.109364756475342,-0.0376137494134649));
#9522=CARTESIAN_POINT('',(-0.0212946272825072,-0.109364756475342,-0.037014741324124));
#9523=CARTESIAN_POINT('',(-0.0206622805461201,-0.109364756475342,-0.0361852464684388));
#9524=CARTESIAN_POINT('',(-0.0234666016538123,-0.110691679891938,-0.037041514032103));
#9525=CARTESIAN_POINT('',(-0.022616867638661,-0.110555762483387,-0.0368358020087824));
#9526=CARTESIAN_POINT('',(-0.0218346702236425,-0.110493306414486,-0.0363694567037969));
#9527=CARTESIAN_POINT('',(-0.0213233152041829,-0.11052024288998,-0.0356783911690839));
#9528=CARTESIAN_POINT('',(0.0612612093040097,-0.109364756475342,0.000349999999999982));
#9529=CARTESIAN_POINT('',(0.060326002343084,-0.110984582447257,-0.0152268335151825));
#9530=CARTESIAN_POINT('',(0.0606377379967259,-0.110444640456618,-0.0152268335151825));
#9531=CARTESIAN_POINT('',(0.0609494736503678,-0.10990469846598,-0.0152268335151825));
#9532=CARTESIAN_POINT('',(0.0612612093040097,-0.109364756475342,-0.0152268335151825));
#9533=CARTESIAN_POINT('',(0.0555362462024395,-0.110947174168834,-0.00789637794447768));
#9534=CARTESIAN_POINT('',(0.0569520698533137,-0.110955056467094,-0.00851565371924947));
#9535=CARTESIAN_POINT('',(0.0581773017900135,-0.110962914977527,-0.009557104946255));
#9536=CARTESIAN_POINT('',(0.0598672747535303,-0.110976113766211,-0.0121435146424874));
#9537=CARTESIAN_POINT('',(0.0603284567920709,-0.110981426248553,-0.0136830262779571));
#9538=CARTESIAN_POINT('',(0.060326002343084,-0.110984582447257,-0.0152268335151824));
#9539=CARTESIAN_POINT('',(0.0559127501340172,-0.109364756475342,-0.00703949042060718));
#9540=CARTESIAN_POINT('',(0.0574938649781953,-0.109364756475342,-0.00773106322177381));
#9541=CARTESIAN_POINT('',(0.0588620910164141,-0.109364756475342,-0.0088942040858551));
#9542=CARTESIAN_POINT('',(0.0607491915557203,-0.109364756475342,-0.0117829499990599));
#9543=CARTESIAN_POINT('',(0.061264091927914,-0.109364756475342,-0.0135024715097808));
#9544=CARTESIAN_POINT('',(0.0612612093040097,-0.109364756475342,-0.0152268335151824));
#9545=CARTESIAN_POINT('',(0.0559127501340172,-0.109364756475342,-0.00703949042060717));
#9546=CARTESIAN_POINT('',(0.0557872488234913,-0.109892229039839,-0.00732511959523067));
#9547=CARTESIAN_POINT('',(0.0556617475129654,-0.110419701604337,-0.00761074876985417));
#9548=CARTESIAN_POINT('',(0.0555362462024395,-0.110947174168834,-0.00789637794447767));
#9549=CARTESIAN_POINT('',(0.0463612093040097,-0.110947174168834,-0.003865));
#9550=CARTESIAN_POINT('',(0.0306309116233875,-0.109364756475342,0.00406898219872816));
#9551=CARTESIAN_POINT('',(0.0314612093040097,-0.109364756475342,0.00595866159899982));
#9552=CARTESIAN_POINT('',(0.0293971641314765,-0.109364756475342,0.00595866159899982));
#9553=CARTESIAN_POINT('',(0.0293971641314765,-0.109364756475342,0.000349999999999982));
#9554=CARTESIAN_POINT('',(-0.0185387906963541,-0.109364756475342,-0.0282159548278387));
#9555=CARTESIAN_POINT('',(-0.0815387906959903,-0.110947174169573,-0.02728));
#9556=CARTESIAN_POINT('',(-0.0815387906959903,-0.110947174169573,-0.036186406460551));
#9557=CARTESIAN_POINT('',(-0.0892519649472573,-0.110947174169573,-0.0317332032302755));
#9558=CARTESIAN_POINT('',(-0.0915604413310849,-0.110947174169573,-0.0357316016151378));
#9559=CARTESIAN_POINT('',(-0.0909849073437332,-0.109364756475342,-0.0366066571632393));
#9560=CARTESIAN_POINT('',(-0.0912550942296342,-0.109892229040086,-0.0364506646919328));
#9561=CARTESIAN_POINT('',(-0.0915252811155352,-0.110419701604829,-0.0362946722206264));
#9562=CARTESIAN_POINT('',(-0.0917954680014362,-0.110947174169573,-0.03613867974932));
#9563=CARTESIAN_POINT('',(-0.0917954680014362,-0.110947174169573,-0.03613867974932));
#9564=CARTESIAN_POINT('',(-0.0919777913104069,-0.110909033848924,-0.0364560810938892));
#9565=CARTESIAN_POINT('',(-0.0922392949615019,-0.110885629413909,-0.036722225655499));
#9566=CARTESIAN_POINT('',(-0.0928589815888918,-0.110862904325616,-0.0370839989219113));
#9567=CARTESIAN_POINT('',(-0.0932169777413093,-0.110859550591846,-0.0371791132919048));
#9568=CARTESIAN_POINT('',(-0.0936769100427894,-0.110856793525775,-0.0371751160053547));
#9569=CARTESIAN_POINT('',(-0.0937793538653568,-0.110856320370821,-0.0371661123238131));
#9570=CARTESIAN_POINT('',(-0.0938804713837567,-0.110855960222509,-0.0371493117149178));
#9571=CARTESIAN_POINT('',(-0.0909849073437333,-0.109364756475342,-0.0366066571632393));
#9572=CARTESIAN_POINT('',(-0.0912459145833263,-0.109364756475342,-0.0370610956325605));
#9573=CARTESIAN_POINT('',(-0.0916268191066666,-0.109364756475342,-0.0374466335995305));
#9574=CARTESIAN_POINT('',(-0.0925339126486455,-0.109364756475342,-0.0379732184499968));
#9575=CARTESIAN_POINT('',(-0.0930592319483276,-0.109364756475342,-0.0381124788332729));
#9576=CARTESIAN_POINT('',(-0.0937341657180518,-0.109364756475342,-0.0381062012355448));
#9577=CARTESIAN_POINT('',(-0.0938845121919475,-0.109364756475342,-0.0380929169188951));
#9578=CARTESIAN_POINT('',(-0.0940329221367898,-0.109364756475342,-0.0380682050065963));
#9579=CARTESIAN_POINT('',(-0.0940115789928648,-0.109364756475342,-0.0380704664386725));
#9580=CARTESIAN_POINT('',(-0.0933745969971381,-0.109866480649998,-0.0378569724604898));
#9581=CARTESIAN_POINT('',(-0.0929085848238743,-0.110368204824655,-0.0374302252573628));
#9582=CARTESIAN_POINT('',(-0.0926798269728035,-0.110869928999312,-0.0369731505091085));
#9583=CARTESIAN_POINT('',(-0.0935518752499119,-0.109364756475342,-0.0351808663424622));
#9584=CARTESIAN_POINT('',(-0.0940115789928648,-0.109364756475342,-0.0380704664386725));
#9585=CARTESIAN_POINT('',(-0.0939627292474586,-0.109866480241962,-0.0377634073137697));
#9586=CARTESIAN_POINT('',(-0.0939138795020524,-0.110368204008582,-0.0374563481888669));
#9587=CARTESIAN_POINT('',(-0.0938650297566461,-0.110869927775202,-0.037149289063964));
#9588=CARTESIAN_POINT('',(-0.0944192496839298,-0.109364756475342,-0.0379893019032626));
#9589=CARTESIAN_POINT('',(-0.0942844181894131,-0.109364756475342,-0.038021674533669));
#9590=CARTESIAN_POINT('',(-0.0941485175447852,-0.109364756475342,-0.0380486770703215));
#9591=CARTESIAN_POINT('',(-0.0940115789928648,-0.109364756475342,-0.0380704664386725));
#9592=CARTESIAN_POINT('',(-0.0942032675840974,-0.110804492507616,-0.0370898547866141));
#9593=CARTESIAN_POINT('',(-0.0940914154633833,-0.11082613258894,-0.0371132778649392));
#9594=CARTESIAN_POINT('',(-0.0939786324573522,-0.110847965928085,-0.037133055024638));
#9595=CARTESIAN_POINT('',(-0.0938650297566461,-0.110869927775202,-0.037149289063964));
#9596=CARTESIAN_POINT('',(-0.0944192496839298,-0.109364756475342,-0.0379893019032626));
#9597=CARTESIAN_POINT('',(-0.0943472556506523,-0.1098446684861,-0.0376894861977131));
#9598=CARTESIAN_POINT('',(-0.0942752616173749,-0.110324580496858,-0.0373896704921636));
#9599=CARTESIAN_POINT('',(-0.0942032675840974,-0.110804492507616,-0.0370898547866141));
#9600=CARTESIAN_POINT('',(-0.0982122971495438,-0.109364756475342,-0.0341373746878567));
#9601=CARTESIAN_POINT('',(-0.098009606879144,-0.109364756475342,-0.0350645450084668));
#9602=CARTESIAN_POINT('',(-0.0975560311711436,-0.109364756475342,-0.035941860215292));
#9603=CARTESIAN_POINT('',(-0.0962206764125579,-0.109364756475342,-0.0372990226422919));
#9604=CARTESIAN_POINT('',(-0.0953528074091484,-0.109364756475342,-0.0377683148343525));
#9605=CARTESIAN_POINT('',(-0.0944192496839298,-0.109364756475342,-0.0379893019032626));
#9606=CARTESIAN_POINT('',(-0.0973100667069612,-0.110800871541542,-0.0339359120132424));
#9607=CARTESIAN_POINT('',(-0.097160534638668,-0.110673691430274,-0.0347174658520849));
#9608=CARTESIAN_POINT('',(-0.0968165291968962,-0.11060079818909,-0.0354536723432154));
#9609=CARTESIAN_POINT('',(-0.0957196997806675,-0.11060187734541,-0.0365678470254759));
#9610=CARTESIAN_POINT('',(-0.0949905248418826,-0.110675238726053,-0.0369248717265966));
#9611=CARTESIAN_POINT('',(-0.0942032675840969,-0.110804492507617,-0.0370898547866141));
#9612=CARTESIAN_POINT('',(-0.0982122971495438,-0.109364756475342,-0.0341373746878567));
#9613=CARTESIAN_POINT('',(-0.0979115536686829,-0.109843461497409,-0.0340702204629853));
#9614=CARTESIAN_POINT('',(-0.0976108101878221,-0.110322166519475,-0.0340030662381138));
#9615=CARTESIAN_POINT('',(-0.0973100667069612,-0.110800871541542,-0.0339359120132424));
#9616=CARTESIAN_POINT('',(-0.0983387906967178,-0.109364756475342,-0.0329849564475837));
#9617=CARTESIAN_POINT('',(-0.0983385809342311,-0.109364756475342,-0.0333737009647563));
#9618=CARTESIAN_POINT('',(-0.0982968085748707,-0.109364756475342,-0.0337578834226656));
#9619=CARTESIAN_POINT('',(-0.0982122971495439,-0.109364756475342,-0.0341373746878567));
#9620=CARTESIAN_POINT('',(-0.0974035837354164,-0.110984582447908,-0.0329849564475838));
#9621=CARTESIAN_POINT('',(-0.0974009791184527,-0.11092303932805,-0.0333051274934505));
#9622=CARTESIAN_POINT('',(-0.0973700665942767,-0.110861619310273,-0.0336223891878301));
#9623=CARTESIAN_POINT('',(-0.0973100667069595,-0.110800871541555,-0.0339359120132404));
#9624=CARTESIAN_POINT('',(-0.0974035837354164,-0.110984582447908,-0.0329849564475837));
#9625=CARTESIAN_POINT('',(-0.0977153193891835,-0.110444640457052,-0.0329849564475837));
#9626=CARTESIAN_POINT('',(-0.0980270550429507,-0.109904698466197,-0.0329849564475837));
#9627=CARTESIAN_POINT('',(-0.0983387906967178,-0.109364756475342,-0.0329849564475837));
#9628=CARTESIAN_POINT('',(-0.0974035837354164,-0.110984582447908,1.86248735692554E-11));
#9629=CARTESIAN_POINT('',(-0.0983387906967178,-0.109364756475342,-0.0126687866449688));
#9630=CARTESIAN_POINT('',(-0.0980270550429507,-0.109904698466197,-0.0126687866449688));
#9631=CARTESIAN_POINT('',(-0.0977153193891835,-0.110444640457052,-0.0126687866449688));
#9632=CARTESIAN_POINT('',(-0.0974035837354164,-0.110984582447908,-0.0126687866449688));
#9633=CARTESIAN_POINT('',(-0.0974035837354164,-0.110984582447908,-0.0126687866449688));
#9634=CARTESIAN_POINT('',(-0.0974051783567638,-0.110980822395314,-0.0112710596716389));
#9635=CARTESIAN_POINT('',(-0.0970291087611816,-0.110975305804395,-0.00987579736710553));
#9636=CARTESIAN_POINT('',(-0.0956296394576111,-0.110962243647513,-0.00745373948789096));
#9637=CARTESIAN_POINT('',(-0.094608224661152,-0.110954716608021,-0.00643037919442405));
#9638=CARTESIAN_POINT('',(-0.093395689962282,-0.110947174169573,-0.00573233532909595));
#9639=CARTESIAN_POINT('',(-0.0983387906967177,-0.109364756475342,-0.0126687866449688));
#9640=CARTESIAN_POINT('',(-0.0983407398780589,-0.109364756475342,-0.0111076305019167));
#9641=CARTESIAN_POINT('',(-0.0979209187434739,-0.109364756475342,-0.00954927269172195));
#9642=CARTESIAN_POINT('',(-0.0963583030474141,-0.109364756475342,-0.00684418466610847));
#9643=CARTESIAN_POINT('',(-0.0952177247937922,-0.109364756475342,-0.00570129116361201));
#9644=CARTESIAN_POINT('',(-0.0938636673762014,-0.109364756475342,-0.00492177467139299));
#9645=CARTESIAN_POINT('',(-0.0933956899622821,-0.110947174169573,-0.00573233532909596));
#9646=CARTESIAN_POINT('',(-0.0935516824335885,-0.110419701604829,-0.00546214844319496));
#9647=CARTESIAN_POINT('',(-0.093707674904895,-0.109892229040086,-0.00519196155729398));
#9648=CARTESIAN_POINT('',(-0.0938636673762014,-0.109364756475342,-0.00492177467139299));
#9649=CARTESIAN_POINT('',(-0.0884387906963541,-0.110947174169573,-0.00287046820356657));
#9650=CARTESIAN_POINT('',(-0.0780387906959903,-0.110947174169573,0.00313397459621553));
#9651=CARTESIAN_POINT('',(-0.0795387906959903,-0.109364756475342,0.00573205080756884));
#9652=CARTESIAN_POINT('',(-0.0765387906959903,-0.110947174169573,0.00573205080756884));
#9653=CARTESIAN_POINT('',(-0.0765387906959903,-0.110947174169573,0.006135));
#9654=CARTESIAN_POINT('',(0.0613312910167866,-0.109364756475342,0.000349999999999982));
#9655=CARTESIAN_POINT('',(0.0603690390801854,-0.111071248599164,0.0333657457224374));
#9656=CARTESIAN_POINT('',(0.0606289013824005,-0.110610399464815,0.0334666663576685));
#9657=CARTESIAN_POINT('',(0.0609496133913517,-0.110041637276376,0.033618685822736));
#9658=CARTESIAN_POINT('',(0.0613311751070391,-0.109364962033848,0.0338218041176397));
#9659=CARTESIAN_POINT('',(0.0569516624277925,-0.110934953069875,0.0377738639492793));
#9660=CARTESIAN_POINT('',(0.0574539896487565,-0.110851070596184,0.037674586023334));
#9661=CARTESIAN_POINT('',(0.0579219376790652,-0.110787133299353,0.0375150954770656));
#9662=CARTESIAN_POINT('',(0.0587921661321893,-0.110713820889243,0.0370150152966282));
#9663=CARTESIAN_POINT('',(0.0591622625454963,-0.11070495766958,0.0366924726490492));
#9664=CARTESIAN_POINT('',(0.0596140730488735,-0.110733341128231,0.036094267508153));
#9665=CARTESIAN_POINT('',(0.0597440400547519,-0.110749851960919,0.0358801913718643));
#9666=CARTESIAN_POINT('',(0.0599613791070387,-0.110796016059057,0.0354345509693765));
#9667=CARTESIAN_POINT('',(0.060049962582359,-0.110825846768354,0.0352014912116961));
#9668=CARTESIAN_POINT('',(0.0601928990136511,-0.110897134676781,0.0347138868843797));
#9669=CARTESIAN_POINT('',(0.0602454069849917,-0.110935283576493,0.0344620088117898));
#9670=CARTESIAN_POINT('',(0.0603011161229154,-0.111006373810254,0.0340897784850721));
#9671=CARTESIAN_POINT('',(0.060315097762991,-0.11103396614457,0.033968430935254));
#9672=CARTESIAN_POINT('',(0.0603387155503105,-0.111070792347795,0.0336988102169315));
#9673=CARTESIAN_POINT('',(0.0603539266775614,-0.11106348980942,0.0335330174133371));
#9674=CARTESIAN_POINT('',(0.0603673531738208,-0.111070383045662,0.0333844061840025));
#9675=CARTESIAN_POINT('',(0.0603692074580627,-0.111071335045283,0.0333638820312082));
#9676=CARTESIAN_POINT('',(0.0603710617423045,-0.111072287044903,0.033343357878414));
#9677=CARTESIAN_POINT('',(0.0603729160265464,-0.111073239044523,0.0333228337256197));
#9678=CARTESIAN_POINT('',(0.0571680318619505,-0.109364756475342,0.0387366658404858));
#9679=CARTESIAN_POINT('',(0.0577643216757921,-0.109364756475342,0.0386022080736894));
#9680=CARTESIAN_POINT('',(0.0583242227765608,-0.109364756475342,0.0383846917482569));
#9681=CARTESIAN_POINT('',(0.0593684386425167,-0.109364756475342,0.0377462458774192));
#9682=CARTESIAN_POINT('',(0.0598191345541403,-0.109364756475342,0.0373464882447656));
#9683=CARTESIAN_POINT('',(0.0603831078871338,-0.109364756475342,0.0366232033428205));
#9684=CARTESIAN_POINT('',(0.0605483703626219,-0.109364756475342,0.0363661944696312));
#9685=CARTESIAN_POINT('',(0.0608303553616509,-0.109364756475342,0.0358319897544414));
#9686=CARTESIAN_POINT('',(0.0609483152353144,-0.109364756475342,0.0355530618690219));
#9687=CARTESIAN_POINT('',(0.061140232592851,-0.109364756475342,0.0349721906388978));
#9688=CARTESIAN_POINT('',(0.0612114300403142,-0.109364756475341,0.0346768162864311));
#9689=CARTESIAN_POINT('',(0.0612876679796636,-0.109364756475342,0.0342295095685971));
#9690=CARTESIAN_POINT('',(0.0613072565975369,-0.109364756475342,0.034079455670642));
#9691=CARTESIAN_POINT('',(0.0613355448820686,-0.109364756475342,0.0337776029535086));
#9692=CARTESIAN_POINT('',(0.0613489725714915,-0.109364756475342,0.0336265614786347));
#9693=CARTESIAN_POINT('',(0.0613628365950968,-0.109364756475342,0.0334755901611571));
#9694=CARTESIAN_POINT('',(0.0613647513046386,-0.109364756475342,0.0334547400652301));
#9695=CARTESIAN_POINT('',(0.0613666660141804,-0.109364756475342,0.033433889969303));
#9696=CARTESIAN_POINT('',(0.0613685807237221,-0.109364756475342,0.033413039873376));
#9697=CARTESIAN_POINT('',(0.0569516624277925,-0.110934953069875,0.0377738639492793));
#9698=CARTESIAN_POINT('',(0.0570237855725118,-0.11041155420503,0.0380947979130148));
#9699=CARTESIAN_POINT('',(0.0570959087172312,-0.109888155340186,0.0384157318767503));
#9700=CARTESIAN_POINT('',(0.0571680318619505,-0.109364756475342,0.0387366658404858));
#9701=CARTESIAN_POINT('',(0.0571680318619504,-0.109364756475342,0.0387366658404858));
#9702=CARTESIAN_POINT('',(0.0567701888736479,-0.109364756475342,0.038825829573036));
#9703=CARTESIAN_POINT('',(0.056367362151814,-0.109364756475342,0.0388698561879186));
#9704=CARTESIAN_POINT('',(0.0559596992115842,-0.109364756475342,0.0388700817132347));
#9705=CARTESIAN_POINT('',(0.0569516624277926,-0.110934953069874,0.0377738639492792));
#9706=CARTESIAN_POINT('',(0.0566246021886455,-0.11100171043493,0.0378359767322445));
#9707=CARTESIAN_POINT('',(0.0562936958248883,-0.111069143359884,0.0378680251258275));
#9708=CARTESIAN_POINT('',(0.0559596992115843,-0.11113677532126,0.03787088075449));
#9709=CARTESIAN_POINT('',(0.0559596992115843,-0.109364756475342,0.0388700817132347));
#9710=CARTESIAN_POINT('',(0.0559596992115843,-0.109955429423981,0.0385370147269865));
#9711=CARTESIAN_POINT('',(0.0559596992115843,-0.11054610237262,0.0382039477407382));
#9712=CARTESIAN_POINT('',(0.0559596992115843,-0.111136775321259,0.03787088075449));
#9713=CARTESIAN_POINT('',(-0.0185387906963541,-0.109364756475342,0.0388700817132347));
#9714=CARTESIAN_POINT('',(-0.0121510853935453,-0.111136775321259,0.0378708807544904));
#9715=CARTESIAN_POINT('',(-0.0121510853935453,-0.11054610237262,0.0382039477407385));
#9716=CARTESIAN_POINT('',(-0.0121510853935453,-0.109955429423981,0.0385370147269866));
#9717=CARTESIAN_POINT('',(-0.0121510853935453,-0.109364756475342,0.0388700817132347));
#9718=CARTESIAN_POINT('',(-0.0121510853935453,-0.109364756475342,0.0388700817132347));
#9719=CARTESIAN_POINT('',(-0.012611437876561,-0.109364756475342,0.0388698573497392));
#9720=CARTESIAN_POINT('',(-0.0130716775517316,-0.109364756475342,0.0388156603502437));
#9721=CARTESIAN_POINT('',(-0.0135179349717651,-0.109364756475342,0.0387050100179859));
#9722=CARTESIAN_POINT('',(-0.0121510853935443,-0.111136775321258,0.0378708807544899));
#9723=CARTESIAN_POINT('',(-0.0125318020249927,-0.111059968891597,0.0378676870994717));
#9724=CARTESIAN_POINT('',(-0.0129131738147386,-0.110983941098649,0.0378283602474022));
#9725=CARTESIAN_POINT('',(-0.0132813471440522,-0.110909157999142,0.0377516926804203));
#9726=CARTESIAN_POINT('',(-0.0132814391363345,-0.11090855749056,0.0377520633581451));
#9727=CARTESIAN_POINT('',(-0.0133602682596007,-0.110393975572847,0.0380697008741625));
#9728=CARTESIAN_POINT('',(-0.0134390973828668,-0.109879393655134,0.03838733839018));
#9729=CARTESIAN_POINT('',(-0.013517926506133,-0.109364811737421,0.0387049759061974));
#9730=CARTESIAN_POINT('',(-0.0164543909506984,-0.110901309518326,0.0345012014343763));
#9731=CARTESIAN_POINT('',(-0.0163093966621854,-0.110766521087723,0.0353061251523114));
#9732=CARTESIAN_POINT('',(-0.0159632872305689,-0.11069102041826,0.0360661952984843));
#9733=CARTESIAN_POINT('',(-0.014841817408945,-0.110693173419613,0.0372156544197456));
#9734=CARTESIAN_POINT('',(-0.0140917283642976,-0.110770312955974,0.0375822001142781));
#9735=CARTESIAN_POINT('',(-0.0132827551888042,-0.110908047148822,0.037751437150506));
#9736=CARTESIAN_POINT('',(-0.0174121813506331,-0.109364756475342,0.0347119576296792));
#9737=CARTESIAN_POINT('',(-0.0172061553788698,-0.109364756475342,0.0356687962573963));
#9738=CARTESIAN_POINT('',(-0.0167429441221715,-0.109364756475342,0.0365757153031517));
#9739=CARTESIAN_POINT('',(-0.0153725575279055,-0.109364756475342,0.0379819470031515));
#9740=CARTESIAN_POINT('',(-0.0144796180178292,-0.109364756475342,0.0384700861296164));
#9741=CARTESIAN_POINT('',(-0.0135189217869233,-0.109364756475342,0.0387046396209893));
#9742=CARTESIAN_POINT('',(-0.0164540787387956,-0.110901810390072,0.0345011327339667));
#9743=CARTESIAN_POINT('',(-0.0167734565704951,-0.110389442570149,0.0345714099644322));
#9744=CARTESIAN_POINT('',(-0.0170928344021943,-0.109877074750214,0.034641687194897));
#9745=CARTESIAN_POINT('',(-0.0174122122338936,-0.109364706930297,0.0347119644253606));
#9746=CARTESIAN_POINT('',(-0.0174124615348993,-0.109364756475342,0.0347111754393278));
#9747=CARTESIAN_POINT('',(-0.0174971487056689,-0.109364756475342,0.0343263316437489));
#9748=CARTESIAN_POINT('',(-0.0175386746893632,-0.109364756475342,0.0339319900392278));
#9749=CARTESIAN_POINT('',(-0.0175387906870689,-0.109364756475342,0.0335375088759152));
#9750=CARTESIAN_POINT('',(-0.0164545409618931,-0.110902164804178,0.0345002193270501));
#9751=CARTESIAN_POINT('',(-0.0165109598558585,-0.1109660663297,0.0341850295934689));
#9752=CARTESIAN_POINT('',(-0.0165387276537764,-0.111031222961271,0.0338610605873981));
#9753=CARTESIAN_POINT('',(-0.0165387906912985,-0.111096801982632,0.0335375031436238));
#9754=CARTESIAN_POINT('',(-0.017538790696354,-0.109364756475342,0.0335375058885701));
#9755=CARTESIAN_POINT('',(-0.0172054573630137,-0.109942106744543,0.0335375058885701));
#9756=CARTESIAN_POINT('',(-0.0168721240296734,-0.110519457013745,0.0335375058885701));
#9757=CARTESIAN_POINT('',(-0.0165387906963331,-0.111096807282947,0.0335375058885701));
#9758=CARTESIAN_POINT('',(-0.017538790696354,-0.109364756475342,0.000349999999999982));
#9759=MECHANICAL_DESIGN_GEOMETRIC_PRESENTATION_REPRESENTATION('',(#4154),
#9760);
#9760=(
GEOMETRIC_REPRESENTATION_CONTEXT(3)
GLOBAL_UNCERTAINTY_ASSIGNED_CONTEXT((#9761))
GLOBAL_UNIT_ASSIGNED_CONTEXT((#9764,#9763,#9762))
REPRESENTATION_CONTEXT('Front Bracket','TOP_LEVEL_ASSEMBLY_PART')
);
#9761=UNCERTAINTY_MEASURE_WITH_UNIT(LENGTH_MEASURE(2.02E-5),#9764,
'DISTANCE_ACCURACY_VALUE','Maximum Tolerance applied to model');
#9762=(
NAMED_UNIT(*)
SI_UNIT($,.STERADIAN.)
SOLID_ANGLE_UNIT()
);
#9763=(
NAMED_UNIT(*)
PLANE_ANGLE_UNIT()
SI_UNIT($,.RADIAN.)
);
#9764=(
LENGTH_UNIT()
NAMED_UNIT(*)
SI_UNIT($,.METRE.)
);
#9765=PRODUCT_DEFINITION_SHAPE('','',#9766);
#9766=PRODUCT_DEFINITION('','',#9768,#9767);
#9767=PRODUCT_DEFINITION_CONTEXT('',#9774,'design');
#9768=PRODUCT_DEFINITION_FORMATION_WITH_SPECIFIED_SOURCE('','',#9770,
 .NOT_KNOWN.);
#9769=PRODUCT_RELATED_PRODUCT_CATEGORY('','',(#9770));
#9770=PRODUCT('Front Bracket','Front Bracket','Front Bracket',(#9772));
#9771=PRODUCT_CATEGORY('','');
#9772=PRODUCT_CONTEXT('',#9774,'mechanical');
#9773=APPLICATION_PROTOCOL_DEFINITION('international standard',
'ap242_managed_model_based_3d_engineering',2011,#9774);
#9774=APPLICATION_CONTEXT('managed model based 3d engineering');
ENDSEC;
END-ISO-10303-21;
