ISO-10303-21;
HEADER;
/* Generated by software containing ST-Developer
 * from STEP Tools, Inc. (www.steptools.com) 
 */
/* OPTION: using custom renumber hook */

FILE_DESCRIPTION(
/* description */ ('STEP AP242',
'CAx-IF Rec.Pracs.---Representation and Presentation of Product Manufa
cturing Information (PMI)---4.0---2014-10-13',
'CAx-IF Rec.Pracs.---3D Tessellated Geometry---0.4---2014-09-14','2;1'),

/* implementation_level */ '2;1');

FILE_NAME(
/* name */ '6816800ee73fa14b51bb78c2',
/* time_stamp */ '2025-05-03T20:43:59Z',
/* author */ (''),
/* organization */ (''),
/* preprocessor_version */ 'ST-DEVELOPER v20',
/* originating_system */ 'ONSHAPE BY PTC INC, 1.197',
/* authorisation */ '  ');

FILE_SCHEMA (('AP242_MANAGED_MODEL_BASED_3D_ENGINEERING_MIM_LF { 1 0 10303 442 1 1 4 }'));
ENDSEC;

DATA;
#10=SHAPE_REPRESENTATION_RELATIONSHIP('','',#2793,#11);
#11=ADVANCED_BREP_SHAPE_REPRESENTATION('',(#2791),#4717);
#12=TOROIDAL_SURFACE('',#2978,0.009,0.005);
#13=TOROIDAL_SURFACE('',#2980,0.009,0.005);
#14=TOROIDAL_SURFACE('',#2986,0.009,0.005);
#15=TOROIDAL_SURFACE('',#2988,0.009,0.005);
#16=TOROIDAL_SURFACE('',#2994,0.009,0.005);
#17=TOROIDAL_SURFACE('',#2996,0.009,0.005);
#18=TOROIDAL_SURFACE('',#3002,0.009,0.005);
#19=TOROIDAL_SURFACE('',#3004,0.009,0.005);
#20=TOROIDAL_SURFACE('',#3010,0.009,0.005);
#21=TOROIDAL_SURFACE('',#3012,0.009,0.005);
#22=TOROIDAL_SURFACE('',#3018,0.009,0.005);
#23=TOROIDAL_SURFACE('',#3020,0.009,0.005);
#24=TOROIDAL_SURFACE('',#3026,0.009,0.005);
#25=TOROIDAL_SURFACE('',#3028,0.009,0.005);
#26=TOROIDAL_SURFACE('',#3034,0.009,0.005);
#27=TOROIDAL_SURFACE('',#3036,0.009,0.005);
#28=CONICAL_SURFACE('',#2927,0.004,0.785398163397448);
#29=CONICAL_SURFACE('',#2931,0.004,0.785398163397449);
#30=CONICAL_SURFACE('',#2933,0.004,0.785398163397449);
#31=CONICAL_SURFACE('',#2937,0.004,0.785398163397448);
#32=CONICAL_SURFACE('',#2939,0.004,0.785398163397448);
#33=CONICAL_SURFACE('',#2943,0.004,0.785398163397449);
#34=CONICAL_SURFACE('',#2945,0.004,0.785398163397449);
#35=CONICAL_SURFACE('',#2949,0.004,0.785398163397448);
#36=CONICAL_SURFACE('',#2951,0.0055,0.785398163397448);
#37=CONICAL_SURFACE('',#2955,0.0055,0.785398163397449);
#38=CONICAL_SURFACE('',#2957,0.0055,0.785398163397449);
#39=CONICAL_SURFACE('',#2961,0.0055,0.785398163397446);
#40=CONICAL_SURFACE('',#2963,0.0055,0.785398163397448);
#41=CONICAL_SURFACE('',#2967,0.0055,0.785398163397445);
#42=CONICAL_SURFACE('',#2969,0.0055,0.785398163397449);
#43=CONICAL_SURFACE('',#2973,0.0055,0.785398163397448);
#44=CONICAL_SURFACE('',#3070,0.00225,0.523598775598299);
#45=CONICAL_SURFACE('',#3071,0.00225,0.523598775598288);
#46=CONICAL_SURFACE('',#3072,0.00225,0.523598775598313);
#47=CONICAL_SURFACE('',#3073,0.00175,0.523598775598299);
#48=CONICAL_SURFACE('',#3074,0.00175,0.523598775598299);
#49=CONICAL_SURFACE('',#3075,0.00175,0.523598775598299);
#50=CONICAL_SURFACE('',#3076,0.00225,0.523598775598298);
#51=CONICAL_SURFACE('',#3077,0.00225,0.523598775598298);
#52=CONICAL_SURFACE('',#3078,0.00175,0.523598775598298);
#53=CONICAL_SURFACE('',#3079,0.00175,0.523598775598298);
#54=B_SPLINE_CURVE_WITH_KNOTS('',3,(#4145,#4146,#4147,#4148,#4149),
 .UNSPECIFIED.,.F.,.F.,(4,1,4),(0.,0.000922367375523685,0.00184473475104737),
 .UNSPECIFIED.);
#55=B_SPLINE_CURVE_WITH_KNOTS('',3,(#4161,#4162,#4163,#4164,#4165),
 .UNSPECIFIED.,.F.,.F.,(4,1,4),(0.,0.00092236737552369,0.00184473475104738),
 .UNSPECIFIED.);
#56=B_SPLINE_CURVE_WITH_KNOTS('',3,(#4174,#4175,#4176,#4177,#4178),
 .UNSPECIFIED.,.F.,.F.,(4,1,4),(0.,0.000922367375523789,0.00184473475104758),
 .UNSPECIFIED.);
#57=B_SPLINE_CURVE_WITH_KNOTS('',3,(#4189,#4190,#4191,#4192,#4193),
 .UNSPECIFIED.,.F.,.F.,(4,1,4),(0.,0.000922367375523688,0.00184473475104738),
 .UNSPECIFIED.);
#58=CYLINDRICAL_SURFACE('',#2820,0.000689);
#59=CYLINDRICAL_SURFACE('',#2824,0.000689);
#60=CYLINDRICAL_SURFACE('',#2827,0.000689);
#61=CYLINDRICAL_SURFACE('',#2831,0.000689);
#62=CYLINDRICAL_SURFACE('',#2893,0.004);
#63=CYLINDRICAL_SURFACE('',#2894,0.004);
#64=CYLINDRICAL_SURFACE('',#2895,0.004);
#65=CYLINDRICAL_SURFACE('',#2899,0.004);
#66=CYLINDRICAL_SURFACE('',#2903,0.004);
#67=CYLINDRICAL_SURFACE('',#2908,0.004);
#68=CYLINDRICAL_SURFACE('',#2911,0.004);
#69=CYLINDRICAL_SURFACE('',#2915,0.004);
#70=CYLINDRICAL_SURFACE('',#2919,0.004);
#71=CYLINDRICAL_SURFACE('',#2924,0.004);
#72=CYLINDRICAL_SURFACE('',#2975,0.005);
#73=CYLINDRICAL_SURFACE('',#2982,0.005);
#74=CYLINDRICAL_SURFACE('',#2984,0.005);
#75=CYLINDRICAL_SURFACE('',#2990,0.005);
#76=CYLINDRICAL_SURFACE('',#2991,0.005);
#77=CYLINDRICAL_SURFACE('',#2998,0.005);
#78=CYLINDRICAL_SURFACE('',#3000,0.005);
#79=CYLINDRICAL_SURFACE('',#3006,0.005);
#80=CYLINDRICAL_SURFACE('',#3007,0.005);
#81=CYLINDRICAL_SURFACE('',#3014,0.005);
#82=CYLINDRICAL_SURFACE('',#3016,0.005);
#83=CYLINDRICAL_SURFACE('',#3022,0.005);
#84=CYLINDRICAL_SURFACE('',#3023,0.005);
#85=CYLINDRICAL_SURFACE('',#3030,0.005);
#86=CYLINDRICAL_SURFACE('',#3032,0.005);
#87=CYLINDRICAL_SURFACE('',#3038,0.005);
#88=CYLINDRICAL_SURFACE('',#3042,0.00175);
#89=CYLINDRICAL_SURFACE('',#3046,0.00175);
#90=CYLINDRICAL_SURFACE('',#3050,0.00175);
#91=CYLINDRICAL_SURFACE('',#3054,0.00175);
#92=CYLINDRICAL_SURFACE('',#3058,0.00175);
#93=CYLINDRICAL_SURFACE('',#3060,0.00175);
#94=CYLINDRICAL_SURFACE('',#3062,0.00175);
#95=CYLINDRICAL_SURFACE('',#3064,0.00175);
#96=CYLINDRICAL_SURFACE('',#3066,0.00175);
#97=CYLINDRICAL_SURFACE('',#3068,0.00175);
#98=LINE('',#3916,#356);
#99=LINE('',#3919,#357);
#100=LINE('',#3921,#358);
#101=LINE('',#3923,#359);
#102=LINE('',#3925,#360);
#103=LINE('',#3930,#361);
#104=LINE('',#3934,#362);
#105=LINE('',#3938,#363);
#106=LINE('',#3941,#364);
#107=LINE('',#3946,#365);
#108=LINE('',#3950,#366);
#109=LINE('',#3954,#367);
#110=LINE('',#3957,#368);
#111=LINE('',#3960,#369);
#112=LINE('',#3962,#370);
#113=LINE('',#3964,#371);
#114=LINE('',#3966,#372);
#115=LINE('',#3968,#373);
#116=LINE('',#3970,#374);
#117=LINE('',#3972,#375);
#118=LINE('',#3974,#376);
#119=LINE('',#3976,#377);
#120=LINE('',#3978,#378);
#121=LINE('',#3980,#379);
#122=LINE('',#3981,#380);
#123=LINE('',#3984,#381);
#124=LINE('',#3986,#382);
#125=LINE('',#3988,#383);
#126=LINE('',#3989,#384);
#127=LINE('',#3992,#385);
#128=LINE('',#3994,#386);
#129=LINE('',#3996,#387);
#130=LINE('',#3998,#388);
#131=LINE('',#4000,#389);
#132=LINE('',#4002,#390);
#133=LINE('',#4004,#391);
#134=LINE('',#4006,#392);
#135=LINE('',#4008,#393);
#136=LINE('',#4010,#394);
#137=LINE('',#4012,#395);
#138=LINE('',#4013,#396);
#139=LINE('',#4015,#397);
#140=LINE('',#4017,#398);
#141=LINE('',#4019,#399);
#142=LINE('',#4023,#400);
#143=LINE('',#4027,#401);
#144=LINE('',#4031,#402);
#145=LINE('',#4035,#403);
#146=LINE('',#4038,#404);
#147=LINE('',#4040,#405);
#148=LINE('',#4042,#406);
#149=LINE('',#4044,#407);
#150=LINE('',#4046,#408);
#151=LINE('',#4048,#409);
#152=LINE('',#4050,#410);
#153=LINE('',#4052,#411);
#154=LINE('',#4054,#412);
#155=LINE('',#4056,#413);
#156=LINE('',#4058,#414);
#157=LINE('',#4060,#415);
#158=LINE('',#4062,#416);
#159=LINE('',#4064,#417);
#160=LINE('',#4066,#418);
#161=LINE('',#4068,#419);
#162=LINE('',#4070,#420);
#163=LINE('',#4072,#421);
#164=LINE('',#4074,#422);
#165=LINE('',#4076,#423);
#166=LINE('',#4078,#424);
#167=LINE('',#4080,#425);
#168=LINE('',#4082,#426);
#169=LINE('',#4083,#427);
#170=LINE('',#4087,#428);
#171=LINE('',#4091,#429);
#172=LINE('',#4095,#430);
#173=LINE('',#4099,#431);
#174=LINE('',#4101,#432);
#175=LINE('',#4103,#433);
#176=LINE('',#4105,#434);
#177=LINE('',#4108,#435);
#178=LINE('',#4110,#436);
#179=LINE('',#4111,#437);
#180=LINE('',#4113,#438);
#181=LINE('',#4115,#439);
#182=LINE('',#4118,#440);
#183=LINE('',#4120,#441);
#184=LINE('',#4121,#442);
#185=LINE('',#4123,#443);
#186=LINE('',#4125,#444);
#187=LINE('',#4128,#445);
#188=LINE('',#4130,#446);
#189=LINE('',#4132,#447);
#190=LINE('',#4134,#448);
#191=LINE('',#4137,#449);
#192=LINE('',#4139,#450);
#193=LINE('',#4141,#451);
#194=LINE('',#4143,#452);
#195=LINE('',#4151,#453);
#196=LINE('',#4152,#454);
#197=LINE('',#4155,#455);
#198=LINE('',#4159,#456);
#199=LINE('',#4169,#457);
#200=LINE('',#4170,#458);
#201=LINE('',#4172,#459);
#202=LINE('',#4180,#460);
#203=LINE('',#4182,#461);
#204=LINE('',#4186,#462);
#205=LINE('',#4194,#463);
#206=LINE('',#4196,#464);
#207=LINE('',#4198,#465);
#208=LINE('',#4200,#466);
#209=LINE('',#4201,#467);
#210=LINE('',#4203,#468);
#211=LINE('',#4205,#469);
#212=LINE('',#4208,#470);
#213=LINE('',#4209,#471);
#214=LINE('',#4211,#472);
#215=LINE('',#4217,#473);
#216=LINE('',#4219,#474);
#217=LINE('',#4221,#475);
#218=LINE('',#4223,#476);
#219=LINE('',#4225,#477);
#220=LINE('',#4227,#478);
#221=LINE('',#4233,#479);
#222=LINE('',#4234,#480);
#223=LINE('',#4236,#481);
#224=LINE('',#4238,#482);
#225=LINE('',#4241,#483);
#226=LINE('',#4242,#484);
#227=LINE('',#4244,#485);
#228=LINE('',#4246,#486);
#229=LINE('',#4248,#487);
#230=LINE('',#4250,#488);
#231=LINE('',#4252,#489);
#232=LINE('',#4254,#490);
#233=LINE('',#4256,#491);
#234=LINE('',#4258,#492);
#235=LINE('',#4260,#493);
#236=LINE('',#4261,#494);
#237=LINE('',#4263,#495);
#238=LINE('',#4273,#496);
#239=LINE('',#4278,#497);
#240=LINE('',#4282,#498);
#241=LINE('',#4286,#499);
#242=LINE('',#4289,#500);
#243=LINE('',#4294,#501);
#244=LINE('',#4298,#502);
#245=LINE('',#4302,#503);
#246=LINE('',#4305,#504);
#247=LINE('',#4308,#505);
#248=LINE('',#4310,#506);
#249=LINE('',#4312,#507);
#250=LINE('',#4314,#508);
#251=LINE('',#4316,#509);
#252=LINE('',#4318,#510);
#253=LINE('',#4322,#511);
#254=LINE('',#4324,#512);
#255=LINE('',#4328,#513);
#256=LINE('',#4330,#514);
#257=LINE('',#4332,#515);
#258=LINE('',#4334,#516);
#259=LINE('',#4335,#517);
#260=LINE('',#4337,#518);
#261=LINE('',#4338,#519);
#262=LINE('',#4340,#520);
#263=LINE('',#4341,#521);
#264=LINE('',#4343,#522);
#265=LINE('',#4345,#523);
#266=LINE('',#4350,#524);
#267=LINE('',#4353,#525);
#268=LINE('',#4354,#526);
#269=LINE('',#4357,#527);
#270=LINE('',#4360,#528);
#271=LINE('',#4363,#529);
#272=LINE('',#4364,#530);
#273=LINE('',#4366,#531);
#274=LINE('',#4372,#532);
#275=LINE('',#4377,#533);
#276=LINE('',#4381,#534);
#277=LINE('',#4384,#535);
#278=LINE('',#4385,#536);
#279=LINE('',#4387,#537);
#280=LINE('',#4393,#538);
#281=LINE('',#4396,#539);
#282=LINE('',#4397,#540);
#283=LINE('',#4399,#541);
#284=LINE('',#4405,#542);
#285=LINE('',#4407,#543);
#286=LINE('',#4409,#544);
#287=LINE('',#4411,#545);
#288=LINE('',#4414,#546);
#289=LINE('',#4415,#547);
#290=LINE('',#4420,#548);
#291=LINE('',#4425,#549);
#292=LINE('',#4429,#550);
#293=LINE('',#4432,#551);
#294=LINE('',#4433,#552);
#295=LINE('',#4435,#553);
#296=LINE('',#4441,#554);
#297=LINE('',#4444,#555);
#298=LINE('',#4445,#556);
#299=LINE('',#4447,#557);
#300=LINE('',#4453,#558);
#301=LINE('',#4455,#559);
#302=LINE('',#4457,#560);
#303=LINE('',#4459,#561);
#304=LINE('',#4462,#562);
#305=LINE('',#4463,#563);
#306=LINE('',#4468,#564);
#307=LINE('',#4472,#565);
#308=LINE('',#4474,#566);
#309=LINE('',#4476,#567);
#310=LINE('',#4478,#568);
#311=LINE('',#4480,#569);
#312=LINE('',#4482,#570);
#313=LINE('',#4488,#571);
#314=LINE('',#4490,#572);
#315=LINE('',#4492,#573);
#316=LINE('',#4494,#574);
#317=LINE('',#4496,#575);
#318=LINE('',#4500,#576);
#319=LINE('',#4504,#577);
#320=LINE('',#4506,#578);
#321=LINE('',#4508,#579);
#322=LINE('',#4510,#580);
#323=LINE('',#4512,#581);
#324=LINE('',#4514,#582);
#325=LINE('',#4520,#583);
#326=LINE('',#4522,#584);
#327=LINE('',#4524,#585);
#328=LINE('',#4526,#586);
#329=LINE('',#4528,#587);
#330=LINE('',#4532,#588);
#331=LINE('',#4536,#589);
#332=LINE('',#4538,#590);
#333=LINE('',#4540,#591);
#334=LINE('',#4542,#592);
#335=LINE('',#4544,#593);
#336=LINE('',#4548,#594);
#337=LINE('',#4550,#595);
#338=LINE('',#4554,#596);
#339=LINE('',#4556,#597);
#340=LINE('',#4558,#598);
#341=LINE('',#4560,#599);
#342=LINE('',#4564,#600);
#343=LINE('',#4568,#601);
#344=LINE('',#4570,#602);
#345=LINE('',#4572,#603);
#346=LINE('',#4574,#604);
#347=LINE('',#4576,#605);
#348=LINE('',#4580,#606);
#349=LINE('',#4582,#607);
#350=LINE('',#4586,#608);
#351=LINE('',#4588,#609);
#352=LINE('',#4590,#610);
#353=LINE('',#4592,#611);
#354=LINE('',#4660,#612);
#355=LINE('',#4662,#613);
#356=VECTOR('',#3088,1.);
#357=VECTOR('',#3089,1.);
#358=VECTOR('',#3090,1.);
#359=VECTOR('',#3091,1.);
#360=VECTOR('',#3094,1.);
#361=VECTOR('',#3097,1.);
#362=VECTOR('',#3100,1.);
#363=VECTOR('',#3103,1.);
#364=VECTOR('',#3106,1.);
#365=VECTOR('',#3109,1.);
#366=VECTOR('',#3112,1.);
#367=VECTOR('',#3115,1.);
#368=VECTOR('',#3118,1.);
#369=VECTOR('',#3119,1.);
#370=VECTOR('',#3120,1.);
#371=VECTOR('',#3121,1.);
#372=VECTOR('',#3122,1.);
#373=VECTOR('',#3123,1.);
#374=VECTOR('',#3124,1.);
#375=VECTOR('',#3125,1.);
#376=VECTOR('',#3126,1.);
#377=VECTOR('',#3127,1.);
#378=VECTOR('',#3128,1.);
#379=VECTOR('',#3129,1.);
#380=VECTOR('',#3130,1.);
#381=VECTOR('',#3131,1.);
#382=VECTOR('',#3132,1.);
#383=VECTOR('',#3133,1.);
#384=VECTOR('',#3134,1.);
#385=VECTOR('',#3135,1.);
#386=VECTOR('',#3136,1.);
#387=VECTOR('',#3137,1.);
#388=VECTOR('',#3138,1.);
#389=VECTOR('',#3139,1.);
#390=VECTOR('',#3140,1.);
#391=VECTOR('',#3141,1.);
#392=VECTOR('',#3142,1.);
#393=VECTOR('',#3143,1.);
#394=VECTOR('',#3144,1.);
#395=VECTOR('',#3145,1.);
#396=VECTOR('',#3146,1.);
#397=VECTOR('',#3147,1.);
#398=VECTOR('',#3148,1.);
#399=VECTOR('',#3149,1.);
#400=VECTOR('',#3152,1.);
#401=VECTOR('',#3155,1.);
#402=VECTOR('',#3158,1.);
#403=VECTOR('',#3163,1.);
#404=VECTOR('',#3164,1.);
#405=VECTOR('',#3165,1.);
#406=VECTOR('',#3166,1.);
#407=VECTOR('',#3167,1.);
#408=VECTOR('',#3168,1.);
#409=VECTOR('',#3169,1.);
#410=VECTOR('',#3170,1.);
#411=VECTOR('',#3171,1.);
#412=VECTOR('',#3172,1.);
#413=VECTOR('',#3173,1.);
#414=VECTOR('',#3174,1.);
#415=VECTOR('',#3175,1.);
#416=VECTOR('',#3176,1.);
#417=VECTOR('',#3177,1.);
#418=VECTOR('',#3178,1.);
#419=VECTOR('',#3179,1.);
#420=VECTOR('',#3180,1.);
#421=VECTOR('',#3181,1.);
#422=VECTOR('',#3182,1.);
#423=VECTOR('',#3183,1.);
#424=VECTOR('',#3184,1.);
#425=VECTOR('',#3185,1.);
#426=VECTOR('',#3186,1.);
#427=VECTOR('',#3187,1.);
#428=VECTOR('',#3190,1.);
#429=VECTOR('',#3193,1.);
#430=VECTOR('',#3196,1.);
#431=VECTOR('',#3199,1.);
#432=VECTOR('',#3200,1.);
#433=VECTOR('',#3201,1.);
#434=VECTOR('',#3204,1.);
#435=VECTOR('',#3205,1.);
#436=VECTOR('',#3206,1.);
#437=VECTOR('',#3207,1.);
#438=VECTOR('',#3208,1.);
#439=VECTOR('',#3211,1.);
#440=VECTOR('',#3212,1.);
#441=VECTOR('',#3213,1.);
#442=VECTOR('',#3214,1.);
#443=VECTOR('',#3215,1.);
#444=VECTOR('',#3218,1.);
#445=VECTOR('',#3219,1.);
#446=VECTOR('',#3220,1.);
#447=VECTOR('',#3221,1.);
#448=VECTOR('',#3224,1.);
#449=VECTOR('',#3225,1.);
#450=VECTOR('',#3226,1.);
#451=VECTOR('',#3227,1.);
#452=VECTOR('',#3230,1.);
#453=VECTOR('',#3231,1.);
#454=VECTOR('',#3232,1.);
#455=VECTOR('',#3237,1.);
#456=VECTOR('',#3240,1.);
#457=VECTOR('',#3247,1.);
#458=VECTOR('',#3248,1.);
#459=VECTOR('',#3251,1.);
#460=VECTOR('',#3252,1.);
#461=VECTOR('',#3255,1.);
#462=VECTOR('',#3258,1.);
#463=VECTOR('',#3263,1.);
#464=VECTOR('',#3266,1.);
#465=VECTOR('',#3267,1.);
#466=VECTOR('',#3268,1.);
#467=VECTOR('',#3269,1.);
#468=VECTOR('',#3272,1.);
#469=VECTOR('',#3273,1.);
#470=VECTOR('',#3276,1.);
#471=VECTOR('',#3277,1.);
#472=VECTOR('',#3280,1.);
#473=VECTOR('',#3287,1.);
#474=VECTOR('',#3290,1.);
#475=VECTOR('',#3293,1.);
#476=VECTOR('',#3296,1.);
#477=VECTOR('',#3299,1.);
#478=VECTOR('',#3302,1.);
#479=VECTOR('',#3309,1.);
#480=VECTOR('',#3310,1.);
#481=VECTOR('',#3313,1.);
#482=VECTOR('',#3314,1.);
#483=VECTOR('',#3317,1.);
#484=VECTOR('',#3318,1.);
#485=VECTOR('',#3321,1.);
#486=VECTOR('',#3324,1.);
#487=VECTOR('',#3327,1.);
#488=VECTOR('',#3330,1.);
#489=VECTOR('',#3333,1.);
#490=VECTOR('',#3336,1.);
#491=VECTOR('',#3339,1.);
#492=VECTOR('',#3340,1.);
#493=VECTOR('',#3341,1.);
#494=VECTOR('',#3342,1.);
#495=VECTOR('',#3345,1.);
#496=VECTOR('',#3358,1.);
#497=VECTOR('',#3361,1.);
#498=VECTOR('',#3364,1.);
#499=VECTOR('',#3367,1.);
#500=VECTOR('',#3370,1.);
#501=VECTOR('',#3373,1.);
#502=VECTOR('',#3376,1.);
#503=VECTOR('',#3379,1.);
#504=VECTOR('',#3382,1.);
#505=VECTOR('',#3383,1.);
#506=VECTOR('',#3384,1.);
#507=VECTOR('',#3385,1.);
#508=VECTOR('',#3388,1.);
#509=VECTOR('',#3389,1.);
#510=VECTOR('',#3390,1.);
#511=VECTOR('',#3395,1.);
#512=VECTOR('',#3396,1.);
#513=VECTOR('',#3401,1.);
#514=VECTOR('',#3402,1.);
#515=VECTOR('',#3405,1.);
#516=VECTOR('',#3408,1.);
#517=VECTOR('',#3409,1.);
#518=VECTOR('',#3412,1.);
#519=VECTOR('',#3413,1.);
#520=VECTOR('',#3416,1.);
#521=VECTOR('',#3417,1.);
#522=VECTOR('',#3420,1.);
#523=VECTOR('',#3423,1.);
#524=VECTOR('',#3432,1.);
#525=VECTOR('',#3433,1.);
#526=VECTOR('',#3434,1.);
#527=VECTOR('',#3439,1.);
#528=VECTOR('',#3444,1.);
#529=VECTOR('',#3445,1.);
#530=VECTOR('',#3446,1.);
#531=VECTOR('',#3449,1.);
#532=VECTOR('',#3460,1.);
#533=VECTOR('',#3463,1.);
#534=VECTOR('',#3468,1.);
#535=VECTOR('',#3469,1.);
#536=VECTOR('',#3470,1.);
#537=VECTOR('',#3473,1.);
#538=VECTOR('',#3480,1.);
#539=VECTOR('',#3481,1.);
#540=VECTOR('',#3482,1.);
#541=VECTOR('',#3485,1.);
#542=VECTOR('',#3492,1.);
#543=VECTOR('',#3493,1.);
#544=VECTOR('',#3494,1.);
#545=VECTOR('',#3497,1.);
#546=VECTOR('',#3498,1.);
#547=VECTOR('',#3499,1.);
#548=VECTOR('',#3508,1.);
#549=VECTOR('',#3511,1.);
#550=VECTOR('',#3516,1.);
#551=VECTOR('',#3517,1.);
#552=VECTOR('',#3518,1.);
#553=VECTOR('',#3521,1.);
#554=VECTOR('',#3528,1.);
#555=VECTOR('',#3529,1.);
#556=VECTOR('',#3530,1.);
#557=VECTOR('',#3533,1.);
#558=VECTOR('',#3540,1.);
#559=VECTOR('',#3541,1.);
#560=VECTOR('',#3542,1.);
#561=VECTOR('',#3545,1.);
#562=VECTOR('',#3546,1.);
#563=VECTOR('',#3547,1.);
#564=VECTOR('',#3556,1.);
#565=VECTOR('',#3559,1.);
#566=VECTOR('',#3562,1.);
#567=VECTOR('',#3563,1.);
#568=VECTOR('',#3566,1.);
#569=VECTOR('',#3567,1.);
#570=VECTOR('',#3570,1.);
#571=VECTOR('',#3577,1.);
#572=VECTOR('',#3580,1.);
#573=VECTOR('',#3581,1.);
#574=VECTOR('',#3584,1.);
#575=VECTOR('',#3585,1.);
#576=VECTOR('',#3592,1.);
#577=VECTOR('',#3595,1.);
#578=VECTOR('',#3598,1.);
#579=VECTOR('',#3599,1.);
#580=VECTOR('',#3602,1.);
#581=VECTOR('',#3603,1.);
#582=VECTOR('',#3606,1.);
#583=VECTOR('',#3613,1.);
#584=VECTOR('',#3616,1.);
#585=VECTOR('',#3617,1.);
#586=VECTOR('',#3620,1.);
#587=VECTOR('',#3621,1.);
#588=VECTOR('',#3628,1.);
#589=VECTOR('',#3631,1.);
#590=VECTOR('',#3634,1.);
#591=VECTOR('',#3635,1.);
#592=VECTOR('',#3638,1.);
#593=VECTOR('',#3639,1.);
#594=VECTOR('',#3644,1.);
#595=VECTOR('',#3647,1.);
#596=VECTOR('',#3652,1.);
#597=VECTOR('',#3653,1.);
#598=VECTOR('',#3656,1.);
#599=VECTOR('',#3657,1.);
#600=VECTOR('',#3664,1.);
#601=VECTOR('',#3667,1.);
#602=VECTOR('',#3670,1.);
#603=VECTOR('',#3671,1.);
#604=VECTOR('',#3674,1.);
#605=VECTOR('',#3675,1.);
#606=VECTOR('',#3680,1.);
#607=VECTOR('',#3683,1.);
#608=VECTOR('',#3688,1.);
#609=VECTOR('',#3689,1.);
#610=VECTOR('',#3692,1.);
#611=VECTOR('',#3693,1.);
#612=VECTOR('',#3828,1.);
#613=VECTOR('',#3831,1.);
#614=ORIENTED_EDGE('',*,*,#1382,.T.);
#615=ORIENTED_EDGE('',*,*,#1383,.T.);
#616=ORIENTED_EDGE('',*,*,#1384,.F.);
#617=ORIENTED_EDGE('',*,*,#1385,.F.);
#618=ORIENTED_EDGE('',*,*,#1386,.T.);
#619=ORIENTED_EDGE('',*,*,#1387,.T.);
#620=ORIENTED_EDGE('',*,*,#1388,.T.);
#621=ORIENTED_EDGE('',*,*,#1389,.T.);
#622=ORIENTED_EDGE('',*,*,#1390,.T.);
#623=ORIENTED_EDGE('',*,*,#1391,.T.);
#624=ORIENTED_EDGE('',*,*,#1392,.T.);
#625=ORIENTED_EDGE('',*,*,#1393,.T.);
#626=ORIENTED_EDGE('',*,*,#1394,.T.);
#627=ORIENTED_EDGE('',*,*,#1395,.T.);
#628=ORIENTED_EDGE('',*,*,#1396,.T.);
#629=ORIENTED_EDGE('',*,*,#1397,.T.);
#630=ORIENTED_EDGE('',*,*,#1398,.T.);
#631=ORIENTED_EDGE('',*,*,#1399,.T.);
#632=ORIENTED_EDGE('',*,*,#1400,.T.);
#633=ORIENTED_EDGE('',*,*,#1401,.T.);
#634=ORIENTED_EDGE('',*,*,#1402,.T.);
#635=ORIENTED_EDGE('',*,*,#1403,.T.);
#636=ORIENTED_EDGE('',*,*,#1404,.F.);
#637=ORIENTED_EDGE('',*,*,#1405,.T.);
#638=ORIENTED_EDGE('',*,*,#1406,.F.);
#639=ORIENTED_EDGE('',*,*,#1407,.F.);
#640=ORIENTED_EDGE('',*,*,#1408,.F.);
#641=ORIENTED_EDGE('',*,*,#1409,.F.);
#642=ORIENTED_EDGE('',*,*,#1410,.T.);
#643=ORIENTED_EDGE('',*,*,#1411,.T.);
#644=ORIENTED_EDGE('',*,*,#1412,.T.);
#645=ORIENTED_EDGE('',*,*,#1413,.F.);
#646=ORIENTED_EDGE('',*,*,#1414,.F.);
#647=ORIENTED_EDGE('',*,*,#1415,.F.);
#648=ORIENTED_EDGE('',*,*,#1416,.T.);
#649=ORIENTED_EDGE('',*,*,#1417,.T.);
#650=ORIENTED_EDGE('',*,*,#1418,.T.);
#651=ORIENTED_EDGE('',*,*,#1419,.T.);
#652=ORIENTED_EDGE('',*,*,#1420,.T.);
#653=ORIENTED_EDGE('',*,*,#1421,.F.);
#654=ORIENTED_EDGE('',*,*,#1422,.F.);
#655=ORIENTED_EDGE('',*,*,#1423,.F.);
#656=ORIENTED_EDGE('',*,*,#1424,.F.);
#657=ORIENTED_EDGE('',*,*,#1425,.T.);
#658=ORIENTED_EDGE('',*,*,#1426,.T.);
#659=ORIENTED_EDGE('',*,*,#1427,.T.);
#660=ORIENTED_EDGE('',*,*,#1428,.F.);
#661=ORIENTED_EDGE('',*,*,#1429,.F.);
#662=ORIENTED_EDGE('',*,*,#1430,.F.);
#663=ORIENTED_EDGE('',*,*,#1431,.F.);
#664=ORIENTED_EDGE('',*,*,#1385,.T.);
#665=ORIENTED_EDGE('',*,*,#1432,.T.);
#666=ORIENTED_EDGE('',*,*,#1433,.T.);
#667=ORIENTED_EDGE('',*,*,#1434,.F.);
#668=ORIENTED_EDGE('',*,*,#1435,.T.);
#669=ORIENTED_EDGE('',*,*,#1436,.T.);
#670=ORIENTED_EDGE('',*,*,#1437,.T.);
#671=ORIENTED_EDGE('',*,*,#1438,.T.);
#672=ORIENTED_EDGE('',*,*,#1439,.F.);
#673=ORIENTED_EDGE('',*,*,#1440,.T.);
#674=ORIENTED_EDGE('',*,*,#1441,.T.);
#675=ORIENTED_EDGE('',*,*,#1442,.T.);
#676=ORIENTED_EDGE('',*,*,#1443,.T.);
#677=ORIENTED_EDGE('',*,*,#1444,.T.);
#678=ORIENTED_EDGE('',*,*,#1445,.T.);
#679=ORIENTED_EDGE('',*,*,#1446,.T.);
#680=ORIENTED_EDGE('',*,*,#1447,.T.);
#681=ORIENTED_EDGE('',*,*,#1448,.F.);
#682=ORIENTED_EDGE('',*,*,#1449,.F.);
#683=ORIENTED_EDGE('',*,*,#1450,.F.);
#684=ORIENTED_EDGE('',*,*,#1451,.T.);
#685=ORIENTED_EDGE('',*,*,#1452,.T.);
#686=ORIENTED_EDGE('',*,*,#1453,.T.);
#687=ORIENTED_EDGE('',*,*,#1454,.T.);
#688=ORIENTED_EDGE('',*,*,#1455,.T.);
#689=ORIENTED_EDGE('',*,*,#1456,.T.);
#690=ORIENTED_EDGE('',*,*,#1457,.T.);
#691=ORIENTED_EDGE('',*,*,#1458,.F.);
#692=ORIENTED_EDGE('',*,*,#1459,.F.);
#693=ORIENTED_EDGE('',*,*,#1460,.F.);
#694=ORIENTED_EDGE('',*,*,#1461,.T.);
#695=ORIENTED_EDGE('',*,*,#1462,.T.);
#696=ORIENTED_EDGE('',*,*,#1463,.T.);
#697=ORIENTED_EDGE('',*,*,#1464,.T.);
#698=ORIENTED_EDGE('',*,*,#1465,.T.);
#699=ORIENTED_EDGE('',*,*,#1466,.T.);
#700=ORIENTED_EDGE('',*,*,#1467,.F.);
#701=ORIENTED_EDGE('',*,*,#1387,.F.);
#702=ORIENTED_EDGE('',*,*,#1468,.F.);
#703=ORIENTED_EDGE('',*,*,#1469,.F.);
#704=ORIENTED_EDGE('',*,*,#1470,.F.);
#705=ORIENTED_EDGE('',*,*,#1471,.T.);
#706=ORIENTED_EDGE('',*,*,#1472,.F.);
#707=ORIENTED_EDGE('',*,*,#1473,.F.);
#708=ORIENTED_EDGE('',*,*,#1474,.F.);
#709=ORIENTED_EDGE('',*,*,#1475,.F.);
#710=ORIENTED_EDGE('',*,*,#1476,.T.);
#711=ORIENTED_EDGE('',*,*,#1477,.F.);
#712=ORIENTED_EDGE('',*,*,#1478,.F.);
#713=ORIENTED_EDGE('',*,*,#1479,.T.);
#714=ORIENTED_EDGE('',*,*,#1480,.F.);
#715=ORIENTED_EDGE('',*,*,#1415,.T.);
#716=ORIENTED_EDGE('',*,*,#1481,.T.);
#717=ORIENTED_EDGE('',*,*,#1482,.T.);
#718=ORIENTED_EDGE('',*,*,#1483,.F.);
#719=ORIENTED_EDGE('',*,*,#1484,.T.);
#720=ORIENTED_EDGE('',*,*,#1485,.F.);
#721=ORIENTED_EDGE('',*,*,#1430,.T.);
#722=ORIENTED_EDGE('',*,*,#1486,.T.);
#723=ORIENTED_EDGE('',*,*,#1487,.T.);
#724=ORIENTED_EDGE('',*,*,#1488,.T.);
#725=ORIENTED_EDGE('',*,*,#1489,.T.);
#726=ORIENTED_EDGE('',*,*,#1490,.F.);
#727=ORIENTED_EDGE('',*,*,#1491,.T.);
#728=ORIENTED_EDGE('',*,*,#1492,.T.);
#729=ORIENTED_EDGE('',*,*,#1493,.T.);
#730=ORIENTED_EDGE('',*,*,#1494,.F.);
#731=ORIENTED_EDGE('',*,*,#1495,.F.);
#732=ORIENTED_EDGE('',*,*,#1496,.F.);
#733=ORIENTED_EDGE('',*,*,#1497,.T.);
#734=ORIENTED_EDGE('',*,*,#1498,.F.);
#735=ORIENTED_EDGE('',*,*,#1440,.F.);
#736=ORIENTED_EDGE('',*,*,#1499,.T.);
#737=ORIENTED_EDGE('',*,*,#1470,.T.);
#738=ORIENTED_EDGE('',*,*,#1498,.T.);
#739=ORIENTED_EDGE('',*,*,#1500,.T.);
#740=ORIENTED_EDGE('',*,*,#1496,.T.);
#741=ORIENTED_EDGE('',*,*,#1469,.T.);
#742=ORIENTED_EDGE('',*,*,#1501,.F.);
#743=ORIENTED_EDGE('',*,*,#1502,.T.);
#744=ORIENTED_EDGE('',*,*,#1503,.F.);
#745=ORIENTED_EDGE('',*,*,#1441,.F.);
#746=ORIENTED_EDGE('',*,*,#1503,.T.);
#747=ORIENTED_EDGE('',*,*,#1504,.T.);
#748=ORIENTED_EDGE('',*,*,#1501,.T.);
#749=ORIENTED_EDGE('',*,*,#1468,.T.);
#750=ORIENTED_EDGE('',*,*,#1386,.F.);
#751=ORIENTED_EDGE('',*,*,#1442,.F.);
#752=ORIENTED_EDGE('',*,*,#1505,.T.);
#753=ORIENTED_EDGE('',*,*,#1435,.F.);
#754=ORIENTED_EDGE('',*,*,#1506,.T.);
#755=ORIENTED_EDGE('',*,*,#1475,.T.);
#756=ORIENTED_EDGE('',*,*,#1507,.F.);
#757=ORIENTED_EDGE('',*,*,#1508,.F.);
#758=ORIENTED_EDGE('',*,*,#1509,.T.);
#759=ORIENTED_EDGE('',*,*,#1510,.F.);
#760=ORIENTED_EDGE('',*,*,#1436,.F.);
#761=ORIENTED_EDGE('',*,*,#1507,.T.);
#762=ORIENTED_EDGE('',*,*,#1474,.T.);
#763=ORIENTED_EDGE('',*,*,#1511,.F.);
#764=ORIENTED_EDGE('',*,*,#1512,.T.);
#765=ORIENTED_EDGE('',*,*,#1513,.F.);
#766=ORIENTED_EDGE('',*,*,#1437,.F.);
#767=ORIENTED_EDGE('',*,*,#1510,.T.);
#768=ORIENTED_EDGE('',*,*,#1514,.T.);
#769=ORIENTED_EDGE('',*,*,#1508,.T.);
#770=ORIENTED_EDGE('',*,*,#1473,.T.);
#771=ORIENTED_EDGE('',*,*,#1513,.T.);
#772=ORIENTED_EDGE('',*,*,#1515,.T.);
#773=ORIENTED_EDGE('',*,*,#1511,.T.);
#774=ORIENTED_EDGE('',*,*,#1472,.T.);
#775=ORIENTED_EDGE('',*,*,#1516,.F.);
#776=ORIENTED_EDGE('',*,*,#1438,.F.);
#777=ORIENTED_EDGE('',*,*,#1490,.T.);
#778=ORIENTED_EDGE('',*,*,#1517,.T.);
#779=ORIENTED_EDGE('',*,*,#1518,.T.);
#780=ORIENTED_EDGE('',*,*,#1519,.T.);
#781=ORIENTED_EDGE('',*,*,#1492,.F.);
#782=ORIENTED_EDGE('',*,*,#1520,.F.);
#783=ORIENTED_EDGE('',*,*,#1406,.T.);
#784=ORIENTED_EDGE('',*,*,#1521,.F.);
#785=ORIENTED_EDGE('',*,*,#1522,.F.);
#786=ORIENTED_EDGE('',*,*,#1523,.T.);
#787=ORIENTED_EDGE('',*,*,#1478,.T.);
#788=ORIENTED_EDGE('',*,*,#1524,.T.);
#789=ORIENTED_EDGE('',*,*,#1464,.F.);
#790=ORIENTED_EDGE('',*,*,#1525,.F.);
#791=ORIENTED_EDGE('',*,*,#1463,.F.);
#792=ORIENTED_EDGE('',*,*,#1526,.F.);
#793=ORIENTED_EDGE('',*,*,#1407,.T.);
#794=ORIENTED_EDGE('',*,*,#1525,.T.);
#795=ORIENTED_EDGE('',*,*,#1527,.F.);
#796=ORIENTED_EDGE('',*,*,#1528,.F.);
#797=ORIENTED_EDGE('',*,*,#1462,.F.);
#798=ORIENTED_EDGE('',*,*,#1529,.F.);
#799=ORIENTED_EDGE('',*,*,#1408,.T.);
#800=ORIENTED_EDGE('',*,*,#1526,.T.);
#801=ORIENTED_EDGE('',*,*,#1461,.F.);
#802=ORIENTED_EDGE('',*,*,#1530,.F.);
#803=ORIENTED_EDGE('',*,*,#1409,.T.);
#804=ORIENTED_EDGE('',*,*,#1529,.T.);
#805=ORIENTED_EDGE('',*,*,#1460,.T.);
#806=ORIENTED_EDGE('',*,*,#1531,.F.);
#807=ORIENTED_EDGE('',*,*,#1410,.F.);
#808=ORIENTED_EDGE('',*,*,#1530,.T.);
#809=ORIENTED_EDGE('',*,*,#1459,.T.);
#810=ORIENTED_EDGE('',*,*,#1532,.F.);
#811=ORIENTED_EDGE('',*,*,#1411,.F.);
#812=ORIENTED_EDGE('',*,*,#1531,.T.);
#813=ORIENTED_EDGE('',*,*,#1458,.T.);
#814=ORIENTED_EDGE('',*,*,#1533,.F.);
#815=ORIENTED_EDGE('',*,*,#1412,.F.);
#816=ORIENTED_EDGE('',*,*,#1532,.T.);
#817=ORIENTED_EDGE('',*,*,#1457,.F.);
#818=ORIENTED_EDGE('',*,*,#1534,.F.);
#819=ORIENTED_EDGE('',*,*,#1413,.T.);
#820=ORIENTED_EDGE('',*,*,#1533,.T.);
#821=ORIENTED_EDGE('',*,*,#1535,.T.);
#822=ORIENTED_EDGE('',*,*,#1536,.T.);
#823=ORIENTED_EDGE('',*,*,#1446,.F.);
#824=ORIENTED_EDGE('',*,*,#1537,.T.);
#825=ORIENTED_EDGE('',*,*,#1486,.F.);
#826=ORIENTED_EDGE('',*,*,#1429,.T.);
#827=ORIENTED_EDGE('',*,*,#1538,.T.);
#828=ORIENTED_EDGE('',*,*,#1421,.T.);
#829=ORIENTED_EDGE('',*,*,#1539,.F.);
#830=ORIENTED_EDGE('',*,*,#1540,.F.);
#831=ORIENTED_EDGE('',*,*,#1541,.T.);
#832=ORIENTED_EDGE('',*,*,#1483,.T.);
#833=ORIENTED_EDGE('',*,*,#1542,.T.);
#834=ORIENTED_EDGE('',*,*,#1454,.F.);
#835=ORIENTED_EDGE('',*,*,#1543,.F.);
#836=ORIENTED_EDGE('',*,*,#1453,.F.);
#837=ORIENTED_EDGE('',*,*,#1544,.F.);
#838=ORIENTED_EDGE('',*,*,#1422,.T.);
#839=ORIENTED_EDGE('',*,*,#1543,.T.);
#840=ORIENTED_EDGE('',*,*,#1452,.F.);
#841=ORIENTED_EDGE('',*,*,#1545,.F.);
#842=ORIENTED_EDGE('',*,*,#1423,.T.);
#843=ORIENTED_EDGE('',*,*,#1544,.T.);
#844=ORIENTED_EDGE('',*,*,#1451,.F.);
#845=ORIENTED_EDGE('',*,*,#1546,.F.);
#846=ORIENTED_EDGE('',*,*,#1424,.T.);
#847=ORIENTED_EDGE('',*,*,#1545,.T.);
#848=ORIENTED_EDGE('',*,*,#1450,.T.);
#849=ORIENTED_EDGE('',*,*,#1547,.F.);
#850=ORIENTED_EDGE('',*,*,#1425,.F.);
#851=ORIENTED_EDGE('',*,*,#1546,.T.);
#852=ORIENTED_EDGE('',*,*,#1449,.T.);
#853=ORIENTED_EDGE('',*,*,#1548,.F.);
#854=ORIENTED_EDGE('',*,*,#1426,.F.);
#855=ORIENTED_EDGE('',*,*,#1547,.T.);
#856=ORIENTED_EDGE('',*,*,#1448,.T.);
#857=ORIENTED_EDGE('',*,*,#1549,.F.);
#858=ORIENTED_EDGE('',*,*,#1427,.F.);
#859=ORIENTED_EDGE('',*,*,#1548,.T.);
#860=ORIENTED_EDGE('',*,*,#1494,.T.);
#861=ORIENTED_EDGE('',*,*,#1550,.T.);
#862=ORIENTED_EDGE('',*,*,#1551,.T.);
#863=ORIENTED_EDGE('',*,*,#1552,.T.);
#864=ORIENTED_EDGE('',*,*,#1488,.F.);
#865=ORIENTED_EDGE('',*,*,#1553,.T.);
#866=ORIENTED_EDGE('',*,*,#1456,.F.);
#867=ORIENTED_EDGE('',*,*,#1554,.T.);
#868=ORIENTED_EDGE('',*,*,#1481,.F.);
#869=ORIENTED_EDGE('',*,*,#1414,.T.);
#870=ORIENTED_EDGE('',*,*,#1534,.T.);
#871=ORIENTED_EDGE('',*,*,#1447,.F.);
#872=ORIENTED_EDGE('',*,*,#1538,.F.);
#873=ORIENTED_EDGE('',*,*,#1428,.T.);
#874=ORIENTED_EDGE('',*,*,#1549,.T.);
#875=ORIENTED_EDGE('',*,*,#1555,.T.);
#876=ORIENTED_EDGE('',*,*,#1556,.T.);
#877=ORIENTED_EDGE('',*,*,#1557,.T.);
#878=ORIENTED_EDGE('',*,*,#1471,.F.);
#879=ORIENTED_EDGE('',*,*,#1499,.F.);
#880=ORIENTED_EDGE('',*,*,#1439,.T.);
#881=ORIENTED_EDGE('',*,*,#1516,.T.);
#882=ORIENTED_EDGE('',*,*,#1558,.T.);
#883=ORIENTED_EDGE('',*,*,#1559,.T.);
#884=ORIENTED_EDGE('',*,*,#1560,.T.);
#885=ORIENTED_EDGE('',*,*,#1561,.T.);
#886=ORIENTED_EDGE('',*,*,#1562,.T.);
#887=ORIENTED_EDGE('',*,*,#1563,.T.);
#888=ORIENTED_EDGE('',*,*,#1564,.T.);
#889=ORIENTED_EDGE('',*,*,#1565,.T.);
#890=ORIENTED_EDGE('',*,*,#1566,.T.);
#891=ORIENTED_EDGE('',*,*,#1567,.T.);
#892=ORIENTED_EDGE('',*,*,#1568,.T.);
#893=ORIENTED_EDGE('',*,*,#1569,.T.);
#894=ORIENTED_EDGE('',*,*,#1570,.T.);
#895=ORIENTED_EDGE('',*,*,#1571,.T.);
#896=ORIENTED_EDGE('',*,*,#1572,.T.);
#897=ORIENTED_EDGE('',*,*,#1573,.T.);
#898=ORIENTED_EDGE('',*,*,#1574,.T.);
#899=ORIENTED_EDGE('',*,*,#1575,.T.);
#900=ORIENTED_EDGE('',*,*,#1576,.F.);
#901=ORIENTED_EDGE('',*,*,#1577,.F.);
#902=ORIENTED_EDGE('',*,*,#1491,.F.);
#903=ORIENTED_EDGE('',*,*,#1520,.T.);
#904=ORIENTED_EDGE('',*,*,#1495,.T.);
#905=ORIENTED_EDGE('',*,*,#1553,.F.);
#906=ORIENTED_EDGE('',*,*,#1578,.T.);
#907=ORIENTED_EDGE('',*,*,#1579,.T.);
#908=ORIENTED_EDGE('',*,*,#1580,.F.);
#909=ORIENTED_EDGE('',*,*,#1574,.F.);
#910=ORIENTED_EDGE('',*,*,#1581,.F.);
#911=ORIENTED_EDGE('',*,*,#1580,.T.);
#912=ORIENTED_EDGE('',*,*,#1582,.T.);
#913=ORIENTED_EDGE('',*,*,#1583,.F.);
#914=ORIENTED_EDGE('',*,*,#1575,.F.);
#915=ORIENTED_EDGE('',*,*,#1584,.F.);
#916=ORIENTED_EDGE('',*,*,#1585,.T.);
#917=ORIENTED_EDGE('',*,*,#1586,.T.);
#918=ORIENTED_EDGE('',*,*,#1578,.F.);
#919=ORIENTED_EDGE('',*,*,#1577,.T.);
#920=ORIENTED_EDGE('',*,*,#1583,.T.);
#921=ORIENTED_EDGE('',*,*,#1587,.T.);
#922=ORIENTED_EDGE('',*,*,#1585,.F.);
#923=ORIENTED_EDGE('',*,*,#1576,.T.);
#924=ORIENTED_EDGE('',*,*,#1551,.F.);
#925=ORIENTED_EDGE('',*,*,#1588,.T.);
#926=ORIENTED_EDGE('',*,*,#1443,.F.);
#927=ORIENTED_EDGE('',*,*,#1589,.T.);
#928=ORIENTED_EDGE('',*,*,#1445,.F.);
#929=ORIENTED_EDGE('',*,*,#1590,.T.);
#930=ORIENTED_EDGE('',*,*,#1518,.F.);
#931=ORIENTED_EDGE('',*,*,#1591,.T.);
#932=ORIENTED_EDGE('',*,*,#1465,.F.);
#933=ORIENTED_EDGE('',*,*,#1524,.F.);
#934=ORIENTED_EDGE('',*,*,#1482,.F.);
#935=ORIENTED_EDGE('',*,*,#1554,.F.);
#936=ORIENTED_EDGE('',*,*,#1455,.F.);
#937=ORIENTED_EDGE('',*,*,#1542,.F.);
#938=ORIENTED_EDGE('',*,*,#1487,.F.);
#939=ORIENTED_EDGE('',*,*,#1537,.F.);
#940=ORIENTED_EDGE('',*,*,#1592,.F.);
#941=ORIENTED_EDGE('',*,*,#1419,.F.);
#942=ORIENTED_EDGE('',*,*,#1593,.F.);
#943=ORIENTED_EDGE('',*,*,#1587,.F.);
#944=ORIENTED_EDGE('',*,*,#1593,.T.);
#945=ORIENTED_EDGE('',*,*,#1418,.F.);
#946=ORIENTED_EDGE('',*,*,#1594,.F.);
#947=ORIENTED_EDGE('',*,*,#1586,.F.);
#948=ORIENTED_EDGE('',*,*,#1592,.T.);
#949=ORIENTED_EDGE('',*,*,#1582,.F.);
#950=ORIENTED_EDGE('',*,*,#1595,.F.);
#951=ORIENTED_EDGE('',*,*,#1416,.F.);
#952=ORIENTED_EDGE('',*,*,#1594,.T.);
#953=ORIENTED_EDGE('',*,*,#1417,.F.);
#954=ORIENTED_EDGE('',*,*,#1595,.T.);
#955=ORIENTED_EDGE('',*,*,#1579,.F.);
#956=ORIENTED_EDGE('',*,*,#1590,.F.);
#957=ORIENTED_EDGE('',*,*,#1444,.F.);
#958=ORIENTED_EDGE('',*,*,#1588,.F.);
#959=ORIENTED_EDGE('',*,*,#1550,.F.);
#960=ORIENTED_EDGE('',*,*,#1493,.F.);
#961=ORIENTED_EDGE('',*,*,#1519,.F.);
#962=ORIENTED_EDGE('',*,*,#1517,.F.);
#963=ORIENTED_EDGE('',*,*,#1489,.F.);
#964=ORIENTED_EDGE('',*,*,#1552,.F.);
#965=ORIENTED_EDGE('',*,*,#1589,.F.);
#966=ORIENTED_EDGE('',*,*,#1466,.F.);
#967=ORIENTED_EDGE('',*,*,#1591,.F.);
#968=ORIENTED_EDGE('',*,*,#1596,.F.);
#969=ORIENTED_EDGE('',*,*,#1597,.T.);
#970=ORIENTED_EDGE('',*,*,#1540,.T.);
#971=ORIENTED_EDGE('',*,*,#1598,.T.);
#972=ORIENTED_EDGE('',*,*,#1485,.T.);
#973=ORIENTED_EDGE('',*,*,#1599,.T.);
#974=ORIENTED_EDGE('',*,*,#1596,.T.);
#975=ORIENTED_EDGE('',*,*,#1600,.T.);
#976=ORIENTED_EDGE('',*,*,#1431,.T.);
#977=ORIENTED_EDGE('',*,*,#1539,.T.);
#978=ORIENTED_EDGE('',*,*,#1420,.F.);
#979=ORIENTED_EDGE('',*,*,#1600,.F.);
#980=ORIENTED_EDGE('',*,*,#1598,.F.);
#981=ORIENTED_EDGE('',*,*,#1601,.F.);
#982=ORIENTED_EDGE('',*,*,#1602,.T.);
#983=ORIENTED_EDGE('',*,*,#1522,.T.);
#984=ORIENTED_EDGE('',*,*,#1603,.T.);
#985=ORIENTED_EDGE('',*,*,#1521,.T.);
#986=ORIENTED_EDGE('',*,*,#1405,.F.);
#987=ORIENTED_EDGE('',*,*,#1604,.F.);
#988=ORIENTED_EDGE('',*,*,#1603,.F.);
#989=ORIENTED_EDGE('',*,*,#1480,.T.);
#990=ORIENTED_EDGE('',*,*,#1605,.T.);
#991=ORIENTED_EDGE('',*,*,#1601,.T.);
#992=ORIENTED_EDGE('',*,*,#1604,.T.);
#993=ORIENTED_EDGE('',*,*,#1404,.T.);
#994=ORIENTED_EDGE('',*,*,#1541,.F.);
#995=ORIENTED_EDGE('',*,*,#1597,.F.);
#996=ORIENTED_EDGE('',*,*,#1599,.F.);
#997=ORIENTED_EDGE('',*,*,#1484,.F.);
#998=ORIENTED_EDGE('',*,*,#1523,.F.);
#999=ORIENTED_EDGE('',*,*,#1602,.F.);
#1000=ORIENTED_EDGE('',*,*,#1605,.F.);
#1001=ORIENTED_EDGE('',*,*,#1479,.F.);
#1002=ORIENTED_EDGE('',*,*,#1606,.F.);
#1003=ORIENTED_EDGE('',*,*,#1607,.T.);
#1004=ORIENTED_EDGE('',*,*,#1608,.T.);
#1005=ORIENTED_EDGE('',*,*,#1609,.T.);
#1006=ORIENTED_EDGE('',*,*,#1610,.F.);
#1007=ORIENTED_EDGE('',*,*,#1611,.T.);
#1008=ORIENTED_EDGE('',*,*,#1606,.T.);
#1009=ORIENTED_EDGE('',*,*,#1612,.T.);
#1010=ORIENTED_EDGE('',*,*,#1613,.F.);
#1011=ORIENTED_EDGE('',*,*,#1614,.T.);
#1012=ORIENTED_EDGE('',*,*,#1610,.T.);
#1013=ORIENTED_EDGE('',*,*,#1615,.T.);
#1014=ORIENTED_EDGE('',*,*,#1616,.F.);
#1015=ORIENTED_EDGE('',*,*,#1617,.T.);
#1016=ORIENTED_EDGE('',*,*,#1613,.T.);
#1017=ORIENTED_EDGE('',*,*,#1618,.T.);
#1018=ORIENTED_EDGE('',*,*,#1619,.F.);
#1019=ORIENTED_EDGE('',*,*,#1620,.T.);
#1020=ORIENTED_EDGE('',*,*,#1616,.T.);
#1021=ORIENTED_EDGE('',*,*,#1621,.T.);
#1022=ORIENTED_EDGE('',*,*,#1608,.F.);
#1023=ORIENTED_EDGE('',*,*,#1622,.T.);
#1024=ORIENTED_EDGE('',*,*,#1623,.T.);
#1025=ORIENTED_EDGE('',*,*,#1624,.T.);
#1026=ORIENTED_EDGE('',*,*,#1625,.F.);
#1027=ORIENTED_EDGE('',*,*,#1626,.T.);
#1028=ORIENTED_EDGE('',*,*,#1619,.T.);
#1029=ORIENTED_EDGE('',*,*,#1627,.T.);
#1030=ORIENTED_EDGE('',*,*,#1623,.F.);
#1031=ORIENTED_EDGE('',*,*,#1628,.T.);
#1032=ORIENTED_EDGE('',*,*,#1625,.T.);
#1033=ORIENTED_EDGE('',*,*,#1629,.T.);
#1034=ORIENTED_EDGE('',*,*,#1630,.F.);
#1035=ORIENTED_EDGE('',*,*,#1631,.T.);
#1036=ORIENTED_EDGE('',*,*,#1632,.T.);
#1037=ORIENTED_EDGE('',*,*,#1633,.T.);
#1038=ORIENTED_EDGE('',*,*,#1634,.F.);
#1039=ORIENTED_EDGE('',*,*,#1635,.T.);
#1040=ORIENTED_EDGE('',*,*,#1630,.T.);
#1041=ORIENTED_EDGE('',*,*,#1636,.T.);
#1042=ORIENTED_EDGE('',*,*,#1637,.F.);
#1043=ORIENTED_EDGE('',*,*,#1638,.T.);
#1044=ORIENTED_EDGE('',*,*,#1634,.T.);
#1045=ORIENTED_EDGE('',*,*,#1639,.T.);
#1046=ORIENTED_EDGE('',*,*,#1640,.F.);
#1047=ORIENTED_EDGE('',*,*,#1641,.T.);
#1048=ORIENTED_EDGE('',*,*,#1637,.T.);
#1049=ORIENTED_EDGE('',*,*,#1642,.T.);
#1050=ORIENTED_EDGE('',*,*,#1643,.F.);
#1051=ORIENTED_EDGE('',*,*,#1644,.T.);
#1052=ORIENTED_EDGE('',*,*,#1640,.T.);
#1053=ORIENTED_EDGE('',*,*,#1645,.T.);
#1054=ORIENTED_EDGE('',*,*,#1632,.F.);
#1055=ORIENTED_EDGE('',*,*,#1646,.T.);
#1056=ORIENTED_EDGE('',*,*,#1647,.T.);
#1057=ORIENTED_EDGE('',*,*,#1648,.T.);
#1058=ORIENTED_EDGE('',*,*,#1649,.F.);
#1059=ORIENTED_EDGE('',*,*,#1650,.T.);
#1060=ORIENTED_EDGE('',*,*,#1643,.T.);
#1061=ORIENTED_EDGE('',*,*,#1651,.T.);
#1062=ORIENTED_EDGE('',*,*,#1647,.F.);
#1063=ORIENTED_EDGE('',*,*,#1652,.T.);
#1064=ORIENTED_EDGE('',*,*,#1649,.T.);
#1065=ORIENTED_EDGE('',*,*,#1653,.T.);
#1066=ORIENTED_EDGE('',*,*,#1654,.F.);
#1067=ORIENTED_EDGE('',*,*,#1655,.T.);
#1068=ORIENTED_EDGE('',*,*,#1656,.F.);
#1069=ORIENTED_EDGE('',*,*,#1393,.F.);
#1070=ORIENTED_EDGE('',*,*,#1657,.F.);
#1071=ORIENTED_EDGE('',*,*,#1658,.T.);
#1072=ORIENTED_EDGE('',*,*,#1654,.T.);
#1073=ORIENTED_EDGE('',*,*,#1392,.F.);
#1074=ORIENTED_EDGE('',*,*,#1656,.T.);
#1075=ORIENTED_EDGE('',*,*,#1659,.T.);
#1076=ORIENTED_EDGE('',*,*,#1660,.F.);
#1077=ORIENTED_EDGE('',*,*,#1394,.F.);
#1078=ORIENTED_EDGE('',*,*,#1661,.F.);
#1079=ORIENTED_EDGE('',*,*,#1662,.T.);
#1080=ORIENTED_EDGE('',*,*,#1657,.T.);
#1081=ORIENTED_EDGE('',*,*,#1391,.F.);
#1082=ORIENTED_EDGE('',*,*,#1660,.T.);
#1083=ORIENTED_EDGE('',*,*,#1663,.T.);
#1084=ORIENTED_EDGE('',*,*,#1664,.F.);
#1085=ORIENTED_EDGE('',*,*,#1395,.F.);
#1086=ORIENTED_EDGE('',*,*,#1665,.F.);
#1087=ORIENTED_EDGE('',*,*,#1666,.T.);
#1088=ORIENTED_EDGE('',*,*,#1661,.T.);
#1089=ORIENTED_EDGE('',*,*,#1390,.F.);
#1090=ORIENTED_EDGE('',*,*,#1664,.T.);
#1091=ORIENTED_EDGE('',*,*,#1667,.T.);
#1092=ORIENTED_EDGE('',*,*,#1668,.F.);
#1093=ORIENTED_EDGE('',*,*,#1388,.F.);
#1094=ORIENTED_EDGE('',*,*,#1668,.T.);
#1095=ORIENTED_EDGE('',*,*,#1669,.T.);
#1096=ORIENTED_EDGE('',*,*,#1665,.T.);
#1097=ORIENTED_EDGE('',*,*,#1389,.F.);
#1098=ORIENTED_EDGE('',*,*,#1670,.F.);
#1099=ORIENTED_EDGE('',*,*,#1671,.T.);
#1100=ORIENTED_EDGE('',*,*,#1672,.F.);
#1101=ORIENTED_EDGE('',*,*,#1401,.F.);
#1102=ORIENTED_EDGE('',*,*,#1673,.F.);
#1103=ORIENTED_EDGE('',*,*,#1674,.T.);
#1104=ORIENTED_EDGE('',*,*,#1670,.T.);
#1105=ORIENTED_EDGE('',*,*,#1400,.F.);
#1106=ORIENTED_EDGE('',*,*,#1672,.T.);
#1107=ORIENTED_EDGE('',*,*,#1675,.T.);
#1108=ORIENTED_EDGE('',*,*,#1676,.F.);
#1109=ORIENTED_EDGE('',*,*,#1402,.F.);
#1110=ORIENTED_EDGE('',*,*,#1677,.F.);
#1111=ORIENTED_EDGE('',*,*,#1678,.T.);
#1112=ORIENTED_EDGE('',*,*,#1673,.T.);
#1113=ORIENTED_EDGE('',*,*,#1399,.F.);
#1114=ORIENTED_EDGE('',*,*,#1676,.T.);
#1115=ORIENTED_EDGE('',*,*,#1679,.T.);
#1116=ORIENTED_EDGE('',*,*,#1680,.F.);
#1117=ORIENTED_EDGE('',*,*,#1403,.F.);
#1118=ORIENTED_EDGE('',*,*,#1681,.F.);
#1119=ORIENTED_EDGE('',*,*,#1682,.T.);
#1120=ORIENTED_EDGE('',*,*,#1677,.T.);
#1121=ORIENTED_EDGE('',*,*,#1398,.F.);
#1122=ORIENTED_EDGE('',*,*,#1680,.T.);
#1123=ORIENTED_EDGE('',*,*,#1683,.T.);
#1124=ORIENTED_EDGE('',*,*,#1684,.F.);
#1125=ORIENTED_EDGE('',*,*,#1396,.F.);
#1126=ORIENTED_EDGE('',*,*,#1684,.T.);
#1127=ORIENTED_EDGE('',*,*,#1685,.T.);
#1128=ORIENTED_EDGE('',*,*,#1681,.T.);
#1129=ORIENTED_EDGE('',*,*,#1397,.F.);
#1130=ORIENTED_EDGE('',*,*,#1686,.F.);
#1131=ORIENTED_EDGE('',*,*,#1687,.T.);
#1132=ORIENTED_EDGE('',*,*,#1688,.F.);
#1133=ORIENTED_EDGE('',*,*,#1563,.F.);
#1134=ORIENTED_EDGE('',*,*,#1688,.T.);
#1135=ORIENTED_EDGE('',*,*,#1689,.T.);
#1136=ORIENTED_EDGE('',*,*,#1690,.F.);
#1137=ORIENTED_EDGE('',*,*,#1564,.F.);
#1138=ORIENTED_EDGE('',*,*,#1691,.F.);
#1139=ORIENTED_EDGE('',*,*,#1692,.T.);
#1140=ORIENTED_EDGE('',*,*,#1686,.T.);
#1141=ORIENTED_EDGE('',*,*,#1562,.F.);
#1142=ORIENTED_EDGE('',*,*,#1690,.T.);
#1143=ORIENTED_EDGE('',*,*,#1693,.T.);
#1144=ORIENTED_EDGE('',*,*,#1694,.F.);
#1145=ORIENTED_EDGE('',*,*,#1565,.F.);
#1146=ORIENTED_EDGE('',*,*,#1695,.F.);
#1147=ORIENTED_EDGE('',*,*,#1696,.T.);
#1148=ORIENTED_EDGE('',*,*,#1691,.T.);
#1149=ORIENTED_EDGE('',*,*,#1561,.F.);
#1150=ORIENTED_EDGE('',*,*,#1694,.T.);
#1151=ORIENTED_EDGE('',*,*,#1697,.T.);
#1152=ORIENTED_EDGE('',*,*,#1698,.F.);
#1153=ORIENTED_EDGE('',*,*,#1558,.F.);
#1154=ORIENTED_EDGE('',*,*,#1699,.F.);
#1155=ORIENTED_EDGE('',*,*,#1700,.T.);
#1156=ORIENTED_EDGE('',*,*,#1695,.T.);
#1157=ORIENTED_EDGE('',*,*,#1560,.F.);
#1158=ORIENTED_EDGE('',*,*,#1698,.T.);
#1159=ORIENTED_EDGE('',*,*,#1701,.T.);
#1160=ORIENTED_EDGE('',*,*,#1699,.T.);
#1161=ORIENTED_EDGE('',*,*,#1559,.F.);
#1162=ORIENTED_EDGE('',*,*,#1702,.F.);
#1163=ORIENTED_EDGE('',*,*,#1703,.T.);
#1164=ORIENTED_EDGE('',*,*,#1704,.F.);
#1165=ORIENTED_EDGE('',*,*,#1571,.F.);
#1166=ORIENTED_EDGE('',*,*,#1704,.T.);
#1167=ORIENTED_EDGE('',*,*,#1705,.T.);
#1168=ORIENTED_EDGE('',*,*,#1706,.F.);
#1169=ORIENTED_EDGE('',*,*,#1572,.F.);
#1170=ORIENTED_EDGE('',*,*,#1707,.F.);
#1171=ORIENTED_EDGE('',*,*,#1708,.T.);
#1172=ORIENTED_EDGE('',*,*,#1702,.T.);
#1173=ORIENTED_EDGE('',*,*,#1570,.F.);
#1174=ORIENTED_EDGE('',*,*,#1706,.T.);
#1175=ORIENTED_EDGE('',*,*,#1709,.T.);
#1176=ORIENTED_EDGE('',*,*,#1710,.F.);
#1177=ORIENTED_EDGE('',*,*,#1573,.F.);
#1178=ORIENTED_EDGE('',*,*,#1711,.F.);
#1179=ORIENTED_EDGE('',*,*,#1712,.T.);
#1180=ORIENTED_EDGE('',*,*,#1707,.T.);
#1181=ORIENTED_EDGE('',*,*,#1569,.F.);
#1182=ORIENTED_EDGE('',*,*,#1710,.T.);
#1183=ORIENTED_EDGE('',*,*,#1713,.T.);
#1184=ORIENTED_EDGE('',*,*,#1714,.F.);
#1185=ORIENTED_EDGE('',*,*,#1566,.F.);
#1186=ORIENTED_EDGE('',*,*,#1715,.F.);
#1187=ORIENTED_EDGE('',*,*,#1716,.T.);
#1188=ORIENTED_EDGE('',*,*,#1711,.T.);
#1189=ORIENTED_EDGE('',*,*,#1568,.F.);
#1190=ORIENTED_EDGE('',*,*,#1714,.T.);
#1191=ORIENTED_EDGE('',*,*,#1717,.T.);
#1192=ORIENTED_EDGE('',*,*,#1715,.T.);
#1193=ORIENTED_EDGE('',*,*,#1567,.F.);
#1194=ORIENTED_EDGE('',*,*,#1718,.F.);
#1195=ORIENTED_EDGE('',*,*,#1700,.F.);
#1196=ORIENTED_EDGE('',*,*,#1719,.F.);
#1197=ORIENTED_EDGE('',*,*,#1626,.F.);
#1198=ORIENTED_EDGE('',*,*,#1719,.T.);
#1199=ORIENTED_EDGE('',*,*,#1701,.F.);
#1200=ORIENTED_EDGE('',*,*,#1720,.F.);
#1201=ORIENTED_EDGE('',*,*,#1620,.F.);
#1202=ORIENTED_EDGE('',*,*,#1718,.T.);
#1203=ORIENTED_EDGE('',*,*,#1628,.F.);
#1204=ORIENTED_EDGE('',*,*,#1721,.F.);
#1205=ORIENTED_EDGE('',*,*,#1696,.F.);
#1206=ORIENTED_EDGE('',*,*,#1720,.T.);
#1207=ORIENTED_EDGE('',*,*,#1697,.F.);
#1208=ORIENTED_EDGE('',*,*,#1722,.F.);
#1209=ORIENTED_EDGE('',*,*,#1617,.F.);
#1210=ORIENTED_EDGE('',*,*,#1721,.T.);
#1211=ORIENTED_EDGE('',*,*,#1622,.F.);
#1212=ORIENTED_EDGE('',*,*,#1723,.F.);
#1213=ORIENTED_EDGE('',*,*,#1692,.F.);
#1214=ORIENTED_EDGE('',*,*,#1722,.T.);
#1215=ORIENTED_EDGE('',*,*,#1693,.F.);
#1216=ORIENTED_EDGE('',*,*,#1724,.F.);
#1217=ORIENTED_EDGE('',*,*,#1614,.F.);
#1218=ORIENTED_EDGE('',*,*,#1723,.T.);
#1219=ORIENTED_EDGE('',*,*,#1607,.F.);
#1220=ORIENTED_EDGE('',*,*,#1725,.F.);
#1221=ORIENTED_EDGE('',*,*,#1687,.F.);
#1222=ORIENTED_EDGE('',*,*,#1724,.T.);
#1223=ORIENTED_EDGE('',*,*,#1689,.F.);
#1224=ORIENTED_EDGE('',*,*,#1725,.T.);
#1225=ORIENTED_EDGE('',*,*,#1611,.F.);
#1226=ORIENTED_EDGE('',*,*,#1726,.F.);
#1227=ORIENTED_EDGE('',*,*,#1716,.F.);
#1228=ORIENTED_EDGE('',*,*,#1727,.F.);
#1229=ORIENTED_EDGE('',*,*,#1650,.F.);
#1230=ORIENTED_EDGE('',*,*,#1727,.T.);
#1231=ORIENTED_EDGE('',*,*,#1717,.F.);
#1232=ORIENTED_EDGE('',*,*,#1728,.F.);
#1233=ORIENTED_EDGE('',*,*,#1644,.F.);
#1234=ORIENTED_EDGE('',*,*,#1726,.T.);
#1235=ORIENTED_EDGE('',*,*,#1652,.F.);
#1236=ORIENTED_EDGE('',*,*,#1729,.F.);
#1237=ORIENTED_EDGE('',*,*,#1712,.F.);
#1238=ORIENTED_EDGE('',*,*,#1728,.T.);
#1239=ORIENTED_EDGE('',*,*,#1713,.F.);
#1240=ORIENTED_EDGE('',*,*,#1730,.F.);
#1241=ORIENTED_EDGE('',*,*,#1641,.F.);
#1242=ORIENTED_EDGE('',*,*,#1729,.T.);
#1243=ORIENTED_EDGE('',*,*,#1646,.F.);
#1244=ORIENTED_EDGE('',*,*,#1731,.F.);
#1245=ORIENTED_EDGE('',*,*,#1708,.F.);
#1246=ORIENTED_EDGE('',*,*,#1730,.T.);
#1247=ORIENTED_EDGE('',*,*,#1709,.F.);
#1248=ORIENTED_EDGE('',*,*,#1732,.F.);
#1249=ORIENTED_EDGE('',*,*,#1638,.F.);
#1250=ORIENTED_EDGE('',*,*,#1731,.T.);
#1251=ORIENTED_EDGE('',*,*,#1631,.F.);
#1252=ORIENTED_EDGE('',*,*,#1733,.F.);
#1253=ORIENTED_EDGE('',*,*,#1703,.F.);
#1254=ORIENTED_EDGE('',*,*,#1732,.T.);
#1255=ORIENTED_EDGE('',*,*,#1705,.F.);
#1256=ORIENTED_EDGE('',*,*,#1733,.T.);
#1257=ORIENTED_EDGE('',*,*,#1635,.F.);
#1258=ORIENTED_EDGE('',*,*,#1734,.F.);
#1259=ORIENTED_EDGE('',*,*,#1667,.F.);
#1260=ORIENTED_EDGE('',*,*,#1735,.F.);
#1261=ORIENTED_EDGE('',*,*,#1627,.F.);
#1262=ORIENTED_EDGE('',*,*,#1735,.T.);
#1263=ORIENTED_EDGE('',*,*,#1663,.F.);
#1264=ORIENTED_EDGE('',*,*,#1736,.F.);
#1265=ORIENTED_EDGE('',*,*,#1629,.F.);
#1266=ORIENTED_EDGE('',*,*,#1734,.T.);
#1267=ORIENTED_EDGE('',*,*,#1621,.F.);
#1268=ORIENTED_EDGE('',*,*,#1737,.F.);
#1269=ORIENTED_EDGE('',*,*,#1669,.F.);
#1270=ORIENTED_EDGE('',*,*,#1736,.T.);
#1271=ORIENTED_EDGE('',*,*,#1659,.F.);
#1272=ORIENTED_EDGE('',*,*,#1738,.F.);
#1273=ORIENTED_EDGE('',*,*,#1624,.F.);
#1274=ORIENTED_EDGE('',*,*,#1737,.T.);
#1275=ORIENTED_EDGE('',*,*,#1618,.F.);
#1276=ORIENTED_EDGE('',*,*,#1739,.F.);
#1277=ORIENTED_EDGE('',*,*,#1666,.F.);
#1278=ORIENTED_EDGE('',*,*,#1738,.T.);
#1279=ORIENTED_EDGE('',*,*,#1655,.F.);
#1280=ORIENTED_EDGE('',*,*,#1740,.F.);
#1281=ORIENTED_EDGE('',*,*,#1609,.F.);
#1282=ORIENTED_EDGE('',*,*,#1739,.T.);
#1283=ORIENTED_EDGE('',*,*,#1615,.F.);
#1284=ORIENTED_EDGE('',*,*,#1741,.F.);
#1285=ORIENTED_EDGE('',*,*,#1662,.F.);
#1286=ORIENTED_EDGE('',*,*,#1740,.T.);
#1287=ORIENTED_EDGE('',*,*,#1658,.F.);
#1288=ORIENTED_EDGE('',*,*,#1741,.T.);
#1289=ORIENTED_EDGE('',*,*,#1612,.F.);
#1290=ORIENTED_EDGE('',*,*,#1742,.F.);
#1291=ORIENTED_EDGE('',*,*,#1683,.F.);
#1292=ORIENTED_EDGE('',*,*,#1743,.F.);
#1293=ORIENTED_EDGE('',*,*,#1651,.F.);
#1294=ORIENTED_EDGE('',*,*,#1743,.T.);
#1295=ORIENTED_EDGE('',*,*,#1679,.F.);
#1296=ORIENTED_EDGE('',*,*,#1744,.F.);
#1297=ORIENTED_EDGE('',*,*,#1653,.F.);
#1298=ORIENTED_EDGE('',*,*,#1742,.T.);
#1299=ORIENTED_EDGE('',*,*,#1645,.F.);
#1300=ORIENTED_EDGE('',*,*,#1745,.F.);
#1301=ORIENTED_EDGE('',*,*,#1685,.F.);
#1302=ORIENTED_EDGE('',*,*,#1744,.T.);
#1303=ORIENTED_EDGE('',*,*,#1675,.F.);
#1304=ORIENTED_EDGE('',*,*,#1746,.F.);
#1305=ORIENTED_EDGE('',*,*,#1648,.F.);
#1306=ORIENTED_EDGE('',*,*,#1745,.T.);
#1307=ORIENTED_EDGE('',*,*,#1642,.F.);
#1308=ORIENTED_EDGE('',*,*,#1747,.F.);
#1309=ORIENTED_EDGE('',*,*,#1682,.F.);
#1310=ORIENTED_EDGE('',*,*,#1746,.T.);
#1311=ORIENTED_EDGE('',*,*,#1671,.F.);
#1312=ORIENTED_EDGE('',*,*,#1748,.F.);
#1313=ORIENTED_EDGE('',*,*,#1633,.F.);
#1314=ORIENTED_EDGE('',*,*,#1747,.T.);
#1315=ORIENTED_EDGE('',*,*,#1639,.F.);
#1316=ORIENTED_EDGE('',*,*,#1749,.F.);
#1317=ORIENTED_EDGE('',*,*,#1678,.F.);
#1318=ORIENTED_EDGE('',*,*,#1748,.T.);
#1319=ORIENTED_EDGE('',*,*,#1674,.F.);
#1320=ORIENTED_EDGE('',*,*,#1749,.T.);
#1321=ORIENTED_EDGE('',*,*,#1636,.F.);
#1322=ORIENTED_EDGE('',*,*,#1384,.T.);
#1323=ORIENTED_EDGE('',*,*,#1467,.T.);
#1324=ORIENTED_EDGE('',*,*,#1750,.F.);
#1325=ORIENTED_EDGE('',*,*,#1432,.F.);
#1326=ORIENTED_EDGE('',*,*,#1750,.T.);
#1327=ORIENTED_EDGE('',*,*,#1477,.T.);
#1328=ORIENTED_EDGE('',*,*,#1751,.F.);
#1329=ORIENTED_EDGE('',*,*,#1433,.F.);
#1330=ORIENTED_EDGE('',*,*,#1434,.T.);
#1331=ORIENTED_EDGE('',*,*,#1751,.T.);
#1332=ORIENTED_EDGE('',*,*,#1476,.F.);
#1333=ORIENTED_EDGE('',*,*,#1506,.F.);
#1334=ORIENTED_EDGE('',*,*,#1752,.T.);
#1335=ORIENTED_EDGE('',*,*,#1753,.F.);
#1336=ORIENTED_EDGE('',*,*,#1753,.T.);
#1337=ORIENTED_EDGE('',*,*,#1754,.T.);
#1338=ORIENTED_EDGE('',*,*,#1755,.F.);
#1339=ORIENTED_EDGE('',*,*,#1755,.T.);
#1340=ORIENTED_EDGE('',*,*,#1756,.T.);
#1341=ORIENTED_EDGE('',*,*,#1757,.T.);
#1342=ORIENTED_EDGE('',*,*,#1757,.F.);
#1343=ORIENTED_EDGE('',*,*,#1758,.T.);
#1344=ORIENTED_EDGE('',*,*,#1759,.T.);
#1345=ORIENTED_EDGE('',*,*,#1759,.F.);
#1346=ORIENTED_EDGE('',*,*,#1760,.T.);
#1347=ORIENTED_EDGE('',*,*,#1584,.T.);
#1348=ORIENTED_EDGE('',*,*,#1761,.T.);
#1349=ORIENTED_EDGE('',*,*,#1528,.T.);
#1350=ORIENTED_EDGE('',*,*,#1762,.T.);
#1351=ORIENTED_EDGE('',*,*,#1527,.T.);
#1352=ORIENTED_EDGE('',*,*,#1763,.T.);
#1353=ORIENTED_EDGE('',*,*,#1581,.T.);
#1354=ORIENTED_EDGE('',*,*,#1764,.T.);
#1355=ORIENTED_EDGE('',*,*,#1536,.F.);
#1356=ORIENTED_EDGE('',*,*,#1765,.T.);
#1357=ORIENTED_EDGE('',*,*,#1535,.F.);
#1358=ORIENTED_EDGE('',*,*,#1764,.F.);
#1359=ORIENTED_EDGE('',*,*,#1555,.F.);
#1360=ORIENTED_EDGE('',*,*,#1763,.F.);
#1361=ORIENTED_EDGE('',*,*,#1556,.F.);
#1362=ORIENTED_EDGE('',*,*,#1765,.F.);
#1363=ORIENTED_EDGE('',*,*,#1557,.F.);
#1364=ORIENTED_EDGE('',*,*,#1505,.F.);
#1365=ORIENTED_EDGE('',*,*,#1760,.F.);
#1366=ORIENTED_EDGE('',*,*,#1382,.F.);
#1367=ORIENTED_EDGE('',*,*,#1761,.F.);
#1368=ORIENTED_EDGE('',*,*,#1383,.F.);
#1369=ORIENTED_EDGE('',*,*,#1762,.F.);
#1370=ORIENTED_EDGE('',*,*,#1756,.F.);
#1371=ORIENTED_EDGE('',*,*,#1515,.F.);
#1372=ORIENTED_EDGE('',*,*,#1512,.F.);
#1373=ORIENTED_EDGE('',*,*,#1758,.F.);
#1374=ORIENTED_EDGE('',*,*,#1509,.F.);
#1375=ORIENTED_EDGE('',*,*,#1514,.F.);
#1376=ORIENTED_EDGE('',*,*,#1497,.F.);
#1377=ORIENTED_EDGE('',*,*,#1500,.F.);
#1378=ORIENTED_EDGE('',*,*,#1752,.F.);
#1379=ORIENTED_EDGE('',*,*,#1504,.F.);
#1380=ORIENTED_EDGE('',*,*,#1502,.F.);
#1381=ORIENTED_EDGE('',*,*,#1754,.F.);
#1382=EDGE_CURVE('',#1766,#1766,#2008,.T.);
#1383=EDGE_CURVE('',#1767,#1767,#2009,.T.);
#1384=EDGE_CURVE('',#1768,#1769,#98,.T.);
#1385=EDGE_CURVE('',#1770,#1768,#99,.T.);
#1386=EDGE_CURVE('',#1770,#1771,#100,.T.);
#1387=EDGE_CURVE('',#1771,#1769,#101,.T.);
#1388=EDGE_CURVE('',#1772,#1773,#102,.T.);
#1389=EDGE_CURVE('',#1773,#1774,#2010,.F.);
#1390=EDGE_CURVE('',#1774,#1775,#103,.T.);
#1391=EDGE_CURVE('',#1775,#1776,#2011,.F.);
#1392=EDGE_CURVE('',#1776,#1777,#104,.T.);
#1393=EDGE_CURVE('',#1777,#1778,#2012,.F.);
#1394=EDGE_CURVE('',#1778,#1779,#105,.T.);
#1395=EDGE_CURVE('',#1779,#1772,#2013,.F.);
#1396=EDGE_CURVE('',#1780,#1781,#106,.T.);
#1397=EDGE_CURVE('',#1781,#1782,#2014,.F.);
#1398=EDGE_CURVE('',#1782,#1783,#107,.T.);
#1399=EDGE_CURVE('',#1783,#1784,#2015,.F.);
#1400=EDGE_CURVE('',#1784,#1785,#108,.T.);
#1401=EDGE_CURVE('',#1785,#1786,#2016,.F.);
#1402=EDGE_CURVE('',#1786,#1787,#109,.T.);
#1403=EDGE_CURVE('',#1787,#1780,#2017,.F.);
#1404=EDGE_CURVE('',#1788,#1789,#110,.T.);
#1405=EDGE_CURVE('',#1788,#1790,#111,.T.);
#1406=EDGE_CURVE('',#1791,#1790,#112,.T.);
#1407=EDGE_CURVE('',#1792,#1791,#113,.T.);
#1408=EDGE_CURVE('',#1793,#1792,#114,.T.);
#1409=EDGE_CURVE('',#1794,#1793,#115,.T.);
#1410=EDGE_CURVE('',#1794,#1795,#116,.T.);
#1411=EDGE_CURVE('',#1795,#1796,#117,.T.);
#1412=EDGE_CURVE('',#1796,#1797,#118,.T.);
#1413=EDGE_CURVE('',#1798,#1797,#119,.T.);
#1414=EDGE_CURVE('',#1799,#1798,#120,.T.);
#1415=EDGE_CURVE('',#1789,#1799,#121,.T.);
#1416=EDGE_CURVE('',#1800,#1801,#122,.T.);
#1417=EDGE_CURVE('',#1801,#1802,#123,.T.);
#1418=EDGE_CURVE('',#1802,#1803,#124,.T.);
#1419=EDGE_CURVE('',#1803,#1800,#125,.T.);
#1420=EDGE_CURVE('',#1804,#1805,#126,.T.);
#1421=EDGE_CURVE('',#1806,#1805,#127,.T.);
#1422=EDGE_CURVE('',#1807,#1806,#128,.T.);
#1423=EDGE_CURVE('',#1808,#1807,#129,.T.);
#1424=EDGE_CURVE('',#1809,#1808,#130,.T.);
#1425=EDGE_CURVE('',#1809,#1810,#131,.T.);
#1426=EDGE_CURVE('',#1810,#1811,#132,.T.);
#1427=EDGE_CURVE('',#1811,#1812,#133,.T.);
#1428=EDGE_CURVE('',#1813,#1812,#134,.T.);
#1429=EDGE_CURVE('',#1814,#1813,#135,.T.);
#1430=EDGE_CURVE('',#1815,#1814,#136,.T.);
#1431=EDGE_CURVE('',#1804,#1815,#137,.T.);
#1432=EDGE_CURVE('',#1768,#1816,#138,.T.);
#1433=EDGE_CURVE('',#1816,#1817,#139,.T.);
#1434=EDGE_CURVE('',#1818,#1817,#140,.T.);
#1435=EDGE_CURVE('',#1818,#1819,#141,.T.);
#1436=EDGE_CURVE('',#1819,#1820,#2018,.T.);
#1437=EDGE_CURVE('',#1820,#1821,#142,.T.);
#1438=EDGE_CURVE('',#1821,#1822,#2019,.T.);
#1439=EDGE_CURVE('',#1823,#1822,#143,.T.);
#1440=EDGE_CURVE('',#1823,#1824,#2020,.T.);
#1441=EDGE_CURVE('',#1824,#1825,#144,.T.);
#1442=EDGE_CURVE('',#1825,#1770,#2021,.T.);
#1443=EDGE_CURVE('',#1826,#1827,#145,.T.);
#1444=EDGE_CURVE('',#1827,#1828,#146,.T.);
#1445=EDGE_CURVE('',#1828,#1829,#147,.T.);
#1446=EDGE_CURVE('',#1829,#1830,#148,.T.);
#1447=EDGE_CURVE('',#1830,#1831,#149,.T.);
#1448=EDGE_CURVE('',#1832,#1831,#150,.T.);
#1449=EDGE_CURVE('',#1833,#1832,#151,.T.);
#1450=EDGE_CURVE('',#1834,#1833,#152,.T.);
#1451=EDGE_CURVE('',#1834,#1835,#153,.T.);
#1452=EDGE_CURVE('',#1835,#1836,#154,.T.);
#1453=EDGE_CURVE('',#1836,#1837,#155,.T.);
#1454=EDGE_CURVE('',#1837,#1838,#156,.T.);
#1455=EDGE_CURVE('',#1838,#1839,#157,.T.);
#1456=EDGE_CURVE('',#1839,#1840,#158,.T.);
#1457=EDGE_CURVE('',#1840,#1841,#159,.T.);
#1458=EDGE_CURVE('',#1842,#1841,#160,.T.);
#1459=EDGE_CURVE('',#1843,#1842,#161,.T.);
#1460=EDGE_CURVE('',#1844,#1843,#162,.T.);
#1461=EDGE_CURVE('',#1844,#1845,#163,.T.);
#1462=EDGE_CURVE('',#1845,#1846,#164,.T.);
#1463=EDGE_CURVE('',#1846,#1847,#165,.T.);
#1464=EDGE_CURVE('',#1847,#1848,#166,.T.);
#1465=EDGE_CURVE('',#1848,#1849,#167,.T.);
#1466=EDGE_CURVE('',#1849,#1826,#168,.T.);
#1467=EDGE_CURVE('',#1769,#1850,#169,.T.);
#1468=EDGE_CURVE('',#1851,#1771,#2022,.T.);
#1469=EDGE_CURVE('',#1852,#1851,#170,.T.);
#1470=EDGE_CURVE('',#1853,#1852,#2023,.T.);
#1471=EDGE_CURVE('',#1853,#1854,#171,.T.);
#1472=EDGE_CURVE('',#1855,#1854,#2024,.T.);
#1473=EDGE_CURVE('',#1856,#1855,#172,.T.);
#1474=EDGE_CURVE('',#1857,#1856,#2025,.T.);
#1475=EDGE_CURVE('',#1858,#1857,#173,.T.);
#1476=EDGE_CURVE('',#1858,#1859,#174,.T.);
#1477=EDGE_CURVE('',#1850,#1859,#175,.T.);
#1478=EDGE_CURVE('',#1860,#1861,#176,.T.);
#1479=EDGE_CURVE('',#1860,#1862,#177,.T.);
#1480=EDGE_CURVE('',#1789,#1862,#178,.T.);
#1481=EDGE_CURVE('',#1799,#1863,#179,.T.);
#1482=EDGE_CURVE('',#1863,#1861,#180,.T.);
#1483=EDGE_CURVE('',#1864,#1865,#181,.T.);
#1484=EDGE_CURVE('',#1864,#1866,#182,.T.);
#1485=EDGE_CURVE('',#1815,#1866,#183,.T.);
#1486=EDGE_CURVE('',#1814,#1867,#184,.T.);
#1487=EDGE_CURVE('',#1867,#1865,#185,.T.);
#1488=EDGE_CURVE('',#1868,#1869,#186,.T.);
#1489=EDGE_CURVE('',#1869,#1870,#187,.T.);
#1490=EDGE_CURVE('',#1871,#1870,#188,.T.);
#1491=EDGE_CURVE('',#1871,#1868,#189,.T.);
#1492=EDGE_CURVE('',#1872,#1873,#190,.T.);
#1493=EDGE_CURVE('',#1873,#1874,#191,.T.);
#1494=EDGE_CURVE('',#1875,#1874,#192,.T.);
#1495=EDGE_CURVE('',#1872,#1875,#193,.T.);
#1496=EDGE_CURVE('',#1876,#1852,#194,.T.);
#1497=EDGE_CURVE('',#1876,#1877,#54,.T.);
#1498=EDGE_CURVE('',#1824,#1877,#195,.T.);
#1499=EDGE_CURVE('',#1823,#1853,#196,.T.);
#1500=EDGE_CURVE('',#1877,#1876,#2026,.T.);
#1501=EDGE_CURVE('',#1878,#1851,#197,.T.);
#1502=EDGE_CURVE('',#1878,#1879,#2027,.T.);
#1503=EDGE_CURVE('',#1825,#1879,#198,.T.);
#1504=EDGE_CURVE('',#1879,#1878,#55,.T.);
#1505=EDGE_CURVE('',#1880,#1880,#2028,.T.);
#1506=EDGE_CURVE('',#1818,#1858,#199,.T.);
#1507=EDGE_CURVE('',#1819,#1857,#200,.T.);
#1508=EDGE_CURVE('',#1881,#1856,#201,.T.);
#1509=EDGE_CURVE('',#1881,#1882,#56,.T.);
#1510=EDGE_CURVE('',#1820,#1882,#202,.T.);
#1511=EDGE_CURVE('',#1883,#1855,#203,.T.);
#1512=EDGE_CURVE('',#1883,#1884,#2029,.T.);
#1513=EDGE_CURVE('',#1821,#1884,#204,.T.);
#1514=EDGE_CURVE('',#1882,#1881,#2030,.T.);
#1515=EDGE_CURVE('',#1884,#1883,#57,.T.);
#1516=EDGE_CURVE('',#1822,#1854,#205,.T.);
#1517=EDGE_CURVE('',#1870,#1885,#206,.T.);
#1518=EDGE_CURVE('',#1885,#1886,#207,.T.);
#1519=EDGE_CURVE('',#1886,#1873,#208,.F.);
#1520=EDGE_CURVE('',#1871,#1872,#209,.T.);
#1521=EDGE_CURVE('',#1887,#1790,#210,.T.);
#1522=EDGE_CURVE('',#1888,#1887,#211,.T.);
#1523=EDGE_CURVE('',#1888,#1860,#2031,.F.);
#1524=EDGE_CURVE('',#1861,#1848,#212,.T.);
#1525=EDGE_CURVE('',#1791,#1847,#213,.T.);
#1526=EDGE_CURVE('',#1792,#1846,#214,.T.);
#1527=EDGE_CURVE('',#1889,#1889,#2032,.T.);
#1528=EDGE_CURVE('',#1890,#1890,#2033,.T.);
#1529=EDGE_CURVE('',#1793,#1845,#215,.T.);
#1530=EDGE_CURVE('',#1794,#1844,#216,.T.);
#1531=EDGE_CURVE('',#1795,#1843,#217,.T.);
#1532=EDGE_CURVE('',#1796,#1842,#218,.T.);
#1533=EDGE_CURVE('',#1797,#1841,#219,.T.);
#1534=EDGE_CURVE('',#1798,#1840,#220,.T.);
#1535=EDGE_CURVE('',#1891,#1891,#2034,.F.);
#1536=EDGE_CURVE('',#1892,#1892,#2035,.F.);
#1537=EDGE_CURVE('',#1829,#1867,#221,.T.);
#1538=EDGE_CURVE('',#1813,#1830,#222,.T.);
#1539=EDGE_CURVE('',#1893,#1805,#223,.T.);
#1540=EDGE_CURVE('',#1894,#1893,#224,.T.);
#1541=EDGE_CURVE('',#1894,#1864,#2036,.F.);
#1542=EDGE_CURVE('',#1865,#1838,#225,.T.);
#1543=EDGE_CURVE('',#1806,#1837,#226,.T.);
#1544=EDGE_CURVE('',#1807,#1836,#227,.T.);
#1545=EDGE_CURVE('',#1808,#1835,#228,.T.);
#1546=EDGE_CURVE('',#1809,#1834,#229,.T.);
#1547=EDGE_CURVE('',#1810,#1833,#230,.T.);
#1548=EDGE_CURVE('',#1811,#1832,#231,.T.);
#1549=EDGE_CURVE('',#1812,#1831,#232,.T.);
#1550=EDGE_CURVE('',#1874,#1895,#233,.F.);
#1551=EDGE_CURVE('',#1895,#1896,#234,.T.);
#1552=EDGE_CURVE('',#1896,#1869,#235,.T.);
#1553=EDGE_CURVE('',#1868,#1875,#236,.T.);
#1554=EDGE_CURVE('',#1839,#1863,#237,.T.);
#1555=EDGE_CURVE('',#1897,#1897,#2037,.F.);
#1556=EDGE_CURVE('',#1898,#1898,#2038,.F.);
#1557=EDGE_CURVE('',#1899,#1899,#2039,.F.);
#1558=EDGE_CURVE('',#1900,#1901,#238,.T.);
#1559=EDGE_CURVE('',#1901,#1902,#2040,.F.);
#1560=EDGE_CURVE('',#1902,#1903,#239,.T.);
#1561=EDGE_CURVE('',#1903,#1904,#2041,.F.);
#1562=EDGE_CURVE('',#1904,#1905,#240,.T.);
#1563=EDGE_CURVE('',#1905,#1906,#2042,.F.);
#1564=EDGE_CURVE('',#1906,#1907,#241,.T.);
#1565=EDGE_CURVE('',#1907,#1900,#2043,.F.);
#1566=EDGE_CURVE('',#1908,#1909,#242,.T.);
#1567=EDGE_CURVE('',#1909,#1910,#2044,.F.);
#1568=EDGE_CURVE('',#1910,#1911,#243,.T.);
#1569=EDGE_CURVE('',#1911,#1912,#2045,.F.);
#1570=EDGE_CURVE('',#1912,#1913,#244,.T.);
#1571=EDGE_CURVE('',#1913,#1914,#2046,.F.);
#1572=EDGE_CURVE('',#1914,#1915,#245,.T.);
#1573=EDGE_CURVE('',#1915,#1908,#2047,.F.);
#1574=EDGE_CURVE('',#1916,#1917,#246,.T.);
#1575=EDGE_CURVE('',#1917,#1918,#247,.T.);
#1576=EDGE_CURVE('',#1919,#1918,#248,.T.);
#1577=EDGE_CURVE('',#1916,#1919,#249,.T.);
#1578=EDGE_CURVE('',#1916,#1920,#250,.T.);
#1579=EDGE_CURVE('',#1920,#1921,#251,.T.);
#1580=EDGE_CURVE('',#1917,#1921,#252,.T.);
#1581=EDGE_CURVE('',#1922,#1922,#2048,.F.);
#1582=EDGE_CURVE('',#1921,#1923,#253,.T.);
#1583=EDGE_CURVE('',#1918,#1923,#254,.T.);
#1584=EDGE_CURVE('',#1924,#1924,#2049,.T.);
#1585=EDGE_CURVE('',#1919,#1925,#255,.T.);
#1586=EDGE_CURVE('',#1925,#1920,#256,.T.);
#1587=EDGE_CURVE('',#1923,#1925,#257,.T.);
#1588=EDGE_CURVE('',#1895,#1827,#258,.T.);
#1589=EDGE_CURVE('',#1826,#1896,#259,.F.);
#1590=EDGE_CURVE('',#1828,#1886,#260,.F.);
#1591=EDGE_CURVE('',#1885,#1849,#261,.T.);
#1592=EDGE_CURVE('',#1800,#1923,#262,.F.);
#1593=EDGE_CURVE('',#1925,#1803,#263,.F.);
#1594=EDGE_CURVE('',#1920,#1802,#264,.T.);
#1595=EDGE_CURVE('',#1801,#1921,#265,.F.);
#1596=EDGE_CURVE('',#1926,#1927,#266,.T.);
#1597=EDGE_CURVE('',#1926,#1894,#267,.F.);
#1598=EDGE_CURVE('',#1893,#1927,#268,.T.);
#1599=EDGE_CURVE('',#1866,#1926,#2050,.T.);
#1600=EDGE_CURVE('',#1927,#1804,#269,.T.);
#1601=EDGE_CURVE('',#1928,#1929,#270,.T.);
#1602=EDGE_CURVE('',#1928,#1888,#271,.F.);
#1603=EDGE_CURVE('',#1887,#1929,#272,.T.);
#1604=EDGE_CURVE('',#1929,#1788,#273,.T.);
#1605=EDGE_CURVE('',#1862,#1928,#2051,.T.);
#1606=EDGE_CURVE('',#1930,#1931,#274,.T.);
#1607=EDGE_CURVE('',#1930,#1932,#2052,.F.);
#1608=EDGE_CURVE('',#1932,#1933,#275,.T.);
#1609=EDGE_CURVE('',#1933,#1931,#2053,.F.);
#1610=EDGE_CURVE('',#1934,#1935,#276,.T.);
#1611=EDGE_CURVE('',#1934,#1930,#277,.F.);
#1612=EDGE_CURVE('',#1931,#1935,#278,.F.);
#1613=EDGE_CURVE('',#1936,#1937,#279,.T.);
#1614=EDGE_CURVE('',#1936,#1934,#2054,.F.);
#1615=EDGE_CURVE('',#1935,#1937,#2055,.F.);
#1616=EDGE_CURVE('',#1938,#1939,#280,.T.);
#1617=EDGE_CURVE('',#1938,#1936,#281,.T.);
#1618=EDGE_CURVE('',#1937,#1939,#282,.T.);
#1619=EDGE_CURVE('',#1940,#1941,#283,.T.);
#1620=EDGE_CURVE('',#1940,#1938,#2056,.F.);
#1621=EDGE_CURVE('',#1939,#1941,#2057,.F.);
#1622=EDGE_CURVE('',#1932,#1942,#284,.F.);
#1623=EDGE_CURVE('',#1942,#1943,#285,.T.);
#1624=EDGE_CURVE('',#1943,#1933,#286,.F.);
#1625=EDGE_CURVE('',#1944,#1945,#287,.T.);
#1626=EDGE_CURVE('',#1944,#1940,#288,.T.);
#1627=EDGE_CURVE('',#1941,#1945,#289,.T.);
#1628=EDGE_CURVE('',#1942,#1944,#2058,.F.);
#1629=EDGE_CURVE('',#1945,#1943,#2059,.F.);
#1630=EDGE_CURVE('',#1946,#1947,#290,.T.);
#1631=EDGE_CURVE('',#1946,#1948,#2060,.F.);
#1632=EDGE_CURVE('',#1948,#1949,#291,.T.);
#1633=EDGE_CURVE('',#1949,#1947,#2061,.F.);
#1634=EDGE_CURVE('',#1950,#1951,#292,.T.);
#1635=EDGE_CURVE('',#1950,#1946,#293,.F.);
#1636=EDGE_CURVE('',#1947,#1951,#294,.F.);
#1637=EDGE_CURVE('',#1952,#1953,#295,.T.);
#1638=EDGE_CURVE('',#1952,#1950,#2062,.F.);
#1639=EDGE_CURVE('',#1951,#1953,#2063,.F.);
#1640=EDGE_CURVE('',#1954,#1955,#296,.T.);
#1641=EDGE_CURVE('',#1954,#1952,#297,.T.);
#1642=EDGE_CURVE('',#1953,#1955,#298,.T.);
#1643=EDGE_CURVE('',#1956,#1957,#299,.T.);
#1644=EDGE_CURVE('',#1956,#1954,#2064,.F.);
#1645=EDGE_CURVE('',#1955,#1957,#2065,.F.);
#1646=EDGE_CURVE('',#1948,#1958,#300,.F.);
#1647=EDGE_CURVE('',#1958,#1959,#301,.T.);
#1648=EDGE_CURVE('',#1959,#1949,#302,.F.);
#1649=EDGE_CURVE('',#1960,#1961,#303,.T.);
#1650=EDGE_CURVE('',#1960,#1956,#304,.T.);
#1651=EDGE_CURVE('',#1957,#1961,#305,.T.);
#1652=EDGE_CURVE('',#1958,#1960,#2066,.F.);
#1653=EDGE_CURVE('',#1961,#1959,#2067,.F.);
#1654=EDGE_CURVE('',#1962,#1777,#306,.T.);
#1655=EDGE_CURVE('',#1962,#1963,#2068,.F.);
#1656=EDGE_CURVE('',#1778,#1963,#307,.T.);
#1657=EDGE_CURVE('',#1964,#1776,#308,.T.);
#1658=EDGE_CURVE('',#1964,#1962,#309,.F.);
#1659=EDGE_CURVE('',#1963,#1965,#310,.F.);
#1660=EDGE_CURVE('',#1779,#1965,#311,.T.);
#1661=EDGE_CURVE('',#1966,#1775,#312,.T.);
#1662=EDGE_CURVE('',#1966,#1964,#2069,.F.);
#1663=EDGE_CURVE('',#1965,#1967,#2070,.F.);
#1664=EDGE_CURVE('',#1772,#1967,#313,.T.);
#1665=EDGE_CURVE('',#1968,#1774,#314,.T.);
#1666=EDGE_CURVE('',#1968,#1966,#315,.F.);
#1667=EDGE_CURVE('',#1967,#1969,#316,.F.);
#1668=EDGE_CURVE('',#1773,#1969,#317,.T.);
#1669=EDGE_CURVE('',#1969,#1968,#2071,.F.);
#1670=EDGE_CURVE('',#1970,#1785,#318,.T.);
#1671=EDGE_CURVE('',#1970,#1971,#2072,.F.);
#1672=EDGE_CURVE('',#1786,#1971,#319,.T.);
#1673=EDGE_CURVE('',#1972,#1784,#320,.T.);
#1674=EDGE_CURVE('',#1972,#1970,#321,.F.);
#1675=EDGE_CURVE('',#1971,#1973,#322,.F.);
#1676=EDGE_CURVE('',#1787,#1973,#323,.T.);
#1677=EDGE_CURVE('',#1974,#1783,#324,.T.);
#1678=EDGE_CURVE('',#1974,#1972,#2073,.F.);
#1679=EDGE_CURVE('',#1973,#1975,#2074,.F.);
#1680=EDGE_CURVE('',#1780,#1975,#325,.T.);
#1681=EDGE_CURVE('',#1976,#1782,#326,.T.);
#1682=EDGE_CURVE('',#1976,#1974,#327,.F.);
#1683=EDGE_CURVE('',#1975,#1977,#328,.F.);
#1684=EDGE_CURVE('',#1781,#1977,#329,.T.);
#1685=EDGE_CURVE('',#1977,#1976,#2075,.F.);
#1686=EDGE_CURVE('',#1978,#1905,#330,.T.);
#1687=EDGE_CURVE('',#1978,#1979,#2076,.F.);
#1688=EDGE_CURVE('',#1906,#1979,#331,.T.);
#1689=EDGE_CURVE('',#1979,#1980,#332,.F.);
#1690=EDGE_CURVE('',#1907,#1980,#333,.T.);
#1691=EDGE_CURVE('',#1981,#1904,#334,.T.);
#1692=EDGE_CURVE('',#1981,#1978,#335,.F.);
#1693=EDGE_CURVE('',#1980,#1982,#2077,.F.);
#1694=EDGE_CURVE('',#1900,#1982,#336,.T.);
#1695=EDGE_CURVE('',#1983,#1903,#337,.T.);
#1696=EDGE_CURVE('',#1983,#1981,#2078,.F.);
#1697=EDGE_CURVE('',#1982,#1984,#338,.F.);
#1698=EDGE_CURVE('',#1901,#1984,#339,.T.);
#1699=EDGE_CURVE('',#1985,#1902,#340,.T.);
#1700=EDGE_CURVE('',#1985,#1983,#341,.F.);
#1701=EDGE_CURVE('',#1984,#1985,#2079,.F.);
#1702=EDGE_CURVE('',#1986,#1913,#342,.T.);
#1703=EDGE_CURVE('',#1986,#1987,#2080,.F.);
#1704=EDGE_CURVE('',#1914,#1987,#343,.T.);
#1705=EDGE_CURVE('',#1987,#1988,#344,.F.);
#1706=EDGE_CURVE('',#1915,#1988,#345,.T.);
#1707=EDGE_CURVE('',#1989,#1912,#346,.T.);
#1708=EDGE_CURVE('',#1989,#1986,#347,.F.);
#1709=EDGE_CURVE('',#1988,#1990,#2081,.F.);
#1710=EDGE_CURVE('',#1908,#1990,#348,.T.);
#1711=EDGE_CURVE('',#1991,#1911,#349,.T.);
#1712=EDGE_CURVE('',#1991,#1989,#2082,.F.);
#1713=EDGE_CURVE('',#1990,#1992,#350,.F.);
#1714=EDGE_CURVE('',#1909,#1992,#351,.T.);
#1715=EDGE_CURVE('',#1993,#1910,#352,.T.);
#1716=EDGE_CURVE('',#1993,#1991,#353,.F.);
#1717=EDGE_CURVE('',#1992,#1993,#2083,.F.);
#1718=EDGE_CURVE('',#1983,#1944,#2084,.T.);
#1719=EDGE_CURVE('',#1940,#1985,#2085,.T.);
#1720=EDGE_CURVE('',#1938,#1984,#2086,.T.);
#1721=EDGE_CURVE('',#1981,#1942,#2087,.T.);
#1722=EDGE_CURVE('',#1936,#1982,#2088,.T.);
#1723=EDGE_CURVE('',#1978,#1932,#2089,.T.);
#1724=EDGE_CURVE('',#1934,#1980,#2090,.T.);
#1725=EDGE_CURVE('',#1979,#1930,#2091,.T.);
#1726=EDGE_CURVE('',#1991,#1960,#2092,.T.);
#1727=EDGE_CURVE('',#1956,#1993,#2093,.T.);
#1728=EDGE_CURVE('',#1954,#1992,#2094,.T.);
#1729=EDGE_CURVE('',#1989,#1958,#2095,.T.);
#1730=EDGE_CURVE('',#1952,#1990,#2096,.T.);
#1731=EDGE_CURVE('',#1986,#1948,#2097,.T.);
#1732=EDGE_CURVE('',#1950,#1988,#2098,.T.);
#1733=EDGE_CURVE('',#1987,#1946,#2099,.T.);
#1734=EDGE_CURVE('',#1969,#1941,#2100,.T.);
#1735=EDGE_CURVE('',#1945,#1967,#2101,.T.);
#1736=EDGE_CURVE('',#1943,#1965,#2102,.T.);
#1737=EDGE_CURVE('',#1968,#1939,#2103,.T.);
#1738=EDGE_CURVE('',#1933,#1963,#2104,.T.);
#1739=EDGE_CURVE('',#1966,#1937,#2105,.T.);
#1740=EDGE_CURVE('',#1931,#1962,#2106,.T.);
#1741=EDGE_CURVE('',#1964,#1935,#2107,.T.);
#1742=EDGE_CURVE('',#1977,#1957,#2108,.T.);
#1743=EDGE_CURVE('',#1961,#1975,#2109,.T.);
#1744=EDGE_CURVE('',#1959,#1973,#2110,.T.);
#1745=EDGE_CURVE('',#1976,#1955,#2111,.T.);
#1746=EDGE_CURVE('',#1949,#1971,#2112,.T.);
#1747=EDGE_CURVE('',#1974,#1953,#2113,.T.);
#1748=EDGE_CURVE('',#1947,#1970,#2114,.T.);
#1749=EDGE_CURVE('',#1972,#1951,#2115,.T.);
#1750=EDGE_CURVE('',#1816,#1850,#354,.T.);
#1751=EDGE_CURVE('',#1817,#1859,#355,.T.);
#1752=EDGE_CURVE('',#1994,#1994,#2116,.F.);
#1753=EDGE_CURVE('',#1995,#1995,#2117,.T.);
#1754=EDGE_CURVE('',#1996,#1996,#2118,.F.);
#1755=EDGE_CURVE('',#1997,#1997,#2119,.T.);
#1756=EDGE_CURVE('',#1998,#1998,#2120,.F.);
#1757=EDGE_CURVE('',#1999,#1999,#2121,.T.);
#1758=EDGE_CURVE('',#2000,#2000,#2122,.F.);
#1759=EDGE_CURVE('',#2001,#2001,#2123,.T.);
#1760=EDGE_CURVE('',#2002,#2002,#2124,.F.);
#1761=EDGE_CURVE('',#2003,#2003,#2125,.F.);
#1762=EDGE_CURVE('',#2004,#2004,#2126,.F.);
#1763=EDGE_CURVE('',#2005,#2005,#2127,.T.);
#1764=EDGE_CURVE('',#2006,#2006,#2128,.T.);
#1765=EDGE_CURVE('',#2007,#2007,#2129,.T.);
#1766=VERTEX_POINT('',#3913);
#1767=VERTEX_POINT('',#3915);
#1768=VERTEX_POINT('',#3917);
#1769=VERTEX_POINT('',#3918);
#1770=VERTEX_POINT('',#3920);
#1771=VERTEX_POINT('',#3922);
#1772=VERTEX_POINT('',#3926);
#1773=VERTEX_POINT('',#3927);
#1774=VERTEX_POINT('',#3929);
#1775=VERTEX_POINT('',#3931);
#1776=VERTEX_POINT('',#3933);
#1777=VERTEX_POINT('',#3935);
#1778=VERTEX_POINT('',#3937);
#1779=VERTEX_POINT('',#3939);
#1780=VERTEX_POINT('',#3942);
#1781=VERTEX_POINT('',#3943);
#1782=VERTEX_POINT('',#3945);
#1783=VERTEX_POINT('',#3947);
#1784=VERTEX_POINT('',#3949);
#1785=VERTEX_POINT('',#3951);
#1786=VERTEX_POINT('',#3953);
#1787=VERTEX_POINT('',#3955);
#1788=VERTEX_POINT('',#3958);
#1789=VERTEX_POINT('',#3959);
#1790=VERTEX_POINT('',#3961);
#1791=VERTEX_POINT('',#3963);
#1792=VERTEX_POINT('',#3965);
#1793=VERTEX_POINT('',#3967);
#1794=VERTEX_POINT('',#3969);
#1795=VERTEX_POINT('',#3971);
#1796=VERTEX_POINT('',#3973);
#1797=VERTEX_POINT('',#3975);
#1798=VERTEX_POINT('',#3977);
#1799=VERTEX_POINT('',#3979);
#1800=VERTEX_POINT('',#3982);
#1801=VERTEX_POINT('',#3983);
#1802=VERTEX_POINT('',#3985);
#1803=VERTEX_POINT('',#3987);
#1804=VERTEX_POINT('',#3990);
#1805=VERTEX_POINT('',#3991);
#1806=VERTEX_POINT('',#3993);
#1807=VERTEX_POINT('',#3995);
#1808=VERTEX_POINT('',#3997);
#1809=VERTEX_POINT('',#3999);
#1810=VERTEX_POINT('',#4001);
#1811=VERTEX_POINT('',#4003);
#1812=VERTEX_POINT('',#4005);
#1813=VERTEX_POINT('',#4007);
#1814=VERTEX_POINT('',#4009);
#1815=VERTEX_POINT('',#4011);
#1816=VERTEX_POINT('',#4014);
#1817=VERTEX_POINT('',#4016);
#1818=VERTEX_POINT('',#4018);
#1819=VERTEX_POINT('',#4020);
#1820=VERTEX_POINT('',#4022);
#1821=VERTEX_POINT('',#4024);
#1822=VERTEX_POINT('',#4026);
#1823=VERTEX_POINT('',#4028);
#1824=VERTEX_POINT('',#4030);
#1825=VERTEX_POINT('',#4032);
#1826=VERTEX_POINT('',#4036);
#1827=VERTEX_POINT('',#4037);
#1828=VERTEX_POINT('',#4039);
#1829=VERTEX_POINT('',#4041);
#1830=VERTEX_POINT('',#4043);
#1831=VERTEX_POINT('',#4045);
#1832=VERTEX_POINT('',#4047);
#1833=VERTEX_POINT('',#4049);
#1834=VERTEX_POINT('',#4051);
#1835=VERTEX_POINT('',#4053);
#1836=VERTEX_POINT('',#4055);
#1837=VERTEX_POINT('',#4057);
#1838=VERTEX_POINT('',#4059);
#1839=VERTEX_POINT('',#4061);
#1840=VERTEX_POINT('',#4063);
#1841=VERTEX_POINT('',#4065);
#1842=VERTEX_POINT('',#4067);
#1843=VERTEX_POINT('',#4069);
#1844=VERTEX_POINT('',#4071);
#1845=VERTEX_POINT('',#4073);
#1846=VERTEX_POINT('',#4075);
#1847=VERTEX_POINT('',#4077);
#1848=VERTEX_POINT('',#4079);
#1849=VERTEX_POINT('',#4081);
#1850=VERTEX_POINT('',#4084);
#1851=VERTEX_POINT('',#4086);
#1852=VERTEX_POINT('',#4088);
#1853=VERTEX_POINT('',#4090);
#1854=VERTEX_POINT('',#4092);
#1855=VERTEX_POINT('',#4094);
#1856=VERTEX_POINT('',#4096);
#1857=VERTEX_POINT('',#4098);
#1858=VERTEX_POINT('',#4100);
#1859=VERTEX_POINT('',#4102);
#1860=VERTEX_POINT('',#4106);
#1861=VERTEX_POINT('',#4107);
#1862=VERTEX_POINT('',#4109);
#1863=VERTEX_POINT('',#4112);
#1864=VERTEX_POINT('',#4116);
#1865=VERTEX_POINT('',#4117);
#1866=VERTEX_POINT('',#4119);
#1867=VERTEX_POINT('',#4122);
#1868=VERTEX_POINT('',#4126);
#1869=VERTEX_POINT('',#4127);
#1870=VERTEX_POINT('',#4129);
#1871=VERTEX_POINT('',#4131);
#1872=VERTEX_POINT('',#4135);
#1873=VERTEX_POINT('',#4136);
#1874=VERTEX_POINT('',#4138);
#1875=VERTEX_POINT('',#4140);
#1876=VERTEX_POINT('',#4144);
#1877=VERTEX_POINT('',#4150);
#1878=VERTEX_POINT('',#4156);
#1879=VERTEX_POINT('',#4158);
#1880=VERTEX_POINT('',#4168);
#1881=VERTEX_POINT('',#4173);
#1882=VERTEX_POINT('',#4179);
#1883=VERTEX_POINT('',#4183);
#1884=VERTEX_POINT('',#4185);
#1885=VERTEX_POINT('',#4197);
#1886=VERTEX_POINT('',#4199);
#1887=VERTEX_POINT('',#4204);
#1888=VERTEX_POINT('',#4206);
#1889=VERTEX_POINT('',#4214);
#1890=VERTEX_POINT('',#4216);
#1891=VERTEX_POINT('',#4230);
#1892=VERTEX_POINT('',#4232);
#1893=VERTEX_POINT('',#4237);
#1894=VERTEX_POINT('',#4239);
#1895=VERTEX_POINT('',#4257);
#1896=VERTEX_POINT('',#4259);
#1897=VERTEX_POINT('',#4267);
#1898=VERTEX_POINT('',#4269);
#1899=VERTEX_POINT('',#4271);
#1900=VERTEX_POINT('',#4274);
#1901=VERTEX_POINT('',#4275);
#1902=VERTEX_POINT('',#4277);
#1903=VERTEX_POINT('',#4279);
#1904=VERTEX_POINT('',#4281);
#1905=VERTEX_POINT('',#4283);
#1906=VERTEX_POINT('',#4285);
#1907=VERTEX_POINT('',#4287);
#1908=VERTEX_POINT('',#4290);
#1909=VERTEX_POINT('',#4291);
#1910=VERTEX_POINT('',#4293);
#1911=VERTEX_POINT('',#4295);
#1912=VERTEX_POINT('',#4297);
#1913=VERTEX_POINT('',#4299);
#1914=VERTEX_POINT('',#4301);
#1915=VERTEX_POINT('',#4303);
#1916=VERTEX_POINT('',#4306);
#1917=VERTEX_POINT('',#4307);
#1918=VERTEX_POINT('',#4309);
#1919=VERTEX_POINT('',#4311);
#1920=VERTEX_POINT('',#4315);
#1921=VERTEX_POINT('',#4317);
#1922=VERTEX_POINT('',#4321);
#1923=VERTEX_POINT('',#4323);
#1924=VERTEX_POINT('',#4327);
#1925=VERTEX_POINT('',#4329);
#1926=VERTEX_POINT('',#4351);
#1927=VERTEX_POINT('',#4352);
#1928=VERTEX_POINT('',#4361);
#1929=VERTEX_POINT('',#4362);
#1930=VERTEX_POINT('',#4373);
#1931=VERTEX_POINT('',#4374);
#1932=VERTEX_POINT('',#4376);
#1933=VERTEX_POINT('',#4378);
#1934=VERTEX_POINT('',#4382);
#1935=VERTEX_POINT('',#4383);
#1936=VERTEX_POINT('',#4388);
#1937=VERTEX_POINT('',#4389);
#1938=VERTEX_POINT('',#4394);
#1939=VERTEX_POINT('',#4395);
#1940=VERTEX_POINT('',#4400);
#1941=VERTEX_POINT('',#4401);
#1942=VERTEX_POINT('',#4406);
#1943=VERTEX_POINT('',#4408);
#1944=VERTEX_POINT('',#4412);
#1945=VERTEX_POINT('',#4413);
#1946=VERTEX_POINT('',#4421);
#1947=VERTEX_POINT('',#4422);
#1948=VERTEX_POINT('',#4424);
#1949=VERTEX_POINT('',#4426);
#1950=VERTEX_POINT('',#4430);
#1951=VERTEX_POINT('',#4431);
#1952=VERTEX_POINT('',#4436);
#1953=VERTEX_POINT('',#4437);
#1954=VERTEX_POINT('',#4442);
#1955=VERTEX_POINT('',#4443);
#1956=VERTEX_POINT('',#4448);
#1957=VERTEX_POINT('',#4449);
#1958=VERTEX_POINT('',#4454);
#1959=VERTEX_POINT('',#4456);
#1960=VERTEX_POINT('',#4460);
#1961=VERTEX_POINT('',#4461);
#1962=VERTEX_POINT('',#4469);
#1963=VERTEX_POINT('',#4471);
#1964=VERTEX_POINT('',#4475);
#1965=VERTEX_POINT('',#4479);
#1966=VERTEX_POINT('',#4483);
#1967=VERTEX_POINT('',#4487);
#1968=VERTEX_POINT('',#4491);
#1969=VERTEX_POINT('',#4495);
#1970=VERTEX_POINT('',#4501);
#1971=VERTEX_POINT('',#4503);
#1972=VERTEX_POINT('',#4507);
#1973=VERTEX_POINT('',#4511);
#1974=VERTEX_POINT('',#4515);
#1975=VERTEX_POINT('',#4519);
#1976=VERTEX_POINT('',#4523);
#1977=VERTEX_POINT('',#4527);
#1978=VERTEX_POINT('',#4533);
#1979=VERTEX_POINT('',#4535);
#1980=VERTEX_POINT('',#4539);
#1981=VERTEX_POINT('',#4543);
#1982=VERTEX_POINT('',#4547);
#1983=VERTEX_POINT('',#4551);
#1984=VERTEX_POINT('',#4555);
#1985=VERTEX_POINT('',#4559);
#1986=VERTEX_POINT('',#4565);
#1987=VERTEX_POINT('',#4567);
#1988=VERTEX_POINT('',#4571);
#1989=VERTEX_POINT('',#4575);
#1990=VERTEX_POINT('',#4579);
#1991=VERTEX_POINT('',#4583);
#1992=VERTEX_POINT('',#4587);
#1993=VERTEX_POINT('',#4591);
#1994=VERTEX_POINT('',#4666);
#1995=VERTEX_POINT('',#4668);
#1996=VERTEX_POINT('',#4672);
#1997=VERTEX_POINT('',#4674);
#1998=VERTEX_POINT('',#4678);
#1999=VERTEX_POINT('',#4680);
#2000=VERTEX_POINT('',#4684);
#2001=VERTEX_POINT('',#4686);
#2002=VERTEX_POINT('',#4690);
#2003=VERTEX_POINT('',#4693);
#2004=VERTEX_POINT('',#4696);
#2005=VERTEX_POINT('',#4699);
#2006=VERTEX_POINT('',#4702);
#2007=VERTEX_POINT('',#4705);
#2008=CIRCLE('',#2796,0.00225);
#2009=CIRCLE('',#2797,0.00225);
#2010=CIRCLE('',#2799,0.0055);
#2011=CIRCLE('',#2800,0.0055);
#2012=CIRCLE('',#2801,0.0055);
#2013=CIRCLE('',#2802,0.0055);
#2014=CIRCLE('',#2803,0.0055);
#2015=CIRCLE('',#2804,0.0055);
#2016=CIRCLE('',#2805,0.0055);
#2017=CIRCLE('',#2806,0.0055);
#2018=CIRCLE('',#2807,0.000689);
#2019=CIRCLE('',#2808,0.000689);
#2020=CIRCLE('',#2809,0.000689);
#2021=CIRCLE('',#2810,0.000689);
#2022=CIRCLE('',#2812,0.000689);
#2023=CIRCLE('',#2813,0.000689);
#2024=CIRCLE('',#2814,0.000689);
#2025=CIRCLE('',#2815,0.000689);
#2026=CIRCLE('',#2822,0.00225);
#2027=CIRCLE('',#2823,0.00225);
#2028=CIRCLE('',#2826,0.00225);
#2029=CIRCLE('',#2829,0.00225);
#2030=CIRCLE('',#2830,0.00225);
#2031=CIRCLE('',#2834,0.004);
#2032=CIRCLE('',#2837,0.00175);
#2033=CIRCLE('',#2838,0.00175);
#2034=CIRCLE('',#2845,0.00175);
#2035=CIRCLE('',#2846,0.00175);
#2036=CIRCLE('',#2848,0.004);
#2037=CIRCLE('',#2859,0.00225);
#2038=CIRCLE('',#2860,0.00225);
#2039=CIRCLE('',#2861,0.00225);
#2040=CIRCLE('',#2863,0.0055);
#2041=CIRCLE('',#2864,0.0055);
#2042=CIRCLE('',#2865,0.0055);
#2043=CIRCLE('',#2866,0.0055);
#2044=CIRCLE('',#2867,0.0055);
#2045=CIRCLE('',#2868,0.0055);
#2046=CIRCLE('',#2869,0.0055);
#2047=CIRCLE('',#2870,0.0055);
#2048=CIRCLE('',#2873,0.00175);
#2049=CIRCLE('',#2875,0.00175);
#2050=CIRCLE('',#2887,0.004);
#2051=CIRCLE('',#2892,0.004);
#2052=CIRCLE('',#2896,0.004);
#2053=CIRCLE('',#2897,0.004);
#2054=CIRCLE('',#2900,0.004);
#2055=CIRCLE('',#2901,0.004);
#2056=CIRCLE('',#2904,0.004);
#2057=CIRCLE('',#2905,0.004);
#2058=CIRCLE('',#2909,0.004);
#2059=CIRCLE('',#2910,0.004);
#2060=CIRCLE('',#2912,0.004);
#2061=CIRCLE('',#2913,0.004);
#2062=CIRCLE('',#2916,0.004);
#2063=CIRCLE('',#2917,0.004);
#2064=CIRCLE('',#2920,0.004);
#2065=CIRCLE('',#2921,0.004);
#2066=CIRCLE('',#2925,0.004);
#2067=CIRCLE('',#2926,0.004);
#2068=CIRCLE('',#2928,0.00546446609406727);
#2069=CIRCLE('',#2932,0.00546446609406727);
#2070=CIRCLE('',#2934,0.00546446609406727);
#2071=CIRCLE('',#2938,0.00546446609406726);
#2072=CIRCLE('',#2940,0.00546446609406726);
#2073=CIRCLE('',#2944,0.00546446609406729);
#2074=CIRCLE('',#2946,0.00546446609406727);
#2075=CIRCLE('',#2950,0.00546446609406727);
#2076=CIRCLE('',#2952,0.00546446609406726);
#2077=CIRCLE('',#2956,0.00546446609406727);
#2078=CIRCLE('',#2958,0.00546446609406727);
#2079=CIRCLE('',#2962,0.00546446609406726);
#2080=CIRCLE('',#2964,0.00546446609406727);
#2081=CIRCLE('',#2968,0.00546446609406727);
#2082=CIRCLE('',#2970,0.00546446609406727);
#2083=CIRCLE('',#2974,0.00546446609406727);
#2084=CIRCLE('',#2976,0.005);
#2085=CIRCLE('',#2977,0.005);
#2086=CIRCLE('',#2979,0.005);
#2087=CIRCLE('',#2981,0.005);
#2088=CIRCLE('',#2983,0.005);
#2089=CIRCLE('',#2985,0.005);
#2090=CIRCLE('',#2987,0.005);
#2091=CIRCLE('',#2989,0.005);
#2092=CIRCLE('',#2992,0.005);
#2093=CIRCLE('',#2993,0.005);
#2094=CIRCLE('',#2995,0.005);
#2095=CIRCLE('',#2997,0.005);
#2096=CIRCLE('',#2999,0.005);
#2097=CIRCLE('',#3001,0.005);
#2098=CIRCLE('',#3003,0.005);
#2099=CIRCLE('',#3005,0.005);
#2100=CIRCLE('',#3008,0.005);
#2101=CIRCLE('',#3009,0.005);
#2102=CIRCLE('',#3011,0.005);
#2103=CIRCLE('',#3013,0.005);
#2104=CIRCLE('',#3015,0.005);
#2105=CIRCLE('',#3017,0.005);
#2106=CIRCLE('',#3019,0.005);
#2107=CIRCLE('',#3021,0.005);
#2108=CIRCLE('',#3024,0.005);
#2109=CIRCLE('',#3025,0.005);
#2110=CIRCLE('',#3027,0.005);
#2111=CIRCLE('',#3029,0.005);
#2112=CIRCLE('',#3031,0.005);
#2113=CIRCLE('',#3033,0.005);
#2114=CIRCLE('',#3035,0.005);
#2115=CIRCLE('',#3037,0.005);
#2116=CIRCLE('',#3043,0.00175);
#2117=CIRCLE('',#3044,0.00175);
#2118=CIRCLE('',#3047,0.00175);
#2119=CIRCLE('',#3048,0.00175);
#2120=CIRCLE('',#3051,0.00175);
#2121=CIRCLE('',#3052,0.00175);
#2122=CIRCLE('',#3055,0.00175);
#2123=CIRCLE('',#3056,0.00175);
#2124=CIRCLE('',#3059,0.00175);
#2125=CIRCLE('',#3061,0.00175);
#2126=CIRCLE('',#3063,0.00175);
#2127=CIRCLE('',#3065,0.00175);
#2128=CIRCLE('',#3067,0.00175);
#2129=CIRCLE('',#3069,0.00175);
#2130=EDGE_LOOP('',(#614));
#2131=EDGE_LOOP('',(#615));
#2132=EDGE_LOOP('',(#616,#617,#618,#619));
#2133=EDGE_LOOP('',(#620,#621,#622,#623,#624,#625,#626,#627));
#2134=EDGE_LOOP('',(#628,#629,#630,#631,#632,#633,#634,#635));
#2135=EDGE_LOOP('',(#636,#637,#638,#639,#640,#641,#642,#643,#644,#645,#646,
#647));
#2136=EDGE_LOOP('',(#648,#649,#650,#651));
#2137=EDGE_LOOP('',(#652,#653,#654,#655,#656,#657,#658,#659,#660,#661,#662,
#663));
#2138=EDGE_LOOP('',(#664,#665,#666,#667,#668,#669,#670,#671,#672,#673,#674,
#675));
#2139=EDGE_LOOP('',(#676,#677,#678,#679,#680,#681,#682,#683,#684,#685,#686,
#687,#688,#689,#690,#691,#692,#693,#694,#695,#696,#697,#698,#699));
#2140=EDGE_LOOP('',(#700,#701,#702,#703,#704,#705,#706,#707,#708,#709,#710,
#711));
#2141=EDGE_LOOP('',(#712,#713,#714,#715,#716,#717));
#2142=EDGE_LOOP('',(#718,#719,#720,#721,#722,#723));
#2143=EDGE_LOOP('',(#724,#725,#726,#727));
#2144=EDGE_LOOP('',(#728,#729,#730,#731));
#2145=EDGE_LOOP('',(#732,#733,#734,#735,#736,#737));
#2146=EDGE_LOOP('',(#738,#739,#740,#741,#742,#743,#744,#745));
#2147=EDGE_LOOP('',(#746,#747,#748,#749,#750,#751));
#2148=EDGE_LOOP('',(#752));
#2149=EDGE_LOOP('',(#753,#754,#755,#756));
#2150=EDGE_LOOP('',(#757,#758,#759,#760,#761,#762));
#2151=EDGE_LOOP('',(#763,#764,#765,#766,#767,#768,#769,#770));
#2152=EDGE_LOOP('',(#771,#772,#773,#774,#775,#776));
#2153=EDGE_LOOP('',(#777,#778,#779,#780,#781,#782));
#2154=EDGE_LOOP('',(#783,#784,#785,#786,#787,#788,#789,#790));
#2155=EDGE_LOOP('',(#791,#792,#793,#794));
#2156=EDGE_LOOP('',(#795));
#2157=EDGE_LOOP('',(#796));
#2158=EDGE_LOOP('',(#797,#798,#799,#800));
#2159=EDGE_LOOP('',(#801,#802,#803,#804));
#2160=EDGE_LOOP('',(#805,#806,#807,#808));
#2161=EDGE_LOOP('',(#809,#810,#811,#812));
#2162=EDGE_LOOP('',(#813,#814,#815,#816));
#2163=EDGE_LOOP('',(#817,#818,#819,#820));
#2164=EDGE_LOOP('',(#821));
#2165=EDGE_LOOP('',(#822));
#2166=EDGE_LOOP('',(#823,#824,#825,#826,#827));
#2167=EDGE_LOOP('',(#828,#829,#830,#831,#832,#833,#834,#835));
#2168=EDGE_LOOP('',(#836,#837,#838,#839));
#2169=EDGE_LOOP('',(#840,#841,#842,#843));
#2170=EDGE_LOOP('',(#844,#845,#846,#847));
#2171=EDGE_LOOP('',(#848,#849,#850,#851));
#2172=EDGE_LOOP('',(#852,#853,#854,#855));
#2173=EDGE_LOOP('',(#856,#857,#858,#859));
#2174=EDGE_LOOP('',(#860,#861,#862,#863,#864,#865));
#2175=EDGE_LOOP('',(#866,#867,#868,#869,#870));
#2176=EDGE_LOOP('',(#871,#872,#873,#874));
#2177=EDGE_LOOP('',(#875));
#2178=EDGE_LOOP('',(#876));
#2179=EDGE_LOOP('',(#877));
#2180=EDGE_LOOP('',(#878,#879,#880,#881));
#2181=EDGE_LOOP('',(#882,#883,#884,#885,#886,#887,#888,#889));
#2182=EDGE_LOOP('',(#890,#891,#892,#893,#894,#895,#896,#897));
#2183=EDGE_LOOP('',(#898,#899,#900,#901));
#2184=EDGE_LOOP('',(#902,#903,#904,#905));
#2185=EDGE_LOOP('',(#906,#907,#908,#909));
#2186=EDGE_LOOP('',(#910));
#2187=EDGE_LOOP('',(#911,#912,#913,#914));
#2188=EDGE_LOOP('',(#915));
#2189=EDGE_LOOP('',(#916,#917,#918,#919));
#2190=EDGE_LOOP('',(#920,#921,#922,#923));
#2191=EDGE_LOOP('',(#924,#925,#926,#927));
#2192=EDGE_LOOP('',(#928,#929,#930,#931,#932,#933,#934,#935,#936,#937,#938,
#939));
#2193=EDGE_LOOP('',(#940,#941,#942,#943));
#2194=EDGE_LOOP('',(#944,#945,#946,#947));
#2195=EDGE_LOOP('',(#948,#949,#950,#951));
#2196=EDGE_LOOP('',(#952,#953,#954,#955));
#2197=EDGE_LOOP('',(#956,#957,#958,#959,#960,#961));
#2198=EDGE_LOOP('',(#962,#963,#964,#965,#966,#967));
#2199=EDGE_LOOP('',(#968,#969,#970,#971));
#2200=EDGE_LOOP('',(#972,#973,#974,#975,#976));
#2201=EDGE_LOOP('',(#977,#978,#979,#980));
#2202=EDGE_LOOP('',(#981,#982,#983,#984));
#2203=EDGE_LOOP('',(#985,#986,#987,#988));
#2204=EDGE_LOOP('',(#989,#990,#991,#992,#993));
#2205=EDGE_LOOP('',(#994,#995,#996,#997));
#2206=EDGE_LOOP('',(#998,#999,#1000,#1001));
#2207=EDGE_LOOP('',(#1002,#1003,#1004,#1005));
#2208=EDGE_LOOP('',(#1006,#1007,#1008,#1009));
#2209=EDGE_LOOP('',(#1010,#1011,#1012,#1013));
#2210=EDGE_LOOP('',(#1014,#1015,#1016,#1017));
#2211=EDGE_LOOP('',(#1018,#1019,#1020,#1021));
#2212=EDGE_LOOP('',(#1022,#1023,#1024,#1025));
#2213=EDGE_LOOP('',(#1026,#1027,#1028,#1029));
#2214=EDGE_LOOP('',(#1030,#1031,#1032,#1033));
#2215=EDGE_LOOP('',(#1034,#1035,#1036,#1037));
#2216=EDGE_LOOP('',(#1038,#1039,#1040,#1041));
#2217=EDGE_LOOP('',(#1042,#1043,#1044,#1045));
#2218=EDGE_LOOP('',(#1046,#1047,#1048,#1049));
#2219=EDGE_LOOP('',(#1050,#1051,#1052,#1053));
#2220=EDGE_LOOP('',(#1054,#1055,#1056,#1057));
#2221=EDGE_LOOP('',(#1058,#1059,#1060,#1061));
#2222=EDGE_LOOP('',(#1062,#1063,#1064,#1065));
#2223=EDGE_LOOP('',(#1066,#1067,#1068,#1069));
#2224=EDGE_LOOP('',(#1070,#1071,#1072,#1073));
#2225=EDGE_LOOP('',(#1074,#1075,#1076,#1077));
#2226=EDGE_LOOP('',(#1078,#1079,#1080,#1081));
#2227=EDGE_LOOP('',(#1082,#1083,#1084,#1085));
#2228=EDGE_LOOP('',(#1086,#1087,#1088,#1089));
#2229=EDGE_LOOP('',(#1090,#1091,#1092,#1093));
#2230=EDGE_LOOP('',(#1094,#1095,#1096,#1097));
#2231=EDGE_LOOP('',(#1098,#1099,#1100,#1101));
#2232=EDGE_LOOP('',(#1102,#1103,#1104,#1105));
#2233=EDGE_LOOP('',(#1106,#1107,#1108,#1109));
#2234=EDGE_LOOP('',(#1110,#1111,#1112,#1113));
#2235=EDGE_LOOP('',(#1114,#1115,#1116,#1117));
#2236=EDGE_LOOP('',(#1118,#1119,#1120,#1121));
#2237=EDGE_LOOP('',(#1122,#1123,#1124,#1125));
#2238=EDGE_LOOP('',(#1126,#1127,#1128,#1129));
#2239=EDGE_LOOP('',(#1130,#1131,#1132,#1133));
#2240=EDGE_LOOP('',(#1134,#1135,#1136,#1137));
#2241=EDGE_LOOP('',(#1138,#1139,#1140,#1141));
#2242=EDGE_LOOP('',(#1142,#1143,#1144,#1145));
#2243=EDGE_LOOP('',(#1146,#1147,#1148,#1149));
#2244=EDGE_LOOP('',(#1150,#1151,#1152,#1153));
#2245=EDGE_LOOP('',(#1154,#1155,#1156,#1157));
#2246=EDGE_LOOP('',(#1158,#1159,#1160,#1161));
#2247=EDGE_LOOP('',(#1162,#1163,#1164,#1165));
#2248=EDGE_LOOP('',(#1166,#1167,#1168,#1169));
#2249=EDGE_LOOP('',(#1170,#1171,#1172,#1173));
#2250=EDGE_LOOP('',(#1174,#1175,#1176,#1177));
#2251=EDGE_LOOP('',(#1178,#1179,#1180,#1181));
#2252=EDGE_LOOP('',(#1182,#1183,#1184,#1185));
#2253=EDGE_LOOP('',(#1186,#1187,#1188,#1189));
#2254=EDGE_LOOP('',(#1190,#1191,#1192,#1193));
#2255=EDGE_LOOP('',(#1194,#1195,#1196,#1197));
#2256=EDGE_LOOP('',(#1198,#1199,#1200,#1201));
#2257=EDGE_LOOP('',(#1202,#1203,#1204,#1205));
#2258=EDGE_LOOP('',(#1206,#1207,#1208,#1209));
#2259=EDGE_LOOP('',(#1210,#1211,#1212,#1213));
#2260=EDGE_LOOP('',(#1214,#1215,#1216,#1217));
#2261=EDGE_LOOP('',(#1218,#1219,#1220,#1221));
#2262=EDGE_LOOP('',(#1222,#1223,#1224,#1225));
#2263=EDGE_LOOP('',(#1226,#1227,#1228,#1229));
#2264=EDGE_LOOP('',(#1230,#1231,#1232,#1233));
#2265=EDGE_LOOP('',(#1234,#1235,#1236,#1237));
#2266=EDGE_LOOP('',(#1238,#1239,#1240,#1241));
#2267=EDGE_LOOP('',(#1242,#1243,#1244,#1245));
#2268=EDGE_LOOP('',(#1246,#1247,#1248,#1249));
#2269=EDGE_LOOP('',(#1250,#1251,#1252,#1253));
#2270=EDGE_LOOP('',(#1254,#1255,#1256,#1257));
#2271=EDGE_LOOP('',(#1258,#1259,#1260,#1261));
#2272=EDGE_LOOP('',(#1262,#1263,#1264,#1265));
#2273=EDGE_LOOP('',(#1266,#1267,#1268,#1269));
#2274=EDGE_LOOP('',(#1270,#1271,#1272,#1273));
#2275=EDGE_LOOP('',(#1274,#1275,#1276,#1277));
#2276=EDGE_LOOP('',(#1278,#1279,#1280,#1281));
#2277=EDGE_LOOP('',(#1282,#1283,#1284,#1285));
#2278=EDGE_LOOP('',(#1286,#1287,#1288,#1289));
#2279=EDGE_LOOP('',(#1290,#1291,#1292,#1293));
#2280=EDGE_LOOP('',(#1294,#1295,#1296,#1297));
#2281=EDGE_LOOP('',(#1298,#1299,#1300,#1301));
#2282=EDGE_LOOP('',(#1302,#1303,#1304,#1305));
#2283=EDGE_LOOP('',(#1306,#1307,#1308,#1309));
#2284=EDGE_LOOP('',(#1310,#1311,#1312,#1313));
#2285=EDGE_LOOP('',(#1314,#1315,#1316,#1317));
#2286=EDGE_LOOP('',(#1318,#1319,#1320,#1321));
#2287=EDGE_LOOP('',(#1322,#1323,#1324,#1325));
#2288=EDGE_LOOP('',(#1326,#1327,#1328,#1329));
#2289=EDGE_LOOP('',(#1330,#1331,#1332,#1333));
#2290=EDGE_LOOP('',(#1334));
#2291=EDGE_LOOP('',(#1335));
#2292=EDGE_LOOP('',(#1336));
#2293=EDGE_LOOP('',(#1337));
#2294=EDGE_LOOP('',(#1338));
#2295=EDGE_LOOP('',(#1339));
#2296=EDGE_LOOP('',(#1340));
#2297=EDGE_LOOP('',(#1341));
#2298=EDGE_LOOP('',(#1342));
#2299=EDGE_LOOP('',(#1343));
#2300=EDGE_LOOP('',(#1344));
#2301=EDGE_LOOP('',(#1345));
#2302=EDGE_LOOP('',(#1346));
#2303=EDGE_LOOP('',(#1347));
#2304=EDGE_LOOP('',(#1348));
#2305=EDGE_LOOP('',(#1349));
#2306=EDGE_LOOP('',(#1350));
#2307=EDGE_LOOP('',(#1351));
#2308=EDGE_LOOP('',(#1352));
#2309=EDGE_LOOP('',(#1353));
#2310=EDGE_LOOP('',(#1354));
#2311=EDGE_LOOP('',(#1355));
#2312=EDGE_LOOP('',(#1356));
#2313=EDGE_LOOP('',(#1357));
#2314=EDGE_LOOP('',(#1358));
#2315=EDGE_LOOP('',(#1359));
#2316=EDGE_LOOP('',(#1360));
#2317=EDGE_LOOP('',(#1361));
#2318=EDGE_LOOP('',(#1362));
#2319=EDGE_LOOP('',(#1363));
#2320=EDGE_LOOP('',(#1364));
#2321=EDGE_LOOP('',(#1365));
#2322=EDGE_LOOP('',(#1366));
#2323=EDGE_LOOP('',(#1367));
#2324=EDGE_LOOP('',(#1368));
#2325=EDGE_LOOP('',(#1369));
#2326=EDGE_LOOP('',(#1370));
#2327=EDGE_LOOP('',(#1371,#1372));
#2328=EDGE_LOOP('',(#1373));
#2329=EDGE_LOOP('',(#1374,#1375));
#2330=EDGE_LOOP('',(#1376,#1377));
#2331=EDGE_LOOP('',(#1378));
#2332=EDGE_LOOP('',(#1379,#1380));
#2333=EDGE_LOOP('',(#1381));
#2334=FACE_BOUND('',#2130,.T.);
#2335=FACE_BOUND('',#2131,.T.);
#2336=FACE_BOUND('',#2132,.T.);
#2337=FACE_BOUND('',#2133,.T.);
#2338=FACE_BOUND('',#2134,.T.);
#2339=FACE_BOUND('',#2135,.T.);
#2340=FACE_BOUND('',#2136,.T.);
#2341=FACE_BOUND('',#2137,.T.);
#2342=FACE_BOUND('',#2138,.T.);
#2343=FACE_BOUND('',#2139,.T.);
#2344=FACE_BOUND('',#2140,.T.);
#2345=FACE_BOUND('',#2141,.T.);
#2346=FACE_BOUND('',#2142,.T.);
#2347=FACE_BOUND('',#2143,.T.);
#2348=FACE_BOUND('',#2144,.T.);
#2349=FACE_BOUND('',#2145,.T.);
#2350=FACE_BOUND('',#2146,.T.);
#2351=FACE_BOUND('',#2147,.T.);
#2352=FACE_BOUND('',#2148,.T.);
#2353=FACE_BOUND('',#2149,.T.);
#2354=FACE_BOUND('',#2150,.T.);
#2355=FACE_BOUND('',#2151,.T.);
#2356=FACE_BOUND('',#2152,.T.);
#2357=FACE_BOUND('',#2153,.T.);
#2358=FACE_BOUND('',#2154,.T.);
#2359=FACE_BOUND('',#2155,.T.);
#2360=FACE_BOUND('',#2156,.T.);
#2361=FACE_BOUND('',#2157,.T.);
#2362=FACE_BOUND('',#2158,.T.);
#2363=FACE_BOUND('',#2159,.T.);
#2364=FACE_BOUND('',#2160,.T.);
#2365=FACE_BOUND('',#2161,.T.);
#2366=FACE_BOUND('',#2162,.T.);
#2367=FACE_BOUND('',#2163,.T.);
#2368=FACE_BOUND('',#2164,.T.);
#2369=FACE_BOUND('',#2165,.T.);
#2370=FACE_BOUND('',#2166,.T.);
#2371=FACE_BOUND('',#2167,.T.);
#2372=FACE_BOUND('',#2168,.T.);
#2373=FACE_BOUND('',#2169,.T.);
#2374=FACE_BOUND('',#2170,.T.);
#2375=FACE_BOUND('',#2171,.T.);
#2376=FACE_BOUND('',#2172,.T.);
#2377=FACE_BOUND('',#2173,.T.);
#2378=FACE_BOUND('',#2174,.T.);
#2379=FACE_BOUND('',#2175,.T.);
#2380=FACE_BOUND('',#2176,.T.);
#2381=FACE_BOUND('',#2177,.T.);
#2382=FACE_BOUND('',#2178,.T.);
#2383=FACE_BOUND('',#2179,.T.);
#2384=FACE_BOUND('',#2180,.T.);
#2385=FACE_BOUND('',#2181,.T.);
#2386=FACE_BOUND('',#2182,.T.);
#2387=FACE_BOUND('',#2183,.T.);
#2388=FACE_BOUND('',#2184,.T.);
#2389=FACE_BOUND('',#2185,.T.);
#2390=FACE_BOUND('',#2186,.T.);
#2391=FACE_BOUND('',#2187,.T.);
#2392=FACE_BOUND('',#2188,.T.);
#2393=FACE_BOUND('',#2189,.T.);
#2394=FACE_BOUND('',#2190,.T.);
#2395=FACE_BOUND('',#2191,.T.);
#2396=FACE_BOUND('',#2192,.T.);
#2397=FACE_BOUND('',#2193,.T.);
#2398=FACE_BOUND('',#2194,.T.);
#2399=FACE_BOUND('',#2195,.T.);
#2400=FACE_BOUND('',#2196,.T.);
#2401=FACE_BOUND('',#2197,.T.);
#2402=FACE_BOUND('',#2198,.T.);
#2403=FACE_BOUND('',#2199,.T.);
#2404=FACE_BOUND('',#2200,.T.);
#2405=FACE_BOUND('',#2201,.T.);
#2406=FACE_BOUND('',#2202,.T.);
#2407=FACE_BOUND('',#2203,.T.);
#2408=FACE_BOUND('',#2204,.T.);
#2409=FACE_BOUND('',#2205,.T.);
#2410=FACE_BOUND('',#2206,.T.);
#2411=FACE_BOUND('',#2207,.T.);
#2412=FACE_BOUND('',#2208,.T.);
#2413=FACE_BOUND('',#2209,.T.);
#2414=FACE_BOUND('',#2210,.T.);
#2415=FACE_BOUND('',#2211,.T.);
#2416=FACE_BOUND('',#2212,.T.);
#2417=FACE_BOUND('',#2213,.T.);
#2418=FACE_BOUND('',#2214,.T.);
#2419=FACE_BOUND('',#2215,.T.);
#2420=FACE_BOUND('',#2216,.T.);
#2421=FACE_BOUND('',#2217,.T.);
#2422=FACE_BOUND('',#2218,.T.);
#2423=FACE_BOUND('',#2219,.T.);
#2424=FACE_BOUND('',#2220,.T.);
#2425=FACE_BOUND('',#2221,.T.);
#2426=FACE_BOUND('',#2222,.T.);
#2427=FACE_BOUND('',#2223,.T.);
#2428=FACE_BOUND('',#2224,.T.);
#2429=FACE_BOUND('',#2225,.T.);
#2430=FACE_BOUND('',#2226,.T.);
#2431=FACE_BOUND('',#2227,.T.);
#2432=FACE_BOUND('',#2228,.T.);
#2433=FACE_BOUND('',#2229,.T.);
#2434=FACE_BOUND('',#2230,.T.);
#2435=FACE_BOUND('',#2231,.T.);
#2436=FACE_BOUND('',#2232,.T.);
#2437=FACE_BOUND('',#2233,.T.);
#2438=FACE_BOUND('',#2234,.T.);
#2439=FACE_BOUND('',#2235,.T.);
#2440=FACE_BOUND('',#2236,.T.);
#2441=FACE_BOUND('',#2237,.T.);
#2442=FACE_BOUND('',#2238,.T.);
#2443=FACE_BOUND('',#2239,.T.);
#2444=FACE_BOUND('',#2240,.T.);
#2445=FACE_BOUND('',#2241,.T.);
#2446=FACE_BOUND('',#2242,.T.);
#2447=FACE_BOUND('',#2243,.T.);
#2448=FACE_BOUND('',#2244,.T.);
#2449=FACE_BOUND('',#2245,.T.);
#2450=FACE_BOUND('',#2246,.T.);
#2451=FACE_BOUND('',#2247,.T.);
#2452=FACE_BOUND('',#2248,.T.);
#2453=FACE_BOUND('',#2249,.T.);
#2454=FACE_BOUND('',#2250,.T.);
#2455=FACE_BOUND('',#2251,.T.);
#2456=FACE_BOUND('',#2252,.T.);
#2457=FACE_BOUND('',#2253,.T.);
#2458=FACE_BOUND('',#2254,.T.);
#2459=FACE_BOUND('',#2255,.T.);
#2460=FACE_BOUND('',#2256,.T.);
#2461=FACE_BOUND('',#2257,.T.);
#2462=FACE_BOUND('',#2258,.T.);
#2463=FACE_BOUND('',#2259,.T.);
#2464=FACE_BOUND('',#2260,.T.);
#2465=FACE_BOUND('',#2261,.T.);
#2466=FACE_BOUND('',#2262,.T.);
#2467=FACE_BOUND('',#2263,.T.);
#2468=FACE_BOUND('',#2264,.T.);
#2469=FACE_BOUND('',#2265,.T.);
#2470=FACE_BOUND('',#2266,.T.);
#2471=FACE_BOUND('',#2267,.T.);
#2472=FACE_BOUND('',#2268,.T.);
#2473=FACE_BOUND('',#2269,.T.);
#2474=FACE_BOUND('',#2270,.T.);
#2475=FACE_BOUND('',#2271,.T.);
#2476=FACE_BOUND('',#2272,.T.);
#2477=FACE_BOUND('',#2273,.T.);
#2478=FACE_BOUND('',#2274,.T.);
#2479=FACE_BOUND('',#2275,.T.);
#2480=FACE_BOUND('',#2276,.T.);
#2481=FACE_BOUND('',#2277,.T.);
#2482=FACE_BOUND('',#2278,.T.);
#2483=FACE_BOUND('',#2279,.T.);
#2484=FACE_BOUND('',#2280,.T.);
#2485=FACE_BOUND('',#2281,.T.);
#2486=FACE_BOUND('',#2282,.T.);
#2487=FACE_BOUND('',#2283,.T.);
#2488=FACE_BOUND('',#2284,.T.);
#2489=FACE_BOUND('',#2285,.T.);
#2490=FACE_BOUND('',#2286,.T.);
#2491=FACE_BOUND('',#2287,.T.);
#2492=FACE_BOUND('',#2288,.T.);
#2493=FACE_BOUND('',#2289,.T.);
#2494=FACE_BOUND('',#2290,.T.);
#2495=FACE_BOUND('',#2291,.T.);
#2496=FACE_BOUND('',#2292,.T.);
#2497=FACE_BOUND('',#2293,.T.);
#2498=FACE_BOUND('',#2294,.T.);
#2499=FACE_BOUND('',#2295,.T.);
#2500=FACE_BOUND('',#2296,.T.);
#2501=FACE_BOUND('',#2297,.T.);
#2502=FACE_BOUND('',#2298,.T.);
#2503=FACE_BOUND('',#2299,.T.);
#2504=FACE_BOUND('',#2300,.T.);
#2505=FACE_BOUND('',#2301,.T.);
#2506=FACE_BOUND('',#2302,.T.);
#2507=FACE_BOUND('',#2303,.T.);
#2508=FACE_BOUND('',#2304,.T.);
#2509=FACE_BOUND('',#2305,.T.);
#2510=FACE_BOUND('',#2306,.T.);
#2511=FACE_BOUND('',#2307,.T.);
#2512=FACE_BOUND('',#2308,.T.);
#2513=FACE_BOUND('',#2309,.T.);
#2514=FACE_BOUND('',#2310,.T.);
#2515=FACE_BOUND('',#2311,.T.);
#2516=FACE_BOUND('',#2312,.T.);
#2517=FACE_BOUND('',#2313,.T.);
#2518=FACE_BOUND('',#2314,.T.);
#2519=FACE_BOUND('',#2315,.T.);
#2520=FACE_BOUND('',#2316,.T.);
#2521=FACE_BOUND('',#2317,.T.);
#2522=FACE_BOUND('',#2318,.T.);
#2523=FACE_BOUND('',#2319,.T.);
#2524=FACE_BOUND('',#2320,.T.);
#2525=FACE_BOUND('',#2321,.T.);
#2526=FACE_BOUND('',#2322,.T.);
#2527=FACE_BOUND('',#2323,.T.);
#2528=FACE_BOUND('',#2324,.T.);
#2529=FACE_BOUND('',#2325,.T.);
#2530=FACE_BOUND('',#2326,.T.);
#2531=FACE_BOUND('',#2327,.T.);
#2532=FACE_BOUND('',#2328,.T.);
#2533=FACE_BOUND('',#2329,.T.);
#2534=FACE_BOUND('',#2330,.T.);
#2535=FACE_BOUND('',#2331,.T.);
#2536=FACE_BOUND('',#2332,.T.);
#2537=FACE_BOUND('',#2333,.T.);
#2538=PLANE('',#2795);
#2539=PLANE('',#2798);
#2540=PLANE('',#2811);
#2541=PLANE('',#2816);
#2542=PLANE('',#2817);
#2543=PLANE('',#2818);
#2544=PLANE('',#2819);
#2545=PLANE('',#2821);
#2546=PLANE('',#2825);
#2547=PLANE('',#2828);
#2548=PLANE('',#2832);
#2549=PLANE('',#2833);
#2550=PLANE('',#2835);
#2551=PLANE('',#2836);
#2552=PLANE('',#2839);
#2553=PLANE('',#2840);
#2554=PLANE('',#2841);
#2555=PLANE('',#2842);
#2556=PLANE('',#2843);
#2557=PLANE('',#2844);
#2558=PLANE('',#2847);
#2559=PLANE('',#2849);
#2560=PLANE('',#2850);
#2561=PLANE('',#2851);
#2562=PLANE('',#2852);
#2563=PLANE('',#2853);
#2564=PLANE('',#2854);
#2565=PLANE('',#2855);
#2566=PLANE('',#2856);
#2567=PLANE('',#2857);
#2568=PLANE('',#2858);
#2569=PLANE('',#2862);
#2570=PLANE('',#2871);
#2571=PLANE('',#2872);
#2572=PLANE('',#2874);
#2573=PLANE('',#2876);
#2574=PLANE('',#2877);
#2575=PLANE('',#2878);
#2576=PLANE('',#2879);
#2577=PLANE('',#2880);
#2578=PLANE('',#2881);
#2579=PLANE('',#2882);
#2580=PLANE('',#2883);
#2581=PLANE('',#2884);
#2582=PLANE('',#2885);
#2583=PLANE('',#2886);
#2584=PLANE('',#2888);
#2585=PLANE('',#2889);
#2586=PLANE('',#2890);
#2587=PLANE('',#2891);
#2588=PLANE('',#2898);
#2589=PLANE('',#2902);
#2590=PLANE('',#2906);
#2591=PLANE('',#2907);
#2592=PLANE('',#2914);
#2593=PLANE('',#2918);
#2594=PLANE('',#2922);
#2595=PLANE('',#2923);
#2596=PLANE('',#2929);
#2597=PLANE('',#2930);
#2598=PLANE('',#2935);
#2599=PLANE('',#2936);
#2600=PLANE('',#2941);
#2601=PLANE('',#2942);
#2602=PLANE('',#2947);
#2603=PLANE('',#2948);
#2604=PLANE('',#2953);
#2605=PLANE('',#2954);
#2606=PLANE('',#2959);
#2607=PLANE('',#2960);
#2608=PLANE('',#2965);
#2609=PLANE('',#2966);
#2610=PLANE('',#2971);
#2611=PLANE('',#2972);
#2612=PLANE('',#3039);
#2613=PLANE('',#3040);
#2614=PLANE('',#3041);
#2615=PLANE('',#3045);
#2616=PLANE('',#3049);
#2617=PLANE('',#3053);
#2618=PLANE('',#3057);
#2619=ADVANCED_FACE('',(#2334,#2335,#2336),#2538,.F.);
#2620=ADVANCED_FACE('',(#2337,#2338,#2339,#2340,#2341,#2342),#2539,.T.);
#2621=ADVANCED_FACE('',(#2343,#2344),#2540,.F.);
#2622=ADVANCED_FACE('',(#2345),#2541,.T.);
#2623=ADVANCED_FACE('',(#2346),#2542,.T.);
#2624=ADVANCED_FACE('',(#2347),#2543,.T.);
#2625=ADVANCED_FACE('',(#2348),#2544,.F.);
#2626=ADVANCED_FACE('',(#2349),#58,.T.);
#2627=ADVANCED_FACE('',(#2350),#2545,.F.);
#2628=ADVANCED_FACE('',(#2351),#59,.T.);
#2629=ADVANCED_FACE('',(#2352,#2353),#2546,.F.);
#2630=ADVANCED_FACE('',(#2354),#60,.T.);
#2631=ADVANCED_FACE('',(#2355),#2547,.F.);
#2632=ADVANCED_FACE('',(#2356),#61,.T.);
#2633=ADVANCED_FACE('',(#2357),#2548,.T.);
#2634=ADVANCED_FACE('',(#2358),#2549,.T.);
#2635=ADVANCED_FACE('',(#2359),#2550,.T.);
#2636=ADVANCED_FACE('',(#2360,#2361,#2362),#2551,.T.);
#2637=ADVANCED_FACE('',(#2363),#2552,.T.);
#2638=ADVANCED_FACE('',(#2364),#2553,.F.);
#2639=ADVANCED_FACE('',(#2365),#2554,.F.);
#2640=ADVANCED_FACE('',(#2366),#2555,.F.);
#2641=ADVANCED_FACE('',(#2367),#2556,.T.);
#2642=ADVANCED_FACE('',(#2368,#2369,#2370),#2557,.T.);
#2643=ADVANCED_FACE('',(#2371),#2558,.T.);
#2644=ADVANCED_FACE('',(#2372),#2559,.T.);
#2645=ADVANCED_FACE('',(#2373),#2560,.T.);
#2646=ADVANCED_FACE('',(#2374),#2561,.T.);
#2647=ADVANCED_FACE('',(#2375),#2562,.F.);
#2648=ADVANCED_FACE('',(#2376),#2563,.F.);
#2649=ADVANCED_FACE('',(#2377),#2564,.F.);
#2650=ADVANCED_FACE('',(#2378),#2565,.F.);
#2651=ADVANCED_FACE('',(#2379),#2566,.T.);
#2652=ADVANCED_FACE('',(#2380),#2567,.T.);
#2653=ADVANCED_FACE('',(#2381,#2382,#2383,#2384),#2568,.T.);
#2654=ADVANCED_FACE('',(#2385,#2386,#2387,#2388),#2569,.T.);
#2655=ADVANCED_FACE('',(#2389),#2570,.F.);
#2656=ADVANCED_FACE('',(#2390,#2391),#2571,.F.);
#2657=ADVANCED_FACE('',(#2392,#2393),#2572,.T.);
#2658=ADVANCED_FACE('',(#2394),#2573,.T.);
#2659=ADVANCED_FACE('',(#2395),#2574,.F.);
#2660=ADVANCED_FACE('',(#2396),#2575,.T.);
#2661=ADVANCED_FACE('',(#2397),#2576,.F.);
#2662=ADVANCED_FACE('',(#2398),#2577,.F.);
#2663=ADVANCED_FACE('',(#2399),#2578,.T.);
#2664=ADVANCED_FACE('',(#2400),#2579,.T.);
#2665=ADVANCED_FACE('',(#2401),#2580,.F.);
#2666=ADVANCED_FACE('',(#2402),#2581,.T.);
#2667=ADVANCED_FACE('',(#2403),#2582,.T.);
#2668=ADVANCED_FACE('',(#2404),#2583,.F.);
#2669=ADVANCED_FACE('',(#2405),#2584,.T.);
#2670=ADVANCED_FACE('',(#2406),#2585,.T.);
#2671=ADVANCED_FACE('',(#2407),#2586,.T.);
#2672=ADVANCED_FACE('',(#2408),#2587,.F.);
#2673=ADVANCED_FACE('',(#2409),#62,.T.);
#2674=ADVANCED_FACE('',(#2410),#63,.T.);
#2675=ADVANCED_FACE('',(#2411),#64,.F.);
#2676=ADVANCED_FACE('',(#2412),#2588,.T.);
#2677=ADVANCED_FACE('',(#2413),#65,.F.);
#2678=ADVANCED_FACE('',(#2414),#2589,.F.);
#2679=ADVANCED_FACE('',(#2415),#66,.F.);
#2680=ADVANCED_FACE('',(#2416),#2590,.T.);
#2681=ADVANCED_FACE('',(#2417),#2591,.F.);
#2682=ADVANCED_FACE('',(#2418),#67,.F.);
#2683=ADVANCED_FACE('',(#2419),#68,.F.);
#2684=ADVANCED_FACE('',(#2420),#2592,.T.);
#2685=ADVANCED_FACE('',(#2421),#69,.F.);
#2686=ADVANCED_FACE('',(#2422),#2593,.F.);
#2687=ADVANCED_FACE('',(#2423),#70,.F.);
#2688=ADVANCED_FACE('',(#2424),#2594,.T.);
#2689=ADVANCED_FACE('',(#2425),#2595,.F.);
#2690=ADVANCED_FACE('',(#2426),#71,.F.);
#2691=ADVANCED_FACE('',(#2427),#28,.F.);
#2692=ADVANCED_FACE('',(#2428),#2596,.F.);
#2693=ADVANCED_FACE('',(#2429),#2597,.F.);
#2694=ADVANCED_FACE('',(#2430),#29,.F.);
#2695=ADVANCED_FACE('',(#2431),#30,.F.);
#2696=ADVANCED_FACE('',(#2432),#2598,.T.);
#2697=ADVANCED_FACE('',(#2433),#2599,.T.);
#2698=ADVANCED_FACE('',(#2434),#31,.F.);
#2699=ADVANCED_FACE('',(#2435),#32,.F.);
#2700=ADVANCED_FACE('',(#2436),#2600,.F.);
#2701=ADVANCED_FACE('',(#2437),#2601,.F.);
#2702=ADVANCED_FACE('',(#2438),#33,.F.);
#2703=ADVANCED_FACE('',(#2439),#34,.F.);
#2704=ADVANCED_FACE('',(#2440),#2602,.T.);
#2705=ADVANCED_FACE('',(#2441),#2603,.T.);
#2706=ADVANCED_FACE('',(#2442),#35,.F.);
#2707=ADVANCED_FACE('',(#2443),#36,.F.);
#2708=ADVANCED_FACE('',(#2444),#2604,.F.);
#2709=ADVANCED_FACE('',(#2445),#2605,.F.);
#2710=ADVANCED_FACE('',(#2446),#37,.F.);
#2711=ADVANCED_FACE('',(#2447),#38,.F.);
#2712=ADVANCED_FACE('',(#2448),#2606,.T.);
#2713=ADVANCED_FACE('',(#2449),#2607,.T.);
#2714=ADVANCED_FACE('',(#2450),#39,.F.);
#2715=ADVANCED_FACE('',(#2451),#40,.F.);
#2716=ADVANCED_FACE('',(#2452),#2608,.F.);
#2717=ADVANCED_FACE('',(#2453),#2609,.F.);
#2718=ADVANCED_FACE('',(#2454),#41,.F.);
#2719=ADVANCED_FACE('',(#2455),#42,.F.);
#2720=ADVANCED_FACE('',(#2456),#2610,.T.);
#2721=ADVANCED_FACE('',(#2457),#2611,.T.);
#2722=ADVANCED_FACE('',(#2458),#43,.F.);
#2723=ADVANCED_FACE('',(#2459),#72,.T.);
#2724=ADVANCED_FACE('',(#2460),#12,.T.);
#2725=ADVANCED_FACE('',(#2461),#13,.T.);
#2726=ADVANCED_FACE('',(#2462),#73,.T.);
#2727=ADVANCED_FACE('',(#2463),#74,.T.);
#2728=ADVANCED_FACE('',(#2464),#14,.T.);
#2729=ADVANCED_FACE('',(#2465),#15,.T.);
#2730=ADVANCED_FACE('',(#2466),#75,.T.);
#2731=ADVANCED_FACE('',(#2467),#76,.T.);
#2732=ADVANCED_FACE('',(#2468),#16,.T.);
#2733=ADVANCED_FACE('',(#2469),#17,.T.);
#2734=ADVANCED_FACE('',(#2470),#77,.T.);
#2735=ADVANCED_FACE('',(#2471),#78,.T.);
#2736=ADVANCED_FACE('',(#2472),#18,.T.);
#2737=ADVANCED_FACE('',(#2473),#19,.T.);
#2738=ADVANCED_FACE('',(#2474),#79,.T.);
#2739=ADVANCED_FACE('',(#2475),#80,.T.);
#2740=ADVANCED_FACE('',(#2476),#20,.T.);
#2741=ADVANCED_FACE('',(#2477),#21,.T.);
#2742=ADVANCED_FACE('',(#2478),#81,.T.);
#2743=ADVANCED_FACE('',(#2479),#82,.T.);
#2744=ADVANCED_FACE('',(#2480),#22,.T.);
#2745=ADVANCED_FACE('',(#2481),#23,.T.);
#2746=ADVANCED_FACE('',(#2482),#83,.T.);
#2747=ADVANCED_FACE('',(#2483),#84,.T.);
#2748=ADVANCED_FACE('',(#2484),#24,.T.);
#2749=ADVANCED_FACE('',(#2485),#25,.T.);
#2750=ADVANCED_FACE('',(#2486),#85,.T.);
#2751=ADVANCED_FACE('',(#2487),#86,.T.);
#2752=ADVANCED_FACE('',(#2488),#26,.T.);
#2753=ADVANCED_FACE('',(#2489),#27,.T.);
#2754=ADVANCED_FACE('',(#2490),#87,.T.);
#2755=ADVANCED_FACE('',(#2491),#2612,.F.);
#2756=ADVANCED_FACE('',(#2492),#2613,.F.);
#2757=ADVANCED_FACE('',(#2493),#2614,.T.);
#2758=ADVANCED_FACE('',(#2494,#2495),#88,.F.);
#2759=ADVANCED_FACE('',(#2496),#2615,.T.);
#2760=ADVANCED_FACE('',(#2497,#2498),#89,.F.);
#2761=ADVANCED_FACE('',(#2499),#2616,.T.);
#2762=ADVANCED_FACE('',(#2500,#2501),#90,.F.);
#2763=ADVANCED_FACE('',(#2502),#2617,.F.);
#2764=ADVANCED_FACE('',(#2503,#2504),#91,.F.);
#2765=ADVANCED_FACE('',(#2505),#2618,.F.);
#2766=ADVANCED_FACE('',(#2506,#2507),#92,.F.);
#2767=ADVANCED_FACE('',(#2508,#2509),#93,.F.);
#2768=ADVANCED_FACE('',(#2510,#2511),#94,.F.);
#2769=ADVANCED_FACE('',(#2512,#2513),#95,.F.);
#2770=ADVANCED_FACE('',(#2514,#2515),#96,.F.);
#2771=ADVANCED_FACE('',(#2516,#2517),#97,.F.);
#2772=ADVANCED_FACE('',(#2518,#2519),#44,.F.);
#2773=ADVANCED_FACE('',(#2520,#2521),#45,.F.);
#2774=ADVANCED_FACE('',(#2522,#2523),#46,.F.);
#2775=ADVANCED_FACE('',(#2524,#2525),#47,.F.);
#2776=ADVANCED_FACE('',(#2526,#2527),#48,.F.);
#2777=ADVANCED_FACE('',(#2528,#2529),#49,.F.);
#2778=ADVANCED_FACE('',(#2530,#2531),#50,.F.);
#2779=ADVANCED_FACE('',(#2532,#2533),#51,.F.);
#2780=ADVANCED_FACE('',(#2534,#2535),#52,.F.);
#2781=ADVANCED_FACE('',(#2536,#2537),#53,.F.);
#2782=CLOSED_SHELL('',(#2619,#2620,#2621,#2622,#2623,#2624,#2625,#2626,
#2627,#2628,#2629,#2630,#2631,#2632,#2633,#2634,#2635,#2636,#2637,#2638,
#2639,#2640,#2641,#2642,#2643,#2644,#2645,#2646,#2647,#2648,#2649,#2650,
#2651,#2652,#2653,#2654,#2655,#2656,#2657,#2658,#2659,#2660,#2661,#2662,
#2663,#2664,#2665,#2666,#2667,#2668,#2669,#2670,#2671,#2672,#2673,#2674,
#2675,#2676,#2677,#2678,#2679,#2680,#2681,#2682,#2683,#2684,#2685,#2686,
#2687,#2688,#2689,#2690,#2691,#2692,#2693,#2694,#2695,#2696,#2697,#2698,
#2699,#2700,#2701,#2702,#2703,#2704,#2705,#2706,#2707,#2708,#2709,#2710,
#2711,#2712,#2713,#2714,#2715,#2716,#2717,#2718,#2719,#2720,#2721,#2722,
#2723,#2724,#2725,#2726,#2727,#2728,#2729,#2730,#2731,#2732,#2733,#2734,
#2735,#2736,#2737,#2738,#2739,#2740,#2741,#2742,#2743,#2744,#2745,#2746,
#2747,#2748,#2749,#2750,#2751,#2752,#2753,#2754,#2755,#2756,#2757,#2758,
#2759,#2760,#2761,#2762,#2763,#2764,#2765,#2766,#2767,#2768,#2769,#2770,
#2771,#2772,#2773,#2774,#2775,#2776,#2777,#2778,#2779,#2780,#2781));
#2783=STYLED_ITEM('',(#2784),#2791);
#2784=PRESENTATION_STYLE_ASSIGNMENT((#2785));
#2785=SURFACE_STYLE_USAGE(.BOTH.,#2786);
#2786=SURFACE_SIDE_STYLE('',(#2787));
#2787=SURFACE_STYLE_FILL_AREA(#2788);
#2788=FILL_AREA_STYLE('',(#2789));
#2789=FILL_AREA_STYLE_COLOUR('',#2790);
#2790=COLOUR_RGB('',0.615686274509804,0.811764705882353,0.929411764705882);
#2791=MANIFOLD_SOLID_BREP('Middle Bracket',#2782);
#2792=SHAPE_DEFINITION_REPRESENTATION(#4722,#2793);
#2793=SHAPE_REPRESENTATION('Middle Bracket',(#2794),#4717);
#2794=AXIS2_PLACEMENT_3D('',#3910,#3080,#3081);
#2795=AXIS2_PLACEMENT_3D('',#3911,#3082,#3083);
#2796=AXIS2_PLACEMENT_3D('',#3912,#3084,#3085);
#2797=AXIS2_PLACEMENT_3D('',#3914,#3086,#3087);
#2798=AXIS2_PLACEMENT_3D('',#3924,#3092,#3093);
#2799=AXIS2_PLACEMENT_3D('',#3928,#3095,#3096);
#2800=AXIS2_PLACEMENT_3D('',#3932,#3098,#3099);
#2801=AXIS2_PLACEMENT_3D('',#3936,#3101,#3102);
#2802=AXIS2_PLACEMENT_3D('',#3940,#3104,#3105);
#2803=AXIS2_PLACEMENT_3D('',#3944,#3107,#3108);
#2804=AXIS2_PLACEMENT_3D('',#3948,#3110,#3111);
#2805=AXIS2_PLACEMENT_3D('',#3952,#3113,#3114);
#2806=AXIS2_PLACEMENT_3D('',#3956,#3116,#3117);
#2807=AXIS2_PLACEMENT_3D('',#4021,#3150,#3151);
#2808=AXIS2_PLACEMENT_3D('',#4025,#3153,#3154);
#2809=AXIS2_PLACEMENT_3D('',#4029,#3156,#3157);
#2810=AXIS2_PLACEMENT_3D('',#4033,#3159,#3160);
#2811=AXIS2_PLACEMENT_3D('',#4034,#3161,#3162);
#2812=AXIS2_PLACEMENT_3D('',#4085,#3188,#3189);
#2813=AXIS2_PLACEMENT_3D('',#4089,#3191,#3192);
#2814=AXIS2_PLACEMENT_3D('',#4093,#3194,#3195);
#2815=AXIS2_PLACEMENT_3D('',#4097,#3197,#3198);
#2816=AXIS2_PLACEMENT_3D('',#4104,#3202,#3203);
#2817=AXIS2_PLACEMENT_3D('',#4114,#3209,#3210);
#2818=AXIS2_PLACEMENT_3D('',#4124,#3216,#3217);
#2819=AXIS2_PLACEMENT_3D('',#4133,#3222,#3223);
#2820=AXIS2_PLACEMENT_3D('',#4142,#3228,#3229);
#2821=AXIS2_PLACEMENT_3D('',#4153,#3233,#3234);
#2822=AXIS2_PLACEMENT_3D('',#4154,#3235,#3236);
#2823=AXIS2_PLACEMENT_3D('',#4157,#3238,#3239);
#2824=AXIS2_PLACEMENT_3D('',#4160,#3241,#3242);
#2825=AXIS2_PLACEMENT_3D('',#4166,#3243,#3244);
#2826=AXIS2_PLACEMENT_3D('',#4167,#3245,#3246);
#2827=AXIS2_PLACEMENT_3D('',#4171,#3249,#3250);
#2828=AXIS2_PLACEMENT_3D('',#4181,#3253,#3254);
#2829=AXIS2_PLACEMENT_3D('',#4184,#3256,#3257);
#2830=AXIS2_PLACEMENT_3D('',#4187,#3259,#3260);
#2831=AXIS2_PLACEMENT_3D('',#4188,#3261,#3262);
#2832=AXIS2_PLACEMENT_3D('',#4195,#3264,#3265);
#2833=AXIS2_PLACEMENT_3D('',#4202,#3270,#3271);
#2834=AXIS2_PLACEMENT_3D('',#4207,#3274,#3275);
#2835=AXIS2_PLACEMENT_3D('',#4210,#3278,#3279);
#2836=AXIS2_PLACEMENT_3D('',#4212,#3281,#3282);
#2837=AXIS2_PLACEMENT_3D('',#4213,#3283,#3284);
#2838=AXIS2_PLACEMENT_3D('',#4215,#3285,#3286);
#2839=AXIS2_PLACEMENT_3D('',#4218,#3288,#3289);
#2840=AXIS2_PLACEMENT_3D('',#4220,#3291,#3292);
#2841=AXIS2_PLACEMENT_3D('',#4222,#3294,#3295);
#2842=AXIS2_PLACEMENT_3D('',#4224,#3297,#3298);
#2843=AXIS2_PLACEMENT_3D('',#4226,#3300,#3301);
#2844=AXIS2_PLACEMENT_3D('',#4228,#3303,#3304);
#2845=AXIS2_PLACEMENT_3D('',#4229,#3305,#3306);
#2846=AXIS2_PLACEMENT_3D('',#4231,#3307,#3308);
#2847=AXIS2_PLACEMENT_3D('',#4235,#3311,#3312);
#2848=AXIS2_PLACEMENT_3D('',#4240,#3315,#3316);
#2849=AXIS2_PLACEMENT_3D('',#4243,#3319,#3320);
#2850=AXIS2_PLACEMENT_3D('',#4245,#3322,#3323);
#2851=AXIS2_PLACEMENT_3D('',#4247,#3325,#3326);
#2852=AXIS2_PLACEMENT_3D('',#4249,#3328,#3329);
#2853=AXIS2_PLACEMENT_3D('',#4251,#3331,#3332);
#2854=AXIS2_PLACEMENT_3D('',#4253,#3334,#3335);
#2855=AXIS2_PLACEMENT_3D('',#4255,#3337,#3338);
#2856=AXIS2_PLACEMENT_3D('',#4262,#3343,#3344);
#2857=AXIS2_PLACEMENT_3D('',#4264,#3346,#3347);
#2858=AXIS2_PLACEMENT_3D('',#4265,#3348,#3349);
#2859=AXIS2_PLACEMENT_3D('',#4266,#3350,#3351);
#2860=AXIS2_PLACEMENT_3D('',#4268,#3352,#3353);
#2861=AXIS2_PLACEMENT_3D('',#4270,#3354,#3355);
#2862=AXIS2_PLACEMENT_3D('',#4272,#3356,#3357);
#2863=AXIS2_PLACEMENT_3D('',#4276,#3359,#3360);
#2864=AXIS2_PLACEMENT_3D('',#4280,#3362,#3363);
#2865=AXIS2_PLACEMENT_3D('',#4284,#3365,#3366);
#2866=AXIS2_PLACEMENT_3D('',#4288,#3368,#3369);
#2867=AXIS2_PLACEMENT_3D('',#4292,#3371,#3372);
#2868=AXIS2_PLACEMENT_3D('',#4296,#3374,#3375);
#2869=AXIS2_PLACEMENT_3D('',#4300,#3377,#3378);
#2870=AXIS2_PLACEMENT_3D('',#4304,#3380,#3381);
#2871=AXIS2_PLACEMENT_3D('',#4313,#3386,#3387);
#2872=AXIS2_PLACEMENT_3D('',#4319,#3391,#3392);
#2873=AXIS2_PLACEMENT_3D('',#4320,#3393,#3394);
#2874=AXIS2_PLACEMENT_3D('',#4325,#3397,#3398);
#2875=AXIS2_PLACEMENT_3D('',#4326,#3399,#3400);
#2876=AXIS2_PLACEMENT_3D('',#4331,#3403,#3404);
#2877=AXIS2_PLACEMENT_3D('',#4333,#3406,#3407);
#2878=AXIS2_PLACEMENT_3D('',#4336,#3410,#3411);
#2879=AXIS2_PLACEMENT_3D('',#4339,#3414,#3415);
#2880=AXIS2_PLACEMENT_3D('',#4342,#3418,#3419);
#2881=AXIS2_PLACEMENT_3D('',#4344,#3421,#3422);
#2882=AXIS2_PLACEMENT_3D('',#4346,#3424,#3425);
#2883=AXIS2_PLACEMENT_3D('',#4347,#3426,#3427);
#2884=AXIS2_PLACEMENT_3D('',#4348,#3428,#3429);
#2885=AXIS2_PLACEMENT_3D('',#4349,#3430,#3431);
#2886=AXIS2_PLACEMENT_3D('',#4355,#3435,#3436);
#2887=AXIS2_PLACEMENT_3D('',#4356,#3437,#3438);
#2888=AXIS2_PLACEMENT_3D('',#4358,#3440,#3441);
#2889=AXIS2_PLACEMENT_3D('',#4359,#3442,#3443);
#2890=AXIS2_PLACEMENT_3D('',#4365,#3447,#3448);
#2891=AXIS2_PLACEMENT_3D('',#4367,#3450,#3451);
#2892=AXIS2_PLACEMENT_3D('',#4368,#3452,#3453);
#2893=AXIS2_PLACEMENT_3D('',#4369,#3454,#3455);
#2894=AXIS2_PLACEMENT_3D('',#4370,#3456,#3457);
#2895=AXIS2_PLACEMENT_3D('',#4371,#3458,#3459);
#2896=AXIS2_PLACEMENT_3D('',#4375,#3461,#3462);
#2897=AXIS2_PLACEMENT_3D('',#4379,#3464,#3465);
#2898=AXIS2_PLACEMENT_3D('',#4380,#3466,#3467);
#2899=AXIS2_PLACEMENT_3D('',#4386,#3471,#3472);
#2900=AXIS2_PLACEMENT_3D('',#4390,#3474,#3475);
#2901=AXIS2_PLACEMENT_3D('',#4391,#3476,#3477);
#2902=AXIS2_PLACEMENT_3D('',#4392,#3478,#3479);
#2903=AXIS2_PLACEMENT_3D('',#4398,#3483,#3484);
#2904=AXIS2_PLACEMENT_3D('',#4402,#3486,#3487);
#2905=AXIS2_PLACEMENT_3D('',#4403,#3488,#3489);
#2906=AXIS2_PLACEMENT_3D('',#4404,#3490,#3491);
#2907=AXIS2_PLACEMENT_3D('',#4410,#3495,#3496);
#2908=AXIS2_PLACEMENT_3D('',#4416,#3500,#3501);
#2909=AXIS2_PLACEMENT_3D('',#4417,#3502,#3503);
#2910=AXIS2_PLACEMENT_3D('',#4418,#3504,#3505);
#2911=AXIS2_PLACEMENT_3D('',#4419,#3506,#3507);
#2912=AXIS2_PLACEMENT_3D('',#4423,#3509,#3510);
#2913=AXIS2_PLACEMENT_3D('',#4427,#3512,#3513);
#2914=AXIS2_PLACEMENT_3D('',#4428,#3514,#3515);
#2915=AXIS2_PLACEMENT_3D('',#4434,#3519,#3520);
#2916=AXIS2_PLACEMENT_3D('',#4438,#3522,#3523);
#2917=AXIS2_PLACEMENT_3D('',#4439,#3524,#3525);
#2918=AXIS2_PLACEMENT_3D('',#4440,#3526,#3527);
#2919=AXIS2_PLACEMENT_3D('',#4446,#3531,#3532);
#2920=AXIS2_PLACEMENT_3D('',#4450,#3534,#3535);
#2921=AXIS2_PLACEMENT_3D('',#4451,#3536,#3537);
#2922=AXIS2_PLACEMENT_3D('',#4452,#3538,#3539);
#2923=AXIS2_PLACEMENT_3D('',#4458,#3543,#3544);
#2924=AXIS2_PLACEMENT_3D('',#4464,#3548,#3549);
#2925=AXIS2_PLACEMENT_3D('',#4465,#3550,#3551);
#2926=AXIS2_PLACEMENT_3D('',#4466,#3552,#3553);
#2927=AXIS2_PLACEMENT_3D('',#4467,#3554,#3555);
#2928=AXIS2_PLACEMENT_3D('',#4470,#3557,#3558);
#2929=AXIS2_PLACEMENT_3D('',#4473,#3560,#3561);
#2930=AXIS2_PLACEMENT_3D('',#4477,#3564,#3565);
#2931=AXIS2_PLACEMENT_3D('',#4481,#3568,#3569);
#2932=AXIS2_PLACEMENT_3D('',#4484,#3571,#3572);
#2933=AXIS2_PLACEMENT_3D('',#4485,#3573,#3574);
#2934=AXIS2_PLACEMENT_3D('',#4486,#3575,#3576);
#2935=AXIS2_PLACEMENT_3D('',#4489,#3578,#3579);
#2936=AXIS2_PLACEMENT_3D('',#4493,#3582,#3583);
#2937=AXIS2_PLACEMENT_3D('',#4497,#3586,#3587);
#2938=AXIS2_PLACEMENT_3D('',#4498,#3588,#3589);
#2939=AXIS2_PLACEMENT_3D('',#4499,#3590,#3591);
#2940=AXIS2_PLACEMENT_3D('',#4502,#3593,#3594);
#2941=AXIS2_PLACEMENT_3D('',#4505,#3596,#3597);
#2942=AXIS2_PLACEMENT_3D('',#4509,#3600,#3601);
#2943=AXIS2_PLACEMENT_3D('',#4513,#3604,#3605);
#2944=AXIS2_PLACEMENT_3D('',#4516,#3607,#3608);
#2945=AXIS2_PLACEMENT_3D('',#4517,#3609,#3610);
#2946=AXIS2_PLACEMENT_3D('',#4518,#3611,#3612);
#2947=AXIS2_PLACEMENT_3D('',#4521,#3614,#3615);
#2948=AXIS2_PLACEMENT_3D('',#4525,#3618,#3619);
#2949=AXIS2_PLACEMENT_3D('',#4529,#3622,#3623);
#2950=AXIS2_PLACEMENT_3D('',#4530,#3624,#3625);
#2951=AXIS2_PLACEMENT_3D('',#4531,#3626,#3627);
#2952=AXIS2_PLACEMENT_3D('',#4534,#3629,#3630);
#2953=AXIS2_PLACEMENT_3D('',#4537,#3632,#3633);
#2954=AXIS2_PLACEMENT_3D('',#4541,#3636,#3637);
#2955=AXIS2_PLACEMENT_3D('',#4545,#3640,#3641);
#2956=AXIS2_PLACEMENT_3D('',#4546,#3642,#3643);
#2957=AXIS2_PLACEMENT_3D('',#4549,#3645,#3646);
#2958=AXIS2_PLACEMENT_3D('',#4552,#3648,#3649);
#2959=AXIS2_PLACEMENT_3D('',#4553,#3650,#3651);
#2960=AXIS2_PLACEMENT_3D('',#4557,#3654,#3655);
#2961=AXIS2_PLACEMENT_3D('',#4561,#3658,#3659);
#2962=AXIS2_PLACEMENT_3D('',#4562,#3660,#3661);
#2963=AXIS2_PLACEMENT_3D('',#4563,#3662,#3663);
#2964=AXIS2_PLACEMENT_3D('',#4566,#3665,#3666);
#2965=AXIS2_PLACEMENT_3D('',#4569,#3668,#3669);
#2966=AXIS2_PLACEMENT_3D('',#4573,#3672,#3673);
#2967=AXIS2_PLACEMENT_3D('',#4577,#3676,#3677);
#2968=AXIS2_PLACEMENT_3D('',#4578,#3678,#3679);
#2969=AXIS2_PLACEMENT_3D('',#4581,#3681,#3682);
#2970=AXIS2_PLACEMENT_3D('',#4584,#3684,#3685);
#2971=AXIS2_PLACEMENT_3D('',#4585,#3686,#3687);
#2972=AXIS2_PLACEMENT_3D('',#4589,#3690,#3691);
#2973=AXIS2_PLACEMENT_3D('',#4593,#3694,#3695);
#2974=AXIS2_PLACEMENT_3D('',#4594,#3696,#3697);
#2975=AXIS2_PLACEMENT_3D('',#4595,#3698,#3699);
#2976=AXIS2_PLACEMENT_3D('',#4596,#3700,#3701);
#2977=AXIS2_PLACEMENT_3D('',#4597,#3702,#3703);
#2978=AXIS2_PLACEMENT_3D('',#4598,#3704,#3705);
#2979=AXIS2_PLACEMENT_3D('',#4599,#3706,#3707);
#2980=AXIS2_PLACEMENT_3D('',#4600,#3708,#3709);
#2981=AXIS2_PLACEMENT_3D('',#4601,#3710,#3711);
#2982=AXIS2_PLACEMENT_3D('',#4602,#3712,#3713);
#2983=AXIS2_PLACEMENT_3D('',#4603,#3714,#3715);
#2984=AXIS2_PLACEMENT_3D('',#4604,#3716,#3717);
#2985=AXIS2_PLACEMENT_3D('',#4605,#3718,#3719);
#2986=AXIS2_PLACEMENT_3D('',#4606,#3720,#3721);
#2987=AXIS2_PLACEMENT_3D('',#4607,#3722,#3723);
#2988=AXIS2_PLACEMENT_3D('',#4608,#3724,#3725);
#2989=AXIS2_PLACEMENT_3D('',#4609,#3726,#3727);
#2990=AXIS2_PLACEMENT_3D('',#4610,#3728,#3729);
#2991=AXIS2_PLACEMENT_3D('',#4611,#3730,#3731);
#2992=AXIS2_PLACEMENT_3D('',#4612,#3732,#3733);
#2993=AXIS2_PLACEMENT_3D('',#4613,#3734,#3735);
#2994=AXIS2_PLACEMENT_3D('',#4614,#3736,#3737);
#2995=AXIS2_PLACEMENT_3D('',#4615,#3738,#3739);
#2996=AXIS2_PLACEMENT_3D('',#4616,#3740,#3741);
#2997=AXIS2_PLACEMENT_3D('',#4617,#3742,#3743);
#2998=AXIS2_PLACEMENT_3D('',#4618,#3744,#3745);
#2999=AXIS2_PLACEMENT_3D('',#4619,#3746,#3747);
#3000=AXIS2_PLACEMENT_3D('',#4620,#3748,#3749);
#3001=AXIS2_PLACEMENT_3D('',#4621,#3750,#3751);
#3002=AXIS2_PLACEMENT_3D('',#4622,#3752,#3753);
#3003=AXIS2_PLACEMENT_3D('',#4623,#3754,#3755);
#3004=AXIS2_PLACEMENT_3D('',#4624,#3756,#3757);
#3005=AXIS2_PLACEMENT_3D('',#4625,#3758,#3759);
#3006=AXIS2_PLACEMENT_3D('',#4626,#3760,#3761);
#3007=AXIS2_PLACEMENT_3D('',#4627,#3762,#3763);
#3008=AXIS2_PLACEMENT_3D('',#4628,#3764,#3765);
#3009=AXIS2_PLACEMENT_3D('',#4629,#3766,#3767);
#3010=AXIS2_PLACEMENT_3D('',#4630,#3768,#3769);
#3011=AXIS2_PLACEMENT_3D('',#4631,#3770,#3771);
#3012=AXIS2_PLACEMENT_3D('',#4632,#3772,#3773);
#3013=AXIS2_PLACEMENT_3D('',#4633,#3774,#3775);
#3014=AXIS2_PLACEMENT_3D('',#4634,#3776,#3777);
#3015=AXIS2_PLACEMENT_3D('',#4635,#3778,#3779);
#3016=AXIS2_PLACEMENT_3D('',#4636,#3780,#3781);
#3017=AXIS2_PLACEMENT_3D('',#4637,#3782,#3783);
#3018=AXIS2_PLACEMENT_3D('',#4638,#3784,#3785);
#3019=AXIS2_PLACEMENT_3D('',#4639,#3786,#3787);
#3020=AXIS2_PLACEMENT_3D('',#4640,#3788,#3789);
#3021=AXIS2_PLACEMENT_3D('',#4641,#3790,#3791);
#3022=AXIS2_PLACEMENT_3D('',#4642,#3792,#3793);
#3023=AXIS2_PLACEMENT_3D('',#4643,#3794,#3795);
#3024=AXIS2_PLACEMENT_3D('',#4644,#3796,#3797);
#3025=AXIS2_PLACEMENT_3D('',#4645,#3798,#3799);
#3026=AXIS2_PLACEMENT_3D('',#4646,#3800,#3801);
#3027=AXIS2_PLACEMENT_3D('',#4647,#3802,#3803);
#3028=AXIS2_PLACEMENT_3D('',#4648,#3804,#3805);
#3029=AXIS2_PLACEMENT_3D('',#4649,#3806,#3807);
#3030=AXIS2_PLACEMENT_3D('',#4650,#3808,#3809);
#3031=AXIS2_PLACEMENT_3D('',#4651,#3810,#3811);
#3032=AXIS2_PLACEMENT_3D('',#4652,#3812,#3813);
#3033=AXIS2_PLACEMENT_3D('',#4653,#3814,#3815);
#3034=AXIS2_PLACEMENT_3D('',#4654,#3816,#3817);
#3035=AXIS2_PLACEMENT_3D('',#4655,#3818,#3819);
#3036=AXIS2_PLACEMENT_3D('',#4656,#3820,#3821);
#3037=AXIS2_PLACEMENT_3D('',#4657,#3822,#3823);
#3038=AXIS2_PLACEMENT_3D('',#4658,#3824,#3825);
#3039=AXIS2_PLACEMENT_3D('',#4659,#3826,#3827);
#3040=AXIS2_PLACEMENT_3D('',#4661,#3829,#3830);
#3041=AXIS2_PLACEMENT_3D('',#4663,#3832,#3833);
#3042=AXIS2_PLACEMENT_3D('',#4664,#3834,#3835);
#3043=AXIS2_PLACEMENT_3D('',#4665,#3836,#3837);
#3044=AXIS2_PLACEMENT_3D('',#4667,#3838,#3839);
#3045=AXIS2_PLACEMENT_3D('',#4669,#3840,#3841);
#3046=AXIS2_PLACEMENT_3D('',#4670,#3842,#3843);
#3047=AXIS2_PLACEMENT_3D('',#4671,#3844,#3845);
#3048=AXIS2_PLACEMENT_3D('',#4673,#3846,#3847);
#3049=AXIS2_PLACEMENT_3D('',#4675,#3848,#3849);
#3050=AXIS2_PLACEMENT_3D('',#4676,#3850,#3851);
#3051=AXIS2_PLACEMENT_3D('',#4677,#3852,#3853);
#3052=AXIS2_PLACEMENT_3D('',#4679,#3854,#3855);
#3053=AXIS2_PLACEMENT_3D('',#4681,#3856,#3857);
#3054=AXIS2_PLACEMENT_3D('',#4682,#3858,#3859);
#3055=AXIS2_PLACEMENT_3D('',#4683,#3860,#3861);
#3056=AXIS2_PLACEMENT_3D('',#4685,#3862,#3863);
#3057=AXIS2_PLACEMENT_3D('',#4687,#3864,#3865);
#3058=AXIS2_PLACEMENT_3D('',#4688,#3866,#3867);
#3059=AXIS2_PLACEMENT_3D('',#4689,#3868,#3869);
#3060=AXIS2_PLACEMENT_3D('',#4691,#3870,#3871);
#3061=AXIS2_PLACEMENT_3D('',#4692,#3872,#3873);
#3062=AXIS2_PLACEMENT_3D('',#4694,#3874,#3875);
#3063=AXIS2_PLACEMENT_3D('',#4695,#3876,#3877);
#3064=AXIS2_PLACEMENT_3D('',#4697,#3878,#3879);
#3065=AXIS2_PLACEMENT_3D('',#4698,#3880,#3881);
#3066=AXIS2_PLACEMENT_3D('',#4700,#3882,#3883);
#3067=AXIS2_PLACEMENT_3D('',#4701,#3884,#3885);
#3068=AXIS2_PLACEMENT_3D('',#4703,#3886,#3887);
#3069=AXIS2_PLACEMENT_3D('',#4704,#3888,#3889);
#3070=AXIS2_PLACEMENT_3D('',#4706,#3890,#3891);
#3071=AXIS2_PLACEMENT_3D('',#4707,#3892,#3893);
#3072=AXIS2_PLACEMENT_3D('',#4708,#3894,#3895);
#3073=AXIS2_PLACEMENT_3D('',#4709,#3896,#3897);
#3074=AXIS2_PLACEMENT_3D('',#4710,#3898,#3899);
#3075=AXIS2_PLACEMENT_3D('',#4711,#3900,#3901);
#3076=AXIS2_PLACEMENT_3D('',#4712,#3902,#3903);
#3077=AXIS2_PLACEMENT_3D('',#4713,#3904,#3905);
#3078=AXIS2_PLACEMENT_3D('',#4714,#3906,#3907);
#3079=AXIS2_PLACEMENT_3D('',#4715,#3908,#3909);
#3080=DIRECTION('',(0.,0.,1.));
#3081=DIRECTION('',(1.,0.,0.));
#3082=DIRECTION('',(0.,0.,-1.));
#3083=DIRECTION('',(-1.,0.,0.));
#3084=DIRECTION('',(0.,0.,-1.));
#3085=DIRECTION('',(-1.,0.,0.));
#3086=DIRECTION('',(0.,0.,-1.));
#3087=DIRECTION('',(-1.,0.,0.));
#3088=DIRECTION('',(0.,1.,0.));
#3089=DIRECTION('',(-1.,0.,0.));
#3090=DIRECTION('',(0.,1.,0.));
#3091=DIRECTION('',(-1.,0.,0.));
#3092=DIRECTION('',(0.,-1.,0.));
#3093=DIRECTION('',(1.,0.,0.));
#3094=DIRECTION('',(-1.,0.,0.));
#3095=DIRECTION('',(0.,-1.,0.));
#3096=DIRECTION('',(0.,0.,-1.));
#3097=DIRECTION('',(0.,0.,1.));
#3098=DIRECTION('',(0.,-1.,0.));
#3099=DIRECTION('',(0.,0.,-1.));
#3100=DIRECTION('',(1.,0.,0.));
#3101=DIRECTION('',(0.,-1.,0.));
#3102=DIRECTION('',(0.,0.,-1.));
#3103=DIRECTION('',(0.,0.,-1.));
#3104=DIRECTION('',(0.,-1.,0.));
#3105=DIRECTION('',(0.,0.,-1.));
#3106=DIRECTION('',(-1.,0.,0.));
#3107=DIRECTION('',(0.,-1.,0.));
#3108=DIRECTION('',(0.,0.,-1.));
#3109=DIRECTION('',(0.,0.,1.));
#3110=DIRECTION('',(0.,-1.,0.));
#3111=DIRECTION('',(0.,0.,-1.));
#3112=DIRECTION('',(1.,0.,0.));
#3113=DIRECTION('',(0.,-1.,0.));
#3114=DIRECTION('',(0.,0.,-1.));
#3115=DIRECTION('',(0.,0.,-1.));
#3116=DIRECTION('',(0.,-1.,0.));
#3117=DIRECTION('',(0.,0.,-1.));
#3118=DIRECTION('',(1.,0.,0.));
#3119=DIRECTION('',(0.,0.,1.));
#3120=DIRECTION('',(-1.,0.,0.));
#3121=DIRECTION('',(0.,0.,-1.));
#3122=DIRECTION('',(-1.,0.,0.));
#3123=DIRECTION('',(0.,0.,1.));
#3124=DIRECTION('',(1.,0.,0.));
#3125=DIRECTION('',(0.,0.,-1.));
#3126=DIRECTION('',(-1.,0.,0.));
#3127=DIRECTION('',(0.,0.,1.));
#3128=DIRECTION('',(1.,0.,0.));
#3129=DIRECTION('',(0.,0.,-1.));
#3130=DIRECTION('',(-1.,0.,0.));
#3131=DIRECTION('',(0.,0.,1.));
#3132=DIRECTION('',(1.,0.,0.));
#3133=DIRECTION('',(0.,0.,-1.));
#3134=DIRECTION('',(0.,0.,1.));
#3135=DIRECTION('',(-1.,0.,0.));
#3136=DIRECTION('',(0.,0.,-1.));
#3137=DIRECTION('',(-1.,0.,0.));
#3138=DIRECTION('',(0.,0.,1.));
#3139=DIRECTION('',(1.,0.,0.));
#3140=DIRECTION('',(0.,0.,-1.));
#3141=DIRECTION('',(-1.,0.,0.));
#3142=DIRECTION('',(0.,0.,1.));
#3143=DIRECTION('',(1.,0.,0.));
#3144=DIRECTION('',(0.,0.,-1.));
#3145=DIRECTION('',(1.,0.,0.));
#3146=DIRECTION('',(0.,0.,-1.));
#3147=DIRECTION('',(-1.,0.,0.));
#3148=DIRECTION('',(0.,0.,-1.));
#3149=DIRECTION('',(-1.,0.,0.));
#3150=DIRECTION('',(0.,-1.,0.));
#3151=DIRECTION('',(0.,0.,-1.));
#3152=DIRECTION('',(0.,0.,-1.));
#3153=DIRECTION('',(0.,-1.,0.));
#3154=DIRECTION('',(0.,0.,-1.));
#3155=DIRECTION('',(-1.,0.,-8.45062647376903E-17));
#3156=DIRECTION('',(0.,-1.,0.));
#3157=DIRECTION('',(0.,0.,-1.));
#3158=DIRECTION('',(0.,0.,1.));
#3159=DIRECTION('',(0.,-1.,0.));
#3160=DIRECTION('',(0.,0.,-1.));
#3161=DIRECTION('',(0.,-1.,0.));
#3162=DIRECTION('',(1.,0.,0.));
#3163=DIRECTION('',(0.,0.,-1.));
#3164=DIRECTION('',(1.,0.,0.));
#3165=DIRECTION('',(1.87537673078574E-16,0.,1.));
#3166=DIRECTION('',(1.,0.,0.));
#3167=DIRECTION('',(0.,0.,1.));
#3168=DIRECTION('',(-1.,0.,0.));
#3169=DIRECTION('',(0.,0.,-1.));
#3170=DIRECTION('',(1.,0.,0.));
#3171=DIRECTION('',(0.,0.,1.));
#3172=DIRECTION('',(-1.,0.,0.));
#3173=DIRECTION('',(0.,0.,-1.));
#3174=DIRECTION('',(-1.,0.,0.));
#3175=DIRECTION('',(1.87537673078574E-16,0.,1.));
#3176=DIRECTION('',(1.,0.,0.));
#3177=DIRECTION('',(0.,0.,1.));
#3178=DIRECTION('',(-1.,0.,0.));
#3179=DIRECTION('',(0.,0.,-1.));
#3180=DIRECTION('',(1.,0.,0.));
#3181=DIRECTION('',(0.,0.,1.));
#3182=DIRECTION('',(-1.,0.,0.));
#3183=DIRECTION('',(0.,0.,-1.));
#3184=DIRECTION('',(-1.,0.,0.));
#3185=DIRECTION('',(1.87537673078574E-16,0.,1.));
#3186=DIRECTION('',(-1.,0.,0.));
#3187=DIRECTION('',(0.,0.,-1.));
#3188=DIRECTION('',(0.,-1.,0.));
#3189=DIRECTION('',(0.,0.,-1.));
#3190=DIRECTION('',(0.,0.,1.));
#3191=DIRECTION('',(0.,-1.,0.));
#3192=DIRECTION('',(0.,0.,-1.));
#3193=DIRECTION('',(-1.,0.,-8.45062647376903E-17));
#3194=DIRECTION('',(0.,-1.,0.));
#3195=DIRECTION('',(0.,0.,-1.));
#3196=DIRECTION('',(0.,0.,-1.));
#3197=DIRECTION('',(0.,-1.,0.));
#3198=DIRECTION('',(0.,0.,-1.));
#3199=DIRECTION('',(-1.,0.,0.));
#3200=DIRECTION('',(0.,0.,-1.));
#3201=DIRECTION('',(-1.,0.,0.));
#3202=DIRECTION('',(1.,0.,0.));
#3203=DIRECTION('',(0.,0.,-1.));
#3204=DIRECTION('',(0.,1.,0.));
#3205=DIRECTION('',(0.,0.,-1.));
#3206=DIRECTION('',(0.,1.,0.));
#3207=DIRECTION('',(0.,1.,0.));
#3208=DIRECTION('',(0.,-1.87537673078574E-16,1.));
#3209=DIRECTION('',(1.,0.,0.));
#3210=DIRECTION('',(0.,0.,-1.));
#3211=DIRECTION('',(0.,1.,0.));
#3212=DIRECTION('',(0.,0.,-1.));
#3213=DIRECTION('',(0.,1.,0.));
#3214=DIRECTION('',(0.,1.,0.));
#3215=DIRECTION('',(0.,-1.87537673078574E-16,1.));
#3216=DIRECTION('',(0.,0.,-1.));
#3217=DIRECTION('',(-1.,0.,0.));
#3218=DIRECTION('',(0.,1.,0.));
#3219=DIRECTION('',(1.,0.,0.));
#3220=DIRECTION('',(0.,1.,0.));
#3221=DIRECTION('',(-1.,0.,0.));
#3222=DIRECTION('',(0.,0.,-1.));
#3223=DIRECTION('',(-1.,0.,0.));
#3224=DIRECTION('',(0.,1.,0.));
#3225=DIRECTION('',(-1.,0.,0.));
#3226=DIRECTION('',(0.,1.,0.));
#3227=DIRECTION('',(-1.,0.,0.));
#3228=DIRECTION('',(0.,1.,0.));
#3229=DIRECTION('',(0.,0.,1.));
#3230=DIRECTION('',(0.,1.,0.));
#3231=DIRECTION('',(0.,1.,0.));
#3232=DIRECTION('',(0.,1.,0.));
#3233=DIRECTION('',(-1.,0.,0.));
#3234=DIRECTION('',(0.,0.,1.));
#3235=DIRECTION('',(-1.,0.,0.));
#3236=DIRECTION('',(0.,0.,1.));
#3237=DIRECTION('',(0.,1.,0.));
#3238=DIRECTION('',(-1.,0.,0.));
#3239=DIRECTION('',(0.,0.,1.));
#3240=DIRECTION('',(0.,1.,0.));
#3241=DIRECTION('',(0.,1.,0.));
#3242=DIRECTION('',(0.,0.,1.));
#3243=DIRECTION('',(0.,0.,-1.));
#3244=DIRECTION('',(-1.,0.,0.));
#3245=DIRECTION('',(0.,0.,-1.));
#3246=DIRECTION('',(-1.,0.,0.));
#3247=DIRECTION('',(0.,1.,0.));
#3248=DIRECTION('',(0.,1.,0.));
#3249=DIRECTION('',(0.,1.,0.));
#3250=DIRECTION('',(0.,0.,1.));
#3251=DIRECTION('',(0.,1.,0.));
#3252=DIRECTION('',(0.,1.,0.));
#3253=DIRECTION('',(1.,0.,0.));
#3254=DIRECTION('',(0.,0.,-1.));
#3255=DIRECTION('',(0.,1.,0.));
#3256=DIRECTION('',(1.,0.,0.));
#3257=DIRECTION('',(0.,0.,-1.));
#3258=DIRECTION('',(0.,1.,0.));
#3259=DIRECTION('',(1.,0.,0.));
#3260=DIRECTION('',(0.,0.,-1.));
#3261=DIRECTION('',(0.,1.,0.));
#3262=DIRECTION('',(0.,0.,1.));
#3263=DIRECTION('',(0.,1.,0.));
#3264=DIRECTION('',(-1.,0.,1.87537673078574E-16));
#3265=DIRECTION('',(1.87537673078574E-16,0.,1.));
#3266=DIRECTION('',(1.32609160361805E-16,0.707106781186548,0.707106781186548));
#3267=DIRECTION('',(-1.87537673078574E-16,0.,-1.));
#3268=DIRECTION('',(-1.32609160361805E-16,0.707106781186548,-0.707106781186548));
#3269=DIRECTION('',(-1.87537673078574E-16,0.,-1.));
#3270=DIRECTION('',(0.,0.,-1.));
#3271=DIRECTION('',(-1.,0.,0.));
#3272=DIRECTION('',(0.,-1.,0.));
#3273=DIRECTION('',(-1.,0.,0.));
#3274=DIRECTION('',(0.,0.,-1.));
#3275=DIRECTION('',(-1.,0.,0.));
#3276=DIRECTION('',(0.707106781186548,0.707106781186548,0.));
#3277=DIRECTION('',(0.,1.,0.));
#3278=DIRECTION('',(1.,0.,0.));
#3279=DIRECTION('',(0.,0.,-1.));
#3280=DIRECTION('',(0.,1.,0.));
#3281=DIRECTION('',(0.,0.,-1.));
#3282=DIRECTION('',(-1.,0.,0.));
#3283=DIRECTION('',(0.,0.,-1.));
#3284=DIRECTION('',(-1.,0.,0.));
#3285=DIRECTION('',(0.,0.,-1.));
#3286=DIRECTION('',(-1.,0.,0.));
#3287=DIRECTION('',(0.,1.,0.));
#3288=DIRECTION('',(-1.,0.,0.));
#3289=DIRECTION('',(0.,0.,1.));
#3290=DIRECTION('',(0.,1.,0.));
#3291=DIRECTION('',(0.,0.,1.));
#3292=DIRECTION('',(1.,0.,0.));
#3293=DIRECTION('',(0.,1.,0.));
#3294=DIRECTION('',(1.,0.,0.));
#3295=DIRECTION('',(0.,0.,-1.));
#3296=DIRECTION('',(0.,1.,0.));
#3297=DIRECTION('',(0.,0.,-1.));
#3298=DIRECTION('',(-1.,0.,0.));
#3299=DIRECTION('',(0.,1.,0.));
#3300=DIRECTION('',(-1.,0.,0.));
#3301=DIRECTION('',(0.,0.,1.));
#3302=DIRECTION('',(0.,1.,0.));
#3303=DIRECTION('',(0.,0.,1.));
#3304=DIRECTION('',(1.,0.,0.));
#3305=DIRECTION('',(0.,0.,1.));
#3306=DIRECTION('',(1.,0.,0.));
#3307=DIRECTION('',(0.,0.,1.));
#3308=DIRECTION('',(1.,0.,0.));
#3309=DIRECTION('',(-0.707106781186548,-0.707106781186548,0.));
#3310=DIRECTION('',(0.,1.,0.));
#3311=DIRECTION('',(0.,0.,-1.));
#3312=DIRECTION('',(-1.,0.,0.));
#3313=DIRECTION('',(0.,-1.,0.));
#3314=DIRECTION('',(-1.,0.,0.));
#3315=DIRECTION('',(0.,0.,-1.));
#3316=DIRECTION('',(-1.,0.,0.));
#3317=DIRECTION('',(0.707106781186548,0.707106781186548,0.));
#3318=DIRECTION('',(0.,1.,0.));
#3319=DIRECTION('',(1.,0.,0.));
#3320=DIRECTION('',(0.,0.,-1.));
#3321=DIRECTION('',(0.,1.,0.));
#3322=DIRECTION('',(0.,0.,-1.));
#3323=DIRECTION('',(-1.,0.,0.));
#3324=DIRECTION('',(0.,1.,0.));
#3325=DIRECTION('',(-1.,0.,0.));
#3326=DIRECTION('',(0.,0.,1.));
#3327=DIRECTION('',(0.,1.,0.));
#3328=DIRECTION('',(0.,0.,1.));
#3329=DIRECTION('',(1.,0.,0.));
#3330=DIRECTION('',(0.,1.,0.));
#3331=DIRECTION('',(1.,0.,0.));
#3332=DIRECTION('',(0.,0.,-1.));
#3333=DIRECTION('',(0.,1.,0.));
#3334=DIRECTION('',(0.,0.,-1.));
#3335=DIRECTION('',(-1.,0.,0.));
#3336=DIRECTION('',(0.,1.,0.));
#3337=DIRECTION('',(-1.,0.,0.));
#3338=DIRECTION('',(0.,0.,1.));
#3339=DIRECTION('',(0.,-0.707106781186548,0.707106781186548));
#3340=DIRECTION('',(0.,0.,1.));
#3341=DIRECTION('',(0.,-0.707106781186548,-0.707106781186548));
#3342=DIRECTION('',(0.,0.,-1.));
#3343=DIRECTION('',(0.,0.,1.));
#3344=DIRECTION('',(1.,0.,0.));
#3345=DIRECTION('',(-0.707106781186548,-0.707106781186548,0.));
#3346=DIRECTION('',(-1.,0.,0.));
#3347=DIRECTION('',(0.,0.,1.));
#3348=DIRECTION('',(8.45062647376903E-17,0.,-1.));
#3349=DIRECTION('',(-1.,0.,-8.45062647376903E-17));
#3350=DIRECTION('',(8.45062647376903E-17,0.,-1.));
#3351=DIRECTION('',(-1.,0.,-8.45062647376903E-17));
#3352=DIRECTION('',(8.45062647376903E-17,0.,-1.));
#3353=DIRECTION('',(-1.,0.,-8.45062647376903E-17));
#3354=DIRECTION('',(8.45062647376903E-17,0.,-1.));
#3355=DIRECTION('',(-1.,0.,-8.45062647376903E-17));
#3356=DIRECTION('',(0.,1.,0.));
#3357=DIRECTION('',(-1.,0.,0.));
#3358=DIRECTION('',(0.,0.,-1.));
#3359=DIRECTION('',(0.,1.,0.));
#3360=DIRECTION('',(0.,0.,1.));
#3361=DIRECTION('',(1.,0.,0.));
#3362=DIRECTION('',(0.,1.,0.));
#3363=DIRECTION('',(0.,0.,1.));
#3364=DIRECTION('',(0.,0.,1.));
#3365=DIRECTION('',(0.,1.,0.));
#3366=DIRECTION('',(0.,0.,1.));
#3367=DIRECTION('',(-1.,0.,0.));
#3368=DIRECTION('',(0.,1.,0.));
#3369=DIRECTION('',(0.,0.,1.));
#3370=DIRECTION('',(0.,0.,-1.));
#3371=DIRECTION('',(0.,1.,0.));
#3372=DIRECTION('',(0.,0.,1.));
#3373=DIRECTION('',(1.,0.,0.));
#3374=DIRECTION('',(0.,1.,0.));
#3375=DIRECTION('',(0.,0.,1.));
#3376=DIRECTION('',(0.,0.,1.));
#3377=DIRECTION('',(0.,1.,0.));
#3378=DIRECTION('',(0.,0.,1.));
#3379=DIRECTION('',(-1.,0.,0.));
#3380=DIRECTION('',(0.,1.,0.));
#3381=DIRECTION('',(0.,0.,1.));
#3382=DIRECTION('',(0.,0.,-1.));
#3383=DIRECTION('',(1.,0.,0.));
#3384=DIRECTION('',(0.,0.,-1.));
#3385=DIRECTION('',(1.,0.,0.));
#3386=DIRECTION('',(-1.,0.,0.));
#3387=DIRECTION('',(0.,0.,1.));
#3388=DIRECTION('',(0.,-1.,0.));
#3389=DIRECTION('',(0.,0.,-1.));
#3390=DIRECTION('',(0.,-1.,0.));
#3391=DIRECTION('',(0.,0.,-1.));
#3392=DIRECTION('',(-1.,0.,0.));
#3393=DIRECTION('',(0.,0.,-1.));
#3394=DIRECTION('',(-1.,0.,0.));
#3395=DIRECTION('',(1.,0.,0.));
#3396=DIRECTION('',(0.,-1.,0.));
#3397=DIRECTION('',(0.,0.,-1.));
#3398=DIRECTION('',(-1.,0.,0.));
#3399=DIRECTION('',(0.,0.,-1.));
#3400=DIRECTION('',(-1.,0.,0.));
#3401=DIRECTION('',(0.,-1.,0.));
#3402=DIRECTION('',(-1.,0.,0.));
#3403=DIRECTION('',(-1.,0.,0.));
#3404=DIRECTION('',(0.,0.,1.));
#3405=DIRECTION('',(0.,0.,1.));
#3406=DIRECTION('',(-0.707106781186548,-0.707106781186548,0.));
#3407=DIRECTION('',(0.,0.,1.));
#3408=DIRECTION('',(-0.577350269189626,0.577350269189626,-0.577350269189626));
#3409=DIRECTION('',(-0.577350269189626,0.577350269189626,0.577350269189626));
#3410=DIRECTION('',(-0.707106781186548,0.707106781186548,1.32609160361805E-16));
#3411=DIRECTION('',(-1.87537673078574E-16,0.,-1.));
#3412=DIRECTION('',(0.577350269189626,0.577350269189626,-0.577350269189626));
#3413=DIRECTION('',(0.577350269189626,0.577350269189626,0.577350269189626));
#3414=DIRECTION('',(0.707106781186545,0.70710678118655,0.));
#3415=DIRECTION('',(0.,0.,-1.));
#3416=DIRECTION('',(0.577350269189627,-0.577350269189623,-0.577350269189627));
#3417=DIRECTION('',(-0.577350269189627,0.577350269189623,-0.577350269189627));
#3418=DIRECTION('',(0.,0.70710678118655,0.707106781186545));
#3419=DIRECTION('',(1.,0.,0.));
#3420=DIRECTION('',(-0.577350269189627,-0.577350269189623,0.577350269189627));
#3421=DIRECTION('',(0.,-0.70710678118655,0.707106781186545));
#3422=DIRECTION('',(-1.,0.,0.));
#3423=DIRECTION('',(-0.577350269189627,-0.577350269189623,-0.577350269189627));
#3424=DIRECTION('',(0.707106781186545,-0.70710678118655,0.));
#3425=DIRECTION('',(0.,0.,1.));
#3426=DIRECTION('',(0.,-0.707106781186548,-0.707106781186548));
#3427=DIRECTION('',(-1.,0.,0.));
#3428=DIRECTION('',(0.,0.707106781186548,-0.707106781186548));
#3429=DIRECTION('',(1.,0.,0.));
#3430=DIRECTION('',(0.,-1.,0.));
#3431=DIRECTION('',(0.,0.,-1.));
#3432=DIRECTION('',(-1.,0.,0.));
#3433=DIRECTION('',(0.,0.,-1.));
#3434=DIRECTION('',(0.,0.,-1.));
#3435=DIRECTION('',(0.,0.,-1.));
#3436=DIRECTION('',(-1.,0.,0.));
#3437=DIRECTION('',(0.,0.,-1.));
#3438=DIRECTION('',(-1.,0.,0.));
#3439=DIRECTION('',(0.,-1.,0.));
#3440=DIRECTION('',(1.,0.,0.));
#3441=DIRECTION('',(0.,0.,-1.));
#3442=DIRECTION('',(0.,-1.,0.));
#3443=DIRECTION('',(0.,0.,-1.));
#3444=DIRECTION('',(-1.,0.,0.));
#3445=DIRECTION('',(0.,0.,-1.));
#3446=DIRECTION('',(0.,0.,-1.));
#3447=DIRECTION('',(1.,0.,0.));
#3448=DIRECTION('',(0.,0.,-1.));
#3449=DIRECTION('',(0.,-1.,0.));
#3450=DIRECTION('',(0.,0.,-1.));
#3451=DIRECTION('',(-1.,0.,0.));
#3452=DIRECTION('',(0.,0.,-1.));
#3453=DIRECTION('',(-1.,0.,0.));
#3454=DIRECTION('',(0.,0.,-1.));
#3455=DIRECTION('',(-1.,0.,0.));
#3456=DIRECTION('',(0.,0.,-1.));
#3457=DIRECTION('',(-1.,0.,0.));
#3458=DIRECTION('',(0.,-1.,0.));
#3459=DIRECTION('',(0.,0.,-1.));
#3460=DIRECTION('',(0.,-1.,0.));
#3461=DIRECTION('',(0.,-1.,0.));
#3462=DIRECTION('',(0.,0.,-1.));
#3463=DIRECTION('',(0.,-1.,0.));
#3464=DIRECTION('',(0.,1.,0.));
#3465=DIRECTION('',(0.,0.,1.));
#3466=DIRECTION('',(0.,0.,-1.));
#3467=DIRECTION('',(-1.,0.,0.));
#3468=DIRECTION('',(0.,-1.,0.));
#3469=DIRECTION('',(-1.,0.,0.));
#3470=DIRECTION('',(1.,0.,0.));
#3471=DIRECTION('',(0.,-1.,0.));
#3472=DIRECTION('',(0.,0.,-1.));
#3473=DIRECTION('',(0.,-1.,0.));
#3474=DIRECTION('',(0.,-1.,0.));
#3475=DIRECTION('',(0.,0.,-1.));
#3476=DIRECTION('',(0.,1.,0.));
#3477=DIRECTION('',(0.,0.,1.));
#3478=DIRECTION('',(-1.,0.,0.));
#3479=DIRECTION('',(0.,0.,1.));
#3480=DIRECTION('',(0.,-1.,0.));
#3481=DIRECTION('',(0.,0.,1.));
#3482=DIRECTION('',(0.,0.,-1.));
#3483=DIRECTION('',(0.,-1.,0.));
#3484=DIRECTION('',(0.,0.,-1.));
#3485=DIRECTION('',(0.,-1.,0.));
#3486=DIRECTION('',(0.,-1.,0.));
#3487=DIRECTION('',(0.,0.,-1.));
#3488=DIRECTION('',(0.,1.,0.));
#3489=DIRECTION('',(0.,0.,1.));
#3490=DIRECTION('',(-1.,0.,0.));
#3491=DIRECTION('',(0.,0.,1.));
#3492=DIRECTION('',(0.,0.,1.));
#3493=DIRECTION('',(0.,-1.,0.));
#3494=DIRECTION('',(0.,0.,-1.));
#3495=DIRECTION('',(0.,0.,-1.));
#3496=DIRECTION('',(-1.,0.,0.));
#3497=DIRECTION('',(0.,-1.,0.));
#3498=DIRECTION('',(-1.,0.,0.));
#3499=DIRECTION('',(1.,0.,0.));
#3500=DIRECTION('',(0.,-1.,0.));
#3501=DIRECTION('',(0.,0.,-1.));
#3502=DIRECTION('',(0.,-1.,0.));
#3503=DIRECTION('',(0.,0.,-1.));
#3504=DIRECTION('',(0.,1.,0.));
#3505=DIRECTION('',(0.,0.,1.));
#3506=DIRECTION('',(0.,-1.,0.));
#3507=DIRECTION('',(0.,0.,-1.));
#3508=DIRECTION('',(0.,-1.,0.));
#3509=DIRECTION('',(0.,-1.,0.));
#3510=DIRECTION('',(0.,0.,-1.));
#3511=DIRECTION('',(0.,-1.,0.));
#3512=DIRECTION('',(0.,1.,0.));
#3513=DIRECTION('',(0.,0.,1.));
#3514=DIRECTION('',(0.,0.,-1.));
#3515=DIRECTION('',(-1.,0.,0.));
#3516=DIRECTION('',(0.,-1.,0.));
#3517=DIRECTION('',(-1.,0.,0.));
#3518=DIRECTION('',(1.,0.,0.));
#3519=DIRECTION('',(0.,-1.,0.));
#3520=DIRECTION('',(0.,0.,-1.));
#3521=DIRECTION('',(0.,-1.,0.));
#3522=DIRECTION('',(0.,-1.,0.));
#3523=DIRECTION('',(0.,0.,-1.));
#3524=DIRECTION('',(0.,1.,0.));
#3525=DIRECTION('',(0.,0.,1.));
#3526=DIRECTION('',(-1.,0.,0.));
#3527=DIRECTION('',(0.,0.,1.));
#3528=DIRECTION('',(0.,-1.,0.));
#3529=DIRECTION('',(0.,0.,1.));
#3530=DIRECTION('',(0.,0.,-1.));
#3531=DIRECTION('',(0.,-1.,0.));
#3532=DIRECTION('',(0.,0.,-1.));
#3533=DIRECTION('',(0.,-1.,0.));
#3534=DIRECTION('',(0.,-1.,0.));
#3535=DIRECTION('',(0.,0.,-1.));
#3536=DIRECTION('',(0.,1.,0.));
#3537=DIRECTION('',(0.,0.,1.));
#3538=DIRECTION('',(-1.,0.,0.));
#3539=DIRECTION('',(0.,0.,1.));
#3540=DIRECTION('',(0.,0.,1.));
#3541=DIRECTION('',(0.,-1.,0.));
#3542=DIRECTION('',(0.,0.,-1.));
#3543=DIRECTION('',(0.,0.,-1.));
#3544=DIRECTION('',(-1.,0.,0.));
#3545=DIRECTION('',(0.,-1.,0.));
#3546=DIRECTION('',(-1.,0.,0.));
#3547=DIRECTION('',(1.,0.,0.));
#3548=DIRECTION('',(0.,-1.,0.));
#3549=DIRECTION('',(0.,0.,-1.));
#3550=DIRECTION('',(0.,-1.,0.));
#3551=DIRECTION('',(0.,0.,-1.));
#3552=DIRECTION('',(0.,1.,0.));
#3553=DIRECTION('',(0.,0.,1.));
#3554=DIRECTION('',(0.,-1.,0.));
#3555=DIRECTION('',(0.,0.,-1.));
#3556=DIRECTION('',(0.,-0.707106781186547,0.707106781186548));
#3557=DIRECTION('',(0.,-1.,0.));
#3558=DIRECTION('',(0.,0.,-1.));
#3559=DIRECTION('',(-0.707106781186548,0.707106781186548,0.));
#3560=DIRECTION('',(0.,0.707106781186547,0.707106781186548));
#3561=DIRECTION('',(1.,0.,0.));
#3562=DIRECTION('',(0.,-0.707106781186548,0.707106781186547));
#3563=DIRECTION('',(-1.,0.,0.));
#3564=DIRECTION('',(0.707106781186548,0.707106781186548,0.));
#3565=DIRECTION('',(0.,0.,-1.));
#3566=DIRECTION('',(0.,0.,1.));
#3567=DIRECTION('',(-0.707106781186548,0.707106781186548,0.));
#3568=DIRECTION('',(0.,-1.,0.));
#3569=DIRECTION('',(0.,0.,-1.));
#3570=DIRECTION('',(-0.707106781186548,-0.707106781186548,1.02219561112225E-16));
#3571=DIRECTION('',(0.,-1.,0.));
#3572=DIRECTION('',(0.,0.,-1.));
#3573=DIRECTION('',(0.,-1.,0.));
#3574=DIRECTION('',(0.,0.,-1.));
#3575=DIRECTION('',(0.,-1.,0.));
#3576=DIRECTION('',(0.,0.,-1.));
#3577=DIRECTION('',(0.,0.707106781186547,0.707106781186548));
#3578=DIRECTION('',(0.707106781186548,-0.707106781186548,0.));
#3579=DIRECTION('',(0.,0.,1.));
#3580=DIRECTION('',(-0.707106781186548,-0.707106781186548,0.));
#3581=DIRECTION('',(0.,0.,-1.));
#3582=DIRECTION('',(0.,-0.707106781186547,0.707106781186548));
#3583=DIRECTION('',(-1.,0.,0.));
#3584=DIRECTION('',(1.,0.,0.));
#3585=DIRECTION('',(0.,0.707106781186548,0.707106781186547));
#3586=DIRECTION('',(0.,-1.,0.));
#3587=DIRECTION('',(0.,0.,-1.));
#3588=DIRECTION('',(0.,-1.,0.));
#3589=DIRECTION('',(0.,0.,-1.));
#3590=DIRECTION('',(0.,-1.,0.));
#3591=DIRECTION('',(0.,0.,-1.));
#3592=DIRECTION('',(0.,-0.707106781186548,0.707106781186548));
#3593=DIRECTION('',(0.,-1.,0.));
#3594=DIRECTION('',(0.,0.,-1.));
#3595=DIRECTION('',(-0.707106781186548,0.707106781186548,0.));
#3596=DIRECTION('',(0.,0.707106781186548,0.707106781186548));
#3597=DIRECTION('',(1.,0.,0.));
#3598=DIRECTION('',(0.,-0.707106781186548,0.707106781186548));
#3599=DIRECTION('',(-1.,0.,0.));
#3600=DIRECTION('',(0.707106781186548,0.707106781186548,0.));
#3601=DIRECTION('',(0.,0.,-1.));
#3602=DIRECTION('',(0.,0.,1.));
#3603=DIRECTION('',(-0.707106781186548,0.707106781186548,0.));
#3604=DIRECTION('',(0.,-1.,0.));
#3605=DIRECTION('',(0.,0.,-1.));
#3606=DIRECTION('',(-0.707106781186548,-0.707106781186548,4.90653893338679E-15));
#3607=DIRECTION('',(0.,-1.,0.));
#3608=DIRECTION('',(0.,0.,-1.));
#3609=DIRECTION('',(0.,-1.,0.));
#3610=DIRECTION('',(0.,0.,-1.));
#3611=DIRECTION('',(0.,-1.,0.));
#3612=DIRECTION('',(0.,0.,-1.));
#3613=DIRECTION('',(0.,0.707106781186547,0.707106781186548));
#3614=DIRECTION('',(0.707106781186548,-0.707106781186548,0.));
#3615=DIRECTION('',(0.,0.,1.));
#3616=DIRECTION('',(-0.707106781186548,-0.707106781186548,-4.90653893338679E-15));
#3617=DIRECTION('',(0.,0.,-1.));
#3618=DIRECTION('',(0.,-0.707106781186547,0.707106781186548));
#3619=DIRECTION('',(-1.,0.,0.));
#3620=DIRECTION('',(1.,0.,0.));
#3621=DIRECTION('',(0.,0.707106781186548,0.707106781186547));
#3622=DIRECTION('',(0.,-1.,0.));
#3623=DIRECTION('',(0.,0.,-1.));
#3624=DIRECTION('',(0.,-1.,0.));
#3625=DIRECTION('',(0.,0.,-1.));
#3626=DIRECTION('',(0.,1.,0.));
#3627=DIRECTION('',(0.,0.,1.));
#3628=DIRECTION('',(0.707106781186548,0.707106781186548,0.));
#3629=DIRECTION('',(0.,1.,0.));
#3630=DIRECTION('',(0.,0.,1.));
#3631=DIRECTION('',(0.,-0.707106781186548,-0.707106781186547));
#3632=DIRECTION('',(0.,-0.707106781186547,0.707106781186548));
#3633=DIRECTION('',(1.,0.,0.));
#3634=DIRECTION('',(1.,0.,0.));
#3635=DIRECTION('',(0.,-0.707106781186548,-0.707106781186547));
#3636=DIRECTION('',(0.707106781186548,-0.707106781186548,0.));
#3637=DIRECTION('',(0.,0.,-1.));
#3638=DIRECTION('',(0.707106781186548,0.707106781186548,0.));
#3639=DIRECTION('',(0.,0.,-1.));
#3640=DIRECTION('',(0.,1.,0.));
#3641=DIRECTION('',(0.,0.,1.));
#3642=DIRECTION('',(0.,1.,0.));
#3643=DIRECTION('',(0.,0.,1.));
#3644=DIRECTION('',(0.707106781186548,-0.707106781186548,-1.02219561112225E-16));
#3645=DIRECTION('',(0.,1.,0.));
#3646=DIRECTION('',(0.,0.,1.));
#3647=DIRECTION('',(0.,0.707106781186547,-0.707106781186548));
#3648=DIRECTION('',(0.,1.,0.));
#3649=DIRECTION('',(0.,0.,1.));
#3650=DIRECTION('',(0.707106781186548,0.707106781186548,0.));
#3651=DIRECTION('',(0.,0.,1.));
#3652=DIRECTION('',(0.,0.,1.));
#3653=DIRECTION('',(0.707106781186548,-0.707106781186548,0.));
#3654=DIRECTION('',(0.,0.707106781186548,0.707106781186548));
#3655=DIRECTION('',(-1.,0.,0.));
#3656=DIRECTION('',(0.,0.707106781186548,-0.707106781186548));
#3657=DIRECTION('',(-1.,0.,0.));
#3658=DIRECTION('',(0.,1.,0.));
#3659=DIRECTION('',(0.,0.,1.));
#3660=DIRECTION('',(0.,1.,0.));
#3661=DIRECTION('',(0.,0.,1.));
#3662=DIRECTION('',(0.,1.,0.));
#3663=DIRECTION('',(0.,0.,1.));
#3664=DIRECTION('',(0.707106781186548,0.707106781186548,0.));
#3665=DIRECTION('',(0.,1.,0.));
#3666=DIRECTION('',(0.,0.,1.));
#3667=DIRECTION('',(0.,-0.707106781186548,-0.707106781186548));
#3668=DIRECTION('',(0.,-0.707106781186546,0.707106781186549));
#3669=DIRECTION('',(1.,0.,0.));
#3670=DIRECTION('',(1.,0.,0.));
#3671=DIRECTION('',(0.,-0.707106781186549,-0.707106781186546));
#3672=DIRECTION('',(0.707106781186548,-0.707106781186548,0.));
#3673=DIRECTION('',(0.,0.,-1.));
#3674=DIRECTION('',(0.707106781186548,0.707106781186548,0.));
#3675=DIRECTION('',(0.,0.,-1.));
#3676=DIRECTION('',(0.,1.,0.));
#3677=DIRECTION('',(0.,0.,1.));
#3678=DIRECTION('',(0.,1.,0.));
#3679=DIRECTION('',(0.,0.,1.));
#3680=DIRECTION('',(0.707106781186544,-0.707106781186551,-4.90653893338682E-15));
#3681=DIRECTION('',(0.,1.,0.));
#3682=DIRECTION('',(0.,0.,1.));
#3683=DIRECTION('',(0.,0.707106781186547,-0.707106781186548));
#3684=DIRECTION('',(0.,1.,0.));
#3685=DIRECTION('',(0.,0.,1.));
#3686=DIRECTION('',(0.707106781186548,0.707106781186548,0.));
#3687=DIRECTION('',(0.,0.,1.));
#3688=DIRECTION('',(0.,0.,1.));
#3689=DIRECTION('',(0.707106781186548,-0.707106781186548,4.90653893338679E-15));
#3690=DIRECTION('',(0.,0.707106781186547,0.707106781186548));
#3691=DIRECTION('',(-1.,0.,0.));
#3692=DIRECTION('',(0.,0.707106781186548,-0.707106781186547));
#3693=DIRECTION('',(-1.,0.,0.));
#3694=DIRECTION('',(0.,1.,0.));
#3695=DIRECTION('',(0.,0.,1.));
#3696=DIRECTION('',(0.,1.,0.));
#3697=DIRECTION('',(0.,0.,1.));
#3698=DIRECTION('',(1.,0.,0.));
#3699=DIRECTION('',(0.,0.,-1.));
#3700=DIRECTION('',(1.,0.,0.));
#3701=DIRECTION('',(0.,0.,-1.));
#3702=DIRECTION('',(-1.,0.,0.));
#3703=DIRECTION('',(0.,0.,1.));
#3704=DIRECTION('',(0.,-1.,0.));
#3705=DIRECTION('',(0.,0.,-1.));
#3706=DIRECTION('',(0.,0.,1.));
#3707=DIRECTION('',(1.,0.,0.));
#3708=DIRECTION('',(0.,-1.,0.));
#3709=DIRECTION('',(0.,0.,-1.));
#3710=DIRECTION('',(0.,0.,1.));
#3711=DIRECTION('',(1.,0.,0.));
#3712=DIRECTION('',(0.,0.,-1.));
#3713=DIRECTION('',(-1.,0.,0.));
#3714=DIRECTION('',(0.,-6.13317366673349E-17,1.));
#3715=DIRECTION('',(0.,-1.,-6.13317366673349E-17));
#3716=DIRECTION('',(0.,0.,1.));
#3717=DIRECTION('',(1.,0.,0.));
#3718=DIRECTION('',(0.,0.,1.));
#3719=DIRECTION('',(1.,0.,0.));
#3720=DIRECTION('',(0.,-1.,0.));
#3721=DIRECTION('',(0.,0.,-1.));
#3722=DIRECTION('',(1.,0.,0.));
#3723=DIRECTION('',(0.,0.,-1.));
#3724=DIRECTION('',(0.,-1.,0.));
#3725=DIRECTION('',(0.,0.,-1.));
#3726=DIRECTION('',(-1.,0.,0.));
#3727=DIRECTION('',(0.,0.,1.));
#3728=DIRECTION('',(-1.,0.,0.));
#3729=DIRECTION('',(0.,0.,1.));
#3730=DIRECTION('',(1.,0.,0.));
#3731=DIRECTION('',(0.,0.,-1.));
#3732=DIRECTION('',(1.,0.,0.));
#3733=DIRECTION('',(0.,0.,-1.));
#3734=DIRECTION('',(-1.,0.,0.));
#3735=DIRECTION('',(0.,0.,1.));
#3736=DIRECTION('',(0.,-1.,0.));
#3737=DIRECTION('',(0.,0.,-1.));
#3738=DIRECTION('',(-6.2450045135165E-15,3.5715779345237E-16,1.));
#3739=DIRECTION('',(1.,0.,6.2450045135165E-15));
#3740=DIRECTION('',(0.,-1.,0.));
#3741=DIRECTION('',(0.,0.,-1.));
#3742=DIRECTION('',(0.,0.,1.));
#3743=DIRECTION('',(1.,0.,0.));
#3744=DIRECTION('',(0.,0.,-1.));
#3745=DIRECTION('',(-1.,0.,0.));
#3746=DIRECTION('',(0.,-2.94392336003208E-15,1.));
#3747=DIRECTION('',(0.,-1.,-2.94392336003208E-15));
#3748=DIRECTION('',(0.,0.,1.));
#3749=DIRECTION('',(1.,0.,0.));
#3750=DIRECTION('',(0.,0.,1.));
#3751=DIRECTION('',(1.,0.,0.));
#3752=DIRECTION('',(0.,-1.,0.));
#3753=DIRECTION('',(0.,0.,-1.));
#3754=DIRECTION('',(1.,0.,0.));
#3755=DIRECTION('',(0.,0.,-1.));
#3756=DIRECTION('',(0.,-1.,0.));
#3757=DIRECTION('',(0.,0.,-1.));
#3758=DIRECTION('',(-1.,0.,0.));
#3759=DIRECTION('',(0.,0.,1.));
#3760=DIRECTION('',(-1.,0.,0.));
#3761=DIRECTION('',(0.,0.,1.));
#3762=DIRECTION('',(-1.,0.,0.));
#3763=DIRECTION('',(0.,0.,1.));
#3764=DIRECTION('',(-1.,0.,0.));
#3765=DIRECTION('',(0.,0.,1.));
#3766=DIRECTION('',(1.,0.,0.));
#3767=DIRECTION('',(0.,0.,-1.));
#3768=DIRECTION('',(0.,1.,0.));
#3769=DIRECTION('',(0.,0.,1.));
#3770=DIRECTION('',(0.,0.,1.));
#3771=DIRECTION('',(1.,0.,0.));
#3772=DIRECTION('',(0.,1.,0.));
#3773=DIRECTION('',(0.,0.,1.));
#3774=DIRECTION('',(0.,0.,1.));
#3775=DIRECTION('',(1.,0.,0.));
#3776=DIRECTION('',(0.,0.,-1.));
#3777=DIRECTION('',(-1.,0.,0.));
#3778=DIRECTION('',(0.,0.,1.));
#3779=DIRECTION('',(1.,0.,0.));
#3780=DIRECTION('',(0.,0.,1.));
#3781=DIRECTION('',(1.,0.,0.));
#3782=DIRECTION('',(4.33680868994201E-17,4.33680868994201E-17,1.));
#3783=DIRECTION('',(1.,0.,-4.33680868994201E-17));
#3784=DIRECTION('',(0.,1.,0.));
#3785=DIRECTION('',(0.,0.,1.));
#3786=DIRECTION('',(-1.,0.,0.));
#3787=DIRECTION('',(0.,0.,1.));
#3788=DIRECTION('',(0.,1.,0.));
#3789=DIRECTION('',(0.,0.,1.));
#3790=DIRECTION('',(1.,0.,0.));
#3791=DIRECTION('',(0.,0.,-1.));
#3792=DIRECTION('',(1.,0.,0.));
#3793=DIRECTION('',(0.,0.,-1.));
#3794=DIRECTION('',(-1.,0.,0.));
#3795=DIRECTION('',(0.,0.,1.));
#3796=DIRECTION('',(-1.,0.,0.));
#3797=DIRECTION('',(0.,0.,1.));
#3798=DIRECTION('',(1.,0.,0.));
#3799=DIRECTION('',(0.,0.,-1.));
#3800=DIRECTION('',(0.,1.,0.));
#3801=DIRECTION('',(0.,0.,1.));
#3802=DIRECTION('',(0.,0.,1.));
#3803=DIRECTION('',(1.,0.,0.));
#3804=DIRECTION('',(0.,1.,0.));
#3805=DIRECTION('',(0.,0.,1.));
#3806=DIRECTION('',(-6.24500451351652E-15,-3.57157793452363E-16,1.));
#3807=DIRECTION('',(1.,0.,6.24500451351652E-15));
#3808=DIRECTION('',(0.,0.,-1.));
#3809=DIRECTION('',(-1.,0.,0.));
#3810=DIRECTION('',(0.,0.,1.));
#3811=DIRECTION('',(1.,0.,0.));
#3812=DIRECTION('',(0.,0.,1.));
#3813=DIRECTION('',(1.,0.,0.));
#3814=DIRECTION('',(2.08166817117216E-15,2.08166817117216E-15,1.));
#3815=DIRECTION('',(1.,0.,-2.08166817117216E-15));
#3816=DIRECTION('',(0.,1.,0.));
#3817=DIRECTION('',(0.,0.,1.));
#3818=DIRECTION('',(-1.,0.,0.));
#3819=DIRECTION('',(0.,0.,1.));
#3820=DIRECTION('',(0.,1.,0.));
#3821=DIRECTION('',(0.,0.,1.));
#3822=DIRECTION('',(1.,0.,0.));
#3823=DIRECTION('',(0.,0.,-1.));
#3824=DIRECTION('',(1.,0.,0.));
#3825=DIRECTION('',(0.,0.,-1.));
#3826=DIRECTION('',(1.,0.,0.));
#3827=DIRECTION('',(0.,0.,-1.));
#3828=DIRECTION('',(0.,1.,0.));
#3829=DIRECTION('',(0.,0.,-1.));
#3830=DIRECTION('',(-1.,0.,0.));
#3831=DIRECTION('',(0.,1.,0.));
#3832=DIRECTION('',(1.,0.,0.));
#3833=DIRECTION('',(0.,0.,-1.));
#3834=DIRECTION('',(1.,0.,0.));
#3835=DIRECTION('',(0.,0.,-1.));
#3836=DIRECTION('',(-1.,0.,0.));
#3837=DIRECTION('',(0.,0.,1.));
#3838=DIRECTION('',(1.,0.,0.));
#3839=DIRECTION('',(0.,0.,-1.));
#3840=DIRECTION('',(1.,0.,0.));
#3841=DIRECTION('',(0.,1.,0.));
#3842=DIRECTION('',(1.,0.,0.));
#3843=DIRECTION('',(0.,0.,-1.));
#3844=DIRECTION('',(-1.,0.,0.));
#3845=DIRECTION('',(0.,0.,1.));
#3846=DIRECTION('',(1.,0.,0.));
#3847=DIRECTION('',(0.,0.,-1.));
#3848=DIRECTION('',(1.,0.,0.));
#3849=DIRECTION('',(0.,1.,0.));
#3850=DIRECTION('',(-1.,0.,0.));
#3851=DIRECTION('',(0.,0.,1.));
#3852=DIRECTION('',(1.,0.,0.));
#3853=DIRECTION('',(0.,0.,-1.));
#3854=DIRECTION('',(1.,0.,0.));
#3855=DIRECTION('',(0.,0.,-1.));
#3856=DIRECTION('',(1.,0.,0.));
#3857=DIRECTION('',(0.,1.,0.));
#3858=DIRECTION('',(-1.,0.,0.));
#3859=DIRECTION('',(0.,0.,1.));
#3860=DIRECTION('',(1.,0.,0.));
#3861=DIRECTION('',(0.,0.,-1.));
#3862=DIRECTION('',(1.,0.,0.));
#3863=DIRECTION('',(0.,0.,-1.));
#3864=DIRECTION('',(1.,0.,0.));
#3865=DIRECTION('',(0.,1.,0.));
#3866=DIRECTION('',(0.,0.,1.));
#3867=DIRECTION('',(1.,0.,0.));
#3868=DIRECTION('',(0.,0.,-1.));
#3869=DIRECTION('',(-1.,0.,0.));
#3870=DIRECTION('',(0.,0.,1.));
#3871=DIRECTION('',(1.,0.,0.));
#3872=DIRECTION('',(0.,0.,-1.));
#3873=DIRECTION('',(-1.,0.,0.));
#3874=DIRECTION('',(0.,0.,1.));
#3875=DIRECTION('',(1.,0.,0.));
#3876=DIRECTION('',(0.,0.,-1.));
#3877=DIRECTION('',(-1.,0.,0.));
#3878=DIRECTION('',(0.,0.,-1.));
#3879=DIRECTION('',(-1.,0.,0.));
#3880=DIRECTION('',(0.,0.,-1.));
#3881=DIRECTION('',(-1.,0.,0.));
#3882=DIRECTION('',(0.,0.,-1.));
#3883=DIRECTION('',(-1.,0.,0.));
#3884=DIRECTION('',(0.,0.,-1.));
#3885=DIRECTION('',(-1.,0.,0.));
#3886=DIRECTION('',(0.,0.,-1.));
#3887=DIRECTION('',(-1.,0.,0.));
#3888=DIRECTION('',(0.,0.,-1.));
#3889=DIRECTION('',(-1.,0.,0.));
#3890=DIRECTION('',(0.,0.,-1.));
#3891=DIRECTION('',(-1.,0.,0.));
#3892=DIRECTION('',(0.,0.,-1.));
#3893=DIRECTION('',(-1.,0.,0.));
#3894=DIRECTION('',(0.,0.,-1.));
#3895=DIRECTION('',(-1.,0.,0.));
#3896=DIRECTION('',(0.,0.,1.));
#3897=DIRECTION('',(1.,0.,0.));
#3898=DIRECTION('',(0.,0.,1.));
#3899=DIRECTION('',(1.,0.,0.));
#3900=DIRECTION('',(0.,0.,1.));
#3901=DIRECTION('',(1.,0.,0.));
#3902=DIRECTION('',(-1.,0.,0.));
#3903=DIRECTION('',(0.,0.,1.));
#3904=DIRECTION('',(-1.,0.,0.));
#3905=DIRECTION('',(0.,0.,1.));
#3906=DIRECTION('',(1.,0.,0.));
#3907=DIRECTION('',(0.,0.,-1.));
#3908=DIRECTION('',(1.,0.,0.));
#3909=DIRECTION('',(0.,0.,-1.));
#3910=CARTESIAN_POINT('',(0.,0.,0.));
#3911=CARTESIAN_POINT('',(-0.0185387906963541,-0.05575,0.0418));
#3912=CARTESIAN_POINT('',(-0.0185387906963541,-0.04916,0.0418));
#3913=CARTESIAN_POINT('',(-0.020788790696354,-0.04916,0.0418));
#3914=CARTESIAN_POINT('',(0.0510612093040097,-0.04916,0.0418));
#3915=CARTESIAN_POINT('',(0.0488112093040097,-0.04916,0.0418));
#3916=CARTESIAN_POINT('',(-0.0513887906959903,-0.055752,0.0418));
#3917=CARTESIAN_POINT('',(-0.0513887906959903,-0.05575,0.0418));
#3918=CARTESIAN_POINT('',(-0.0513887906959903,-0.035,0.0418));
#3919=CARTESIAN_POINT('',(-0.0185387906963541,-0.05575,0.0418));
#3920=CARTESIAN_POINT('',(0.0635722093040097,-0.05575,0.0418));
#3921=CARTESIAN_POINT('',(0.0635722093040097,-0.05575,0.0418));
#3922=CARTESIAN_POINT('',(0.0635722093040097,-0.035,0.0418));
#3923=CARTESIAN_POINT('',(-0.0185387906963541,-0.035,0.0418));
#3924=CARTESIAN_POINT('',(-0.0185387906963541,-0.05575,-2.08166817117217E-17));
#3925=CARTESIAN_POINT('',(-0.0777387906959904,-0.05575,-0.02878));
#3926=CARTESIAN_POINT('',(-0.0682387906959903,-0.05575,-0.02878));
#3927=CARTESIAN_POINT('',(-0.0777387906959904,-0.05575,-0.02878));
#3928=CARTESIAN_POINT('',(-0.0777387906959904,-0.05575,-0.02328));
#3929=CARTESIAN_POINT('',(-0.0832387906959904,-0.05575,-0.02328));
#3930=CARTESIAN_POINT('',(-0.0832387906959904,-0.05575,0.00157));
#3931=CARTESIAN_POINT('',(-0.0832387906959904,-0.05575,0.00157));
#3932=CARTESIAN_POINT('',(-0.0777387906959904,-0.05575,0.00157));
#3933=CARTESIAN_POINT('',(-0.0777387906959904,-0.05575,0.00707));
#3934=CARTESIAN_POINT('',(-0.0185387906963541,-0.05575,0.00707));
#3935=CARTESIAN_POINT('',(-0.0682387906959903,-0.05575,0.00707));
#3936=CARTESIAN_POINT('',(-0.0682387906959903,-0.05575,0.00157));
#3937=CARTESIAN_POINT('',(-0.0627387906959903,-0.05575,0.00157));
#3938=CARTESIAN_POINT('',(-0.0627387906959903,-0.05575,-2.08166817117217E-17));
#3939=CARTESIAN_POINT('',(-0.0627387906959903,-0.05575,-0.02328));
#3940=CARTESIAN_POINT('',(-0.0682387906959903,-0.05575,-0.02328));
#3941=CARTESIAN_POINT('',(-0.0777387906959904,-0.05575,0.01122));
#3942=CARTESIAN_POINT('',(-0.0682387906959903,-0.05575,0.01122));
#3943=CARTESIAN_POINT('',(-0.0777387906959904,-0.05575,0.01122));
#3944=CARTESIAN_POINT('',(-0.0777387906959904,-0.05575,0.01672));
#3945=CARTESIAN_POINT('',(-0.0832387906959904,-0.05575,0.01672));
#3946=CARTESIAN_POINT('',(-0.0832387906959904,-0.05575,0.0297));
#3947=CARTESIAN_POINT('',(-0.0832387906959904,-0.05575,0.0297));
#3948=CARTESIAN_POINT('',(-0.0777387906959904,-0.05575,0.0297));
#3949=CARTESIAN_POINT('',(-0.0777387906959904,-0.05575,0.0352));
#3950=CARTESIAN_POINT('',(-0.0185387906963541,-0.05575,0.0352));
#3951=CARTESIAN_POINT('',(-0.0682387906959903,-0.05575,0.0352));
#3952=CARTESIAN_POINT('',(-0.0682387906959903,-0.05575,0.0297));
#3953=CARTESIAN_POINT('',(-0.0627387906959903,-0.05575,0.0297));
#3954=CARTESIAN_POINT('',(-0.0627387906959903,-0.05575,-2.08166817117217E-17));
#3955=CARTESIAN_POINT('',(-0.0627387906959903,-0.05575,0.01672));
#3956=CARTESIAN_POINT('',(-0.0682387906959903,-0.05575,0.01672));
#3957=CARTESIAN_POINT('',(-0.0578637906959904,-0.05575,0.00807));
#3958=CARTESIAN_POINT('',(-0.0817387906959904,-0.05575,0.00807));
#3959=CARTESIAN_POINT('',(-0.0597387906959903,-0.05575,0.00807));
#3960=CARTESIAN_POINT('',(-0.0817387906959904,-0.05575,0.009145));
#3961=CARTESIAN_POINT('',(-0.0817387906959904,-0.05575,0.01022));
#3962=CARTESIAN_POINT('',(-0.0594887906959903,-0.05575,0.01022));
#3963=CARTESIAN_POINT('',(-0.0592387906959903,-0.05575,0.01022));
#3964=CARTESIAN_POINT('',(-0.0592387906959903,-0.05575,0.02321));
#3965=CARTESIAN_POINT('',(-0.0592387906959903,-0.05575,0.0362));
#3966=CARTESIAN_POINT('',(0.000961209304009662,-0.05575,0.0362));
#3967=CARTESIAN_POINT('',(0.0611612093040097,-0.05575,0.0362));
#3968=CARTESIAN_POINT('',(0.0611612093040097,-0.05575,0.02321));
#3969=CARTESIAN_POINT('',(0.0611612093040097,-0.05575,0.01022));
#3970=CARTESIAN_POINT('',(0.0619112093040097,-0.05575,0.01022));
#3971=CARTESIAN_POINT('',(0.0626612093040097,-0.05575,0.01022));
#3972=CARTESIAN_POINT('',(0.0626612093040097,-0.05575,0.009145));
#3973=CARTESIAN_POINT('',(0.0626612093040097,-0.05575,0.00807));
#3974=CARTESIAN_POINT('',(0.0624112093040097,-0.05575,0.00807));
#3975=CARTESIAN_POINT('',(0.0621612093040097,-0.05575,0.00807));
#3976=CARTESIAN_POINT('',(0.0621612093040097,-0.05575,0.005935));
#3977=CARTESIAN_POINT('',(0.0621612093040097,-0.05575,0.0038));
#3978=CARTESIAN_POINT('',(0.00121120930400966,-0.05575,0.0038));
#3979=CARTESIAN_POINT('',(-0.0597387906959903,-0.05575,0.0038));
#3980=CARTESIAN_POINT('',(-0.0597387906959903,-0.05575,0.004535));
#3981=CARTESIAN_POINT('',(-0.0959387906959904,-0.05575,-0.03765));
#3982=CARTESIAN_POINT('',(-0.0842887906959904,-0.05575,-0.03765));
#3983=CARTESIAN_POINT('',(-0.0979387906959904,-0.05575,-0.03765));
#3984=CARTESIAN_POINT('',(-0.0979387906959904,-0.05575,0.03475));
#3985=CARTESIAN_POINT('',(-0.0979387906959904,-0.05575,0.03675));
#3986=CARTESIAN_POINT('',(-0.0185387906963541,-0.05575,0.03675));
#3987=CARTESIAN_POINT('',(-0.0842887906959904,-0.05575,0.03675));
#3988=CARTESIAN_POINT('',(-0.0842887906959904,-0.05575,-2.08166817117217E-17));
#3989=CARTESIAN_POINT('',(-0.0817387906959904,-0.05575,-0.030855));
#3990=CARTESIAN_POINT('',(-0.0817387906959904,-0.05575,-0.03193));
#3991=CARTESIAN_POINT('',(-0.0817387906959904,-0.05575,-0.02978));
#3992=CARTESIAN_POINT('',(-0.0594887906959903,-0.05575,-0.02978));
#3993=CARTESIAN_POINT('',(-0.0592387906959903,-0.05575,-0.02978));
#3994=CARTESIAN_POINT('',(-0.0592387906959903,-0.05575,-0.01679));
#3995=CARTESIAN_POINT('',(-0.0592387906959903,-0.05575,-0.0038));
#3996=CARTESIAN_POINT('',(0.000961209304009662,-0.05575,-0.0038));
#3997=CARTESIAN_POINT('',(0.0611612093040097,-0.05575,-0.0038));
#3998=CARTESIAN_POINT('',(0.0611612093040097,-0.05575,-0.01679));
#3999=CARTESIAN_POINT('',(0.0611612093040097,-0.05575,-0.02978));
#4000=CARTESIAN_POINT('',(0.0619112093040097,-0.05575,-0.02978));
#4001=CARTESIAN_POINT('',(0.0626612093040097,-0.05575,-0.02978));
#4002=CARTESIAN_POINT('',(0.0626612093040097,-0.05575,-0.030855));
#4003=CARTESIAN_POINT('',(0.0626612093040097,-0.05575,-0.03193));
#4004=CARTESIAN_POINT('',(0.0624112093040097,-0.05575,-0.03193));
#4005=CARTESIAN_POINT('',(0.0621612093040097,-0.05575,-0.03193));
#4006=CARTESIAN_POINT('',(0.0621612093040097,-0.05575,-0.034065));
#4007=CARTESIAN_POINT('',(0.0621612093040097,-0.05575,-0.0362));
#4008=CARTESIAN_POINT('',(0.00121120930400966,-0.05575,-0.0362));
#4009=CARTESIAN_POINT('',(-0.0597387906959903,-0.05575,-0.0362));
#4010=CARTESIAN_POINT('',(-0.0597387906959903,-0.05575,-0.035465));
#4011=CARTESIAN_POINT('',(-0.0597387906959903,-0.05575,-0.03193));
#4012=CARTESIAN_POINT('',(-0.0578637906959904,-0.05575,-0.03193));
#4013=CARTESIAN_POINT('',(-0.0513887906959903,-0.05575,0.04105));
#4014=CARTESIAN_POINT('',(-0.0513887906959903,-0.05575,0.0403));
#4015=CARTESIAN_POINT('',(-0.0528137906959903,-0.05575,0.0403));
#4016=CARTESIAN_POINT('',(-0.0542387906959903,-0.05575,0.0403));
#4017=CARTESIAN_POINT('',(-0.0542387906959903,-0.05575,0.04105));
#4018=CARTESIAN_POINT('',(-0.0542387906959903,-0.05575,0.0418));
#4019=CARTESIAN_POINT('',(-0.0185387906963541,-0.05575,0.0418));
#4020=CARTESIAN_POINT('',(-0.100649790696718,-0.05575,0.0418));
#4021=CARTESIAN_POINT('',(-0.100649790696718,-0.05575,0.041111));
#4022=CARTESIAN_POINT('',(-0.101338790696718,-0.05575,0.041111));
#4023=CARTESIAN_POINT('',(-0.101338790696718,-0.05575,0.0386055));
#4024=CARTESIAN_POINT('',(-0.101338790696718,-0.05575,-0.040411));
#4025=CARTESIAN_POINT('',(-0.100649790696718,-0.05575,-0.040411));
#4026=CARTESIAN_POINT('',(-0.100649790696718,-0.05575,-0.0411));
#4027=CARTESIAN_POINT('',(-0.0185387906963541,-0.05575,-0.0411));
#4028=CARTESIAN_POINT('',(0.0635722093040097,-0.05575,-0.0411));
#4029=CARTESIAN_POINT('',(0.0635722093040097,-0.05575,-0.040411));
#4030=CARTESIAN_POINT('',(0.0642612093040097,-0.05575,-0.040411));
#4031=CARTESIAN_POINT('',(0.0642612093040097,-0.05575,0.00035000000000001));
#4032=CARTESIAN_POINT('',(0.0642612093040097,-0.05575,0.041111));
#4033=CARTESIAN_POINT('',(0.0635722093040097,-0.05575,0.041111));
#4034=CARTESIAN_POINT('',(-0.0185387906963541,-0.035,-2.08166817117217E-17));
#4035=CARTESIAN_POINT('',(-0.10103879069599,-0.035,-2.08166817117217E-17));
#4036=CARTESIAN_POINT('',(-0.10103879069599,-0.035,0.0391));
#4037=CARTESIAN_POINT('',(-0.10103879069599,-0.035,-0.0409));
#4038=CARTESIAN_POINT('',(-0.0185387906963541,-0.035,-0.0409));
#4039=CARTESIAN_POINT('',(-0.0596887906959904,-0.035,-0.0409));
#4040=CARTESIAN_POINT('',(-0.0596887906959904,-0.035,0.0361));
#4041=CARTESIAN_POINT('',(-0.0596887906959904,-0.035,-0.0362));
#4042=CARTESIAN_POINT('',(0.00121120930400966,-0.035,-0.0362));
#4043=CARTESIAN_POINT('',(0.0621612093040097,-0.035,-0.0362));
#4044=CARTESIAN_POINT('',(0.0621612093040097,-0.035,-0.034065));
#4045=CARTESIAN_POINT('',(0.0621612093040097,-0.035,-0.03193));
#4046=CARTESIAN_POINT('',(0.0624112093040097,-0.035,-0.03193));
#4047=CARTESIAN_POINT('',(0.0626612093040097,-0.035,-0.03193));
#4048=CARTESIAN_POINT('',(0.0626612093040097,-0.035,-0.030855));
#4049=CARTESIAN_POINT('',(0.0626612093040097,-0.035,-0.02978));
#4050=CARTESIAN_POINT('',(0.0619112093040097,-0.035,-0.02978));
#4051=CARTESIAN_POINT('',(0.0611612093040097,-0.035,-0.02978));
#4052=CARTESIAN_POINT('',(0.0611612093040097,-0.035,-0.01679));
#4053=CARTESIAN_POINT('',(0.0611612093040097,-0.035,-0.0038));
#4054=CARTESIAN_POINT('',(0.000961209304009662,-0.035,-0.0038));
#4055=CARTESIAN_POINT('',(-0.0592387906959903,-0.035,-0.0038));
#4056=CARTESIAN_POINT('',(-0.0592387906959903,-0.035,-0.01679));
#4057=CARTESIAN_POINT('',(-0.0592387906959903,-0.035,-0.02978));
#4058=CARTESIAN_POINT('',(-0.0594887906959903,-0.035,-0.02978));
#4059=CARTESIAN_POINT('',(-0.0596887906959904,-0.035,-0.02978));
#4060=CARTESIAN_POINT('',(-0.0596887906959904,-0.035,0.0361));
#4061=CARTESIAN_POINT('',(-0.0596887906959904,-0.035,0.0038));
#4062=CARTESIAN_POINT('',(0.00121120930400966,-0.035,0.0038));
#4063=CARTESIAN_POINT('',(0.0621612093040097,-0.035,0.0038));
#4064=CARTESIAN_POINT('',(0.0621612093040097,-0.035,0.005935));
#4065=CARTESIAN_POINT('',(0.0621612093040097,-0.035,0.00807));
#4066=CARTESIAN_POINT('',(0.0624112093040097,-0.035,0.00807));
#4067=CARTESIAN_POINT('',(0.0626612093040097,-0.035,0.00807));
#4068=CARTESIAN_POINT('',(0.0626612093040097,-0.035,0.009145));
#4069=CARTESIAN_POINT('',(0.0626612093040097,-0.035,0.01022));
#4070=CARTESIAN_POINT('',(0.0619112093040097,-0.035,0.01022));
#4071=CARTESIAN_POINT('',(0.0611612093040097,-0.035,0.01022));
#4072=CARTESIAN_POINT('',(0.0611612093040097,-0.035,0.02321));
#4073=CARTESIAN_POINT('',(0.0611612093040097,-0.035,0.0362));
#4074=CARTESIAN_POINT('',(0.000961209304009662,-0.035,0.0362));
#4075=CARTESIAN_POINT('',(-0.0592387906959903,-0.035,0.0362));
#4076=CARTESIAN_POINT('',(-0.0592387906959903,-0.035,0.02321));
#4077=CARTESIAN_POINT('',(-0.0592387906959903,-0.035,0.01022));
#4078=CARTESIAN_POINT('',(-0.0594887906959903,-0.035,0.01022));
#4079=CARTESIAN_POINT('',(-0.0596887906959904,-0.035,0.01022));
#4080=CARTESIAN_POINT('',(-0.0596887906959904,-0.035,0.0361));
#4081=CARTESIAN_POINT('',(-0.0596887906959904,-0.035,0.0391));
#4082=CARTESIAN_POINT('',(-0.10103879069599,-0.035,0.0391));
#4083=CARTESIAN_POINT('',(-0.0513887906959903,-0.035,0.04105));
#4084=CARTESIAN_POINT('',(-0.0513887906959903,-0.035,0.0403));
#4085=CARTESIAN_POINT('',(0.0635722093040097,-0.035,0.041111));
#4086=CARTESIAN_POINT('',(0.0642612093040097,-0.035,0.041111));
#4087=CARTESIAN_POINT('',(0.0642612093040097,-0.035,0.00035000000000001));
#4088=CARTESIAN_POINT('',(0.0642612093040097,-0.035,-0.040411));
#4089=CARTESIAN_POINT('',(0.0635722093040097,-0.035,-0.040411));
#4090=CARTESIAN_POINT('',(0.0635722093040097,-0.035,-0.0411));
#4091=CARTESIAN_POINT('',(-0.0185387906963541,-0.035,-0.0411));
#4092=CARTESIAN_POINT('',(-0.100649790696718,-0.035,-0.0411));
#4093=CARTESIAN_POINT('',(-0.100649790696718,-0.035,-0.040411));
#4094=CARTESIAN_POINT('',(-0.101338790696718,-0.035,-0.040411));
#4095=CARTESIAN_POINT('',(-0.101338790696718,-0.035,0.0386055));
#4096=CARTESIAN_POINT('',(-0.101338790696718,-0.035,0.041111));
#4097=CARTESIAN_POINT('',(-0.100649790696718,-0.035,0.041111));
#4098=CARTESIAN_POINT('',(-0.100649790696718,-0.035,0.0418));
#4099=CARTESIAN_POINT('',(-0.0185387906963541,-0.035,0.0418));
#4100=CARTESIAN_POINT('',(-0.0542387906959903,-0.035,0.0418));
#4101=CARTESIAN_POINT('',(-0.0542387906959903,-0.035,0.04105));
#4102=CARTESIAN_POINT('',(-0.0542387906959903,-0.035,0.0403));
#4103=CARTESIAN_POINT('',(-0.0528137906959903,-0.035,0.0403));
#4104=CARTESIAN_POINT('',(-0.0597387906959903,-0.05575,0.004535));
#4105=CARTESIAN_POINT('',(-0.0597387906959903,-0.05575,0.01022));
#4106=CARTESIAN_POINT('',(-0.0597387906959903,-0.0447647564753426,0.01022));
#4107=CARTESIAN_POINT('',(-0.0597387906959903,-0.03505,0.01022));
#4108=CARTESIAN_POINT('',(-0.0597387906959903,-0.0447647564753426,0.004535));
#4109=CARTESIAN_POINT('',(-0.0597387906959903,-0.0447647564753426,0.00807));
#4110=CARTESIAN_POINT('',(-0.0597387906959903,-0.05575,0.00807));
#4111=CARTESIAN_POINT('',(-0.0597387906959903,-0.05575,0.0038));
#4112=CARTESIAN_POINT('',(-0.0597387906959903,-0.03505,0.0038));
#4113=CARTESIAN_POINT('',(-0.0597387906959903,-0.03505,0.004535));
#4114=CARTESIAN_POINT('',(-0.0597387906959903,-0.05575,-0.035465));
#4115=CARTESIAN_POINT('',(-0.0597387906959903,-0.05575,-0.02978));
#4116=CARTESIAN_POINT('',(-0.0597387906959903,-0.0447647564753426,-0.02978));
#4117=CARTESIAN_POINT('',(-0.0597387906959903,-0.03505,-0.02978));
#4118=CARTESIAN_POINT('',(-0.0597387906959903,-0.0447647564753426,-0.035465));
#4119=CARTESIAN_POINT('',(-0.0597387906959903,-0.0447647564753426,-0.03193));
#4120=CARTESIAN_POINT('',(-0.0597387906959903,-0.05575,-0.03193));
#4121=CARTESIAN_POINT('',(-0.0597387906959903,-0.05575,-0.0362));
#4122=CARTESIAN_POINT('',(-0.0597387906959903,-0.03505,-0.0362));
#4123=CARTESIAN_POINT('',(-0.0597387906959903,-0.03505,-0.035465));
#4124=CARTESIAN_POINT('',(-0.0803637906959904,-0.05575,0.0361));
#4125=CARTESIAN_POINT('',(-0.0999387906959904,-0.05575,0.0361));
#4126=CARTESIAN_POINT('',(-0.0999387906959904,-0.0417447564753426,0.0361));
#4127=CARTESIAN_POINT('',(-0.0999387906959904,-0.038,0.0361));
#4128=CARTESIAN_POINT('',(-0.0596887906959904,-0.038,0.0361));
#4129=CARTESIAN_POINT('',(-0.0607887906959903,-0.038,0.0361));
#4130=CARTESIAN_POINT('',(-0.0607887906959903,-0.05575,0.0361));
#4131=CARTESIAN_POINT('',(-0.0607887906959904,-0.0417447564753426,0.0361));
#4132=CARTESIAN_POINT('',(-0.0805387906963541,-0.0417447564753426,0.0361));
#4133=CARTESIAN_POINT('',(-0.0803637906959904,-0.05575,-0.0379));
#4134=CARTESIAN_POINT('',(-0.0607887906959904,-0.05575,-0.0379));
#4135=CARTESIAN_POINT('',(-0.0607887906959904,-0.0417447564753426,-0.0379));
#4136=CARTESIAN_POINT('',(-0.0607887906959904,-0.038,-0.0379));
#4137=CARTESIAN_POINT('',(-0.0803637906959904,-0.038,-0.0379));
#4138=CARTESIAN_POINT('',(-0.0999387906959904,-0.038,-0.0379));
#4139=CARTESIAN_POINT('',(-0.0999387906959904,-0.05575,-0.0379));
#4140=CARTESIAN_POINT('',(-0.0999387906959904,-0.0417447564753426,-0.0379));
#4141=CARTESIAN_POINT('',(-0.0805387906963541,-0.0417447564753426,-0.0379));
#4142=CARTESIAN_POINT('',(0.0635722093040097,-0.05575,-0.040411));
#4143=CARTESIAN_POINT('',(0.0642612093040097,-0.05575,-0.040411));
#4144=CARTESIAN_POINT('',(0.0642612093040097,-0.0482573489046149,-0.040411));
#4145=CARTESIAN_POINT('',(0.0642612093040097,-0.0482573489046149,-0.040411));
#4146=CARTESIAN_POINT('',(0.0642612093040097,-0.0485427912096826,-0.0405360144635316));
#4147=CARTESIAN_POINT('',(0.0642155834139294,-0.0491591863337561,-0.0406377142104686));
#4148=CARTESIAN_POINT('',(0.0642612093040101,-0.0497775322910954,-0.0405358727806924));
#4149=CARTESIAN_POINT('',(0.0642612093040101,-0.0500626510953852,-0.040411));
#4150=CARTESIAN_POINT('',(0.0642612093040097,-0.0500626510953851,-0.040411));
#4151=CARTESIAN_POINT('',(0.0642612093040097,-0.05575,-0.040411));
#4152=CARTESIAN_POINT('',(0.0635722093040097,-0.05575,-0.0411));
#4153=CARTESIAN_POINT('',(0.0642612093040097,-0.05575,0.00035000000000001));
#4154=CARTESIAN_POINT('',(0.0642612093040097,-0.04916,-0.03835));
#4155=CARTESIAN_POINT('',(0.0642612093040097,-0.05575,0.041111));
#4156=CARTESIAN_POINT('',(0.0642612093040097,-0.0482573489046149,0.041111));
#4157=CARTESIAN_POINT('',(0.0642612093040097,-0.04916,0.03905));
#4158=CARTESIAN_POINT('',(0.0642612093040097,-0.0500626510953851,0.041111));
#4159=CARTESIAN_POINT('',(0.0642612093040097,-0.05575,0.041111));
#4160=CARTESIAN_POINT('',(0.0635722093040097,-0.05575,0.041111));
#4161=CARTESIAN_POINT('',(0.0642612093040097,-0.0500626510953851,0.041111));
#4162=CARTESIAN_POINT('',(0.0642612093040097,-0.0497772087903174,0.0412360144635316));
#4163=CARTESIAN_POINT('',(0.0642155834139294,-0.0491608136662438,0.0413377142104686));
#4164=CARTESIAN_POINT('',(0.0642612093040101,-0.0485424677089047,0.0412358727806924));
#4165=CARTESIAN_POINT('',(0.0642612093040101,-0.0482573489046149,0.041111));
#4166=CARTESIAN_POINT('',(-0.0185387906963541,-0.05575,0.0418));
#4167=CARTESIAN_POINT('',(-0.0881387906967178,-0.04916,0.0418));
#4168=CARTESIAN_POINT('',(-0.0903887906967178,-0.04916,0.0418));
#4169=CARTESIAN_POINT('',(-0.0542387906959903,-0.055752,0.0418));
#4170=CARTESIAN_POINT('',(-0.100649790696718,-0.05575,0.0418));
#4171=CARTESIAN_POINT('',(-0.100649790696718,-0.05575,0.041111));
#4172=CARTESIAN_POINT('',(-0.101338790696718,-0.05575,0.041111));
#4173=CARTESIAN_POINT('',(-0.101338790696718,-0.0482573489046148,0.041111));
#4174=CARTESIAN_POINT('',(-0.101338790696718,-0.0482573489046148,0.041111));
#4175=CARTESIAN_POINT('',(-0.101338790696718,-0.0485427912096825,0.0412360144635316));
#4176=CARTESIAN_POINT('',(-0.101293164806637,-0.0491591863337561,0.0413377142104685));
#4177=CARTESIAN_POINT('',(-0.101338790696718,-0.0497775322910954,0.0412358727806925));
#4178=CARTESIAN_POINT('',(-0.101338790696718,-0.0500626510953853,0.041111));
#4179=CARTESIAN_POINT('',(-0.101338790696718,-0.0500626510953852,0.041111));
#4180=CARTESIAN_POINT('',(-0.101338790696718,-0.05575,0.041111));
#4181=CARTESIAN_POINT('',(-0.101338790696718,-0.05575,0.0386055));
#4182=CARTESIAN_POINT('',(-0.101338790696718,-0.05575,-0.040411));
#4183=CARTESIAN_POINT('',(-0.101338790696718,-0.0482573489046149,-0.040411));
#4184=CARTESIAN_POINT('',(-0.101338790696718,-0.04916,-0.03835));
#4185=CARTESIAN_POINT('',(-0.101338790696718,-0.0500626510953851,-0.040411));
#4186=CARTESIAN_POINT('',(-0.101338790696718,-0.05575,-0.040411));
#4187=CARTESIAN_POINT('',(-0.101338790696718,-0.04916,0.03905));
#4188=CARTESIAN_POINT('',(-0.100649790696718,-0.05575,-0.040411));
#4189=CARTESIAN_POINT('',(-0.101338790696718,-0.0500626510953851,-0.040411));
#4190=CARTESIAN_POINT('',(-0.101338790696718,-0.0497772087903174,-0.0405360144635316));
#4191=CARTESIAN_POINT('',(-0.101293164806637,-0.0491608136662438,-0.0406377142104686));
#4192=CARTESIAN_POINT('',(-0.101338790696718,-0.0485424677089047,-0.0405358727806924));
#4193=CARTESIAN_POINT('',(-0.101338790696718,-0.0482573489046149,-0.040411));
#4194=CARTESIAN_POINT('',(-0.100649790696718,-0.05575,-0.0411));
#4195=CARTESIAN_POINT('',(-0.0607887906959904,-0.05575,-0.0009));
#4196=CARTESIAN_POINT('',(-0.0607887906959903,-0.035,0.0391));
#4197=CARTESIAN_POINT('',(-0.0607887906959903,-0.0361,0.038));
#4198=CARTESIAN_POINT('',(-0.0607887906959904,-0.0361,-0.0379));
#4199=CARTESIAN_POINT('',(-0.0607887906959904,-0.0361,-0.0398));
#4200=CARTESIAN_POINT('',(-0.0607887906959904,-0.038,-0.0379));
#4201=CARTESIAN_POINT('',(-0.0607887906959904,-0.0417447564753426,-0.0009));
#4202=CARTESIAN_POINT('',(-0.0594887906959903,-0.05575,0.01022));
#4203=CARTESIAN_POINT('',(-0.0817387906959904,0.364998419258235,0.01022));
#4204=CARTESIAN_POINT('',(-0.0817387906959904,-0.0487647564753426,0.01022));
#4205=CARTESIAN_POINT('',(-0.0578637906959904,-0.0487647564753426,0.01022));
#4206=CARTESIAN_POINT('',(-0.0637387906959903,-0.0487647564753426,0.01022));
#4207=CARTESIAN_POINT('',(-0.0637387906959903,-0.0447647564753426,0.01022));
#4208=CARTESIAN_POINT('',(-0.0699637906959904,-0.045275,0.01022));
#4209=CARTESIAN_POINT('',(-0.0592387906959903,-0.05575,0.01022));
#4210=CARTESIAN_POINT('',(-0.0592387906959903,-0.05575,0.02321));
#4211=CARTESIAN_POINT('',(-0.0592387906959903,-0.05575,0.0362));
#4212=CARTESIAN_POINT('',(0.000961209304009662,-0.05575,0.0362));
#4213=CARTESIAN_POINT('',(0.0510612093040097,-0.04916,0.0362));
#4214=CARTESIAN_POINT('',(0.0493112093040097,-0.04916,0.0362));
#4215=CARTESIAN_POINT('',(-0.0185387906963541,-0.04916,0.0362));
#4216=CARTESIAN_POINT('',(-0.0202887906963541,-0.04916,0.0362));
#4217=CARTESIAN_POINT('',(0.0611612093040097,-0.05575,0.0362));
#4218=CARTESIAN_POINT('',(0.0611612093040097,-0.05575,0.02321));
#4219=CARTESIAN_POINT('',(0.0611612093040097,-0.05575,0.01022));
#4220=CARTESIAN_POINT('',(0.0619112093040097,-0.05575,0.01022));
#4221=CARTESIAN_POINT('',(0.0626612093040097,-0.05575,0.01022));
#4222=CARTESIAN_POINT('',(0.0626612093040097,-0.05575,0.009145));
#4223=CARTESIAN_POINT('',(0.0626612093040097,-0.05575,0.00807));
#4224=CARTESIAN_POINT('',(0.0624112093040097,-0.05575,0.00807));
#4225=CARTESIAN_POINT('',(0.0621612093040097,-0.05575,0.00807));
#4226=CARTESIAN_POINT('',(0.0621612093040097,-0.05575,0.005935));
#4227=CARTESIAN_POINT('',(0.0621612093040097,-0.05575,0.0038));
#4228=CARTESIAN_POINT('',(0.00121120930400966,-0.05575,-0.0362));
#4229=CARTESIAN_POINT('',(0.0510612093040097,-0.04916,-0.0362));
#4230=CARTESIAN_POINT('',(0.0528112093040097,-0.04916,-0.0362));
#4231=CARTESIAN_POINT('',(-0.0185387906963541,-0.04916,-0.0362));
#4232=CARTESIAN_POINT('',(-0.016788790696354,-0.04916,-0.0362));
#4233=CARTESIAN_POINT('',(-0.0396137906959903,-0.014925,-0.0362));
#4234=CARTESIAN_POINT('',(0.0621612093040097,-0.05575,-0.0362));
#4235=CARTESIAN_POINT('',(-0.0594887906959903,-0.05575,-0.02978));
#4236=CARTESIAN_POINT('',(-0.0817387906959904,0.364998419258235,-0.02978));
#4237=CARTESIAN_POINT('',(-0.0817387906959904,-0.0487647564753426,-0.02978));
#4238=CARTESIAN_POINT('',(-0.0578637906959904,-0.0487647564753426,-0.02978));
#4239=CARTESIAN_POINT('',(-0.0637387906959903,-0.0487647564753426,-0.02978));
#4240=CARTESIAN_POINT('',(-0.0637387906959903,-0.0447647564753426,-0.02978));
#4241=CARTESIAN_POINT('',(-0.0699637906959904,-0.045275,-0.02978));
#4242=CARTESIAN_POINT('',(-0.0592387906959903,-0.05575,-0.02978));
#4243=CARTESIAN_POINT('',(-0.0592387906959903,-0.05575,-0.01679));
#4244=CARTESIAN_POINT('',(-0.0592387906959903,-0.05575,-0.0038));
#4245=CARTESIAN_POINT('',(0.000961209304009662,-0.05575,-0.0038));
#4246=CARTESIAN_POINT('',(0.0611612093040097,-0.05575,-0.0038));
#4247=CARTESIAN_POINT('',(0.0611612093040097,-0.05575,-0.01679));
#4248=CARTESIAN_POINT('',(0.0611612093040097,-0.05575,-0.02978));
#4249=CARTESIAN_POINT('',(0.0619112093040097,-0.05575,-0.02978));
#4250=CARTESIAN_POINT('',(0.0626612093040097,-0.05575,-0.02978));
#4251=CARTESIAN_POINT('',(0.0626612093040097,-0.05575,-0.030855));
#4252=CARTESIAN_POINT('',(0.0626612093040097,-0.05575,-0.03193));
#4253=CARTESIAN_POINT('',(0.0624112093040097,-0.05575,-0.03193));
#4254=CARTESIAN_POINT('',(0.0621612093040097,-0.05575,-0.03193));
#4255=CARTESIAN_POINT('',(-0.0999387906959904,-0.05575,-0.000900000000000012));
#4256=CARTESIAN_POINT('',(-0.0999387906959904,-0.065375,-0.010525));
#4257=CARTESIAN_POINT('',(-0.0999387906959904,-0.0361,-0.0398));
#4258=CARTESIAN_POINT('',(-0.0999387906959904,-0.0361,-0.000900000000000012));
#4259=CARTESIAN_POINT('',(-0.0999387906959904,-0.0361,0.038));
#4260=CARTESIAN_POINT('',(-0.0999387906959904,-0.065375,0.008725));
#4261=CARTESIAN_POINT('',(-0.0999387906959904,-0.0417447564753426,-0.000900000000000012));
#4262=CARTESIAN_POINT('',(0.00121120930400966,-0.05575,0.0038));
#4263=CARTESIAN_POINT('',(-0.0396137906959903,-0.014925,0.0038));
#4264=CARTESIAN_POINT('',(0.0621612093040097,-0.05575,-0.034065));
#4265=CARTESIAN_POINT('',(-0.0185387906963541,-0.05575,-0.0411));
#4266=CARTESIAN_POINT('',(-0.0185387906963541,-0.04916,-0.0411));
#4267=CARTESIAN_POINT('',(-0.020788790696354,-0.04916,-0.0411));
#4268=CARTESIAN_POINT('',(-0.0881387906967178,-0.04916,-0.0411));
#4269=CARTESIAN_POINT('',(-0.0903887906967178,-0.04916,-0.0411));
#4270=CARTESIAN_POINT('',(0.0510612093040097,-0.04916,-0.0411));
#4271=CARTESIAN_POINT('',(0.0488112093040097,-0.04916,-0.0411));
#4272=CARTESIAN_POINT('',(-0.0803637906959904,-0.0417447564753426,-0.0009));
#4273=CARTESIAN_POINT('',(-0.0832387906959904,-0.0417447564753426,-0.02328));
#4274=CARTESIAN_POINT('',(-0.0832387906959904,-0.0417447564753426,0.00157));
#4275=CARTESIAN_POINT('',(-0.0832387906959904,-0.0417447564753426,-0.02328));
#4276=CARTESIAN_POINT('',(-0.0777387906959904,-0.0417447564753426,-0.02328));
#4277=CARTESIAN_POINT('',(-0.0777387906959904,-0.0417447564753426,-0.02878));
#4278=CARTESIAN_POINT('',(-0.0682387906959903,-0.0417447564753426,-0.02878));
#4279=CARTESIAN_POINT('',(-0.0682387906959903,-0.0417447564753426,-0.02878));
#4280=CARTESIAN_POINT('',(-0.0682387906959903,-0.0417447564753426,-0.02328));
#4281=CARTESIAN_POINT('',(-0.0627387906959903,-0.0417447564753426,-0.02328));
#4282=CARTESIAN_POINT('',(-0.0627387906959903,-0.0417447564753426,-0.0009));
#4283=CARTESIAN_POINT('',(-0.0627387906959903,-0.0417447564753426,0.00157));
#4284=CARTESIAN_POINT('',(-0.0682387906959903,-0.0417447564753426,0.00157));
#4285=CARTESIAN_POINT('',(-0.0682387906959903,-0.0417447564753426,0.00707));
#4286=CARTESIAN_POINT('',(-0.0803637906959904,-0.0417447564753426,0.00707));
#4287=CARTESIAN_POINT('',(-0.0777387906959904,-0.0417447564753426,0.00707));
#4288=CARTESIAN_POINT('',(-0.0777387906959904,-0.0417447564753426,0.00157));
#4289=CARTESIAN_POINT('',(-0.0832387906959904,-0.0417447564753426,0.01672));
#4290=CARTESIAN_POINT('',(-0.0832387906959904,-0.0417447564753426,0.0297));
#4291=CARTESIAN_POINT('',(-0.0832387906959904,-0.0417447564753426,0.01672));
#4292=CARTESIAN_POINT('',(-0.0777387906959904,-0.0417447564753426,0.01672));
#4293=CARTESIAN_POINT('',(-0.0777387906959904,-0.0417447564753426,0.01122));
#4294=CARTESIAN_POINT('',(-0.0682387906959903,-0.0417447564753426,0.01122));
#4295=CARTESIAN_POINT('',(-0.0682387906959903,-0.0417447564753426,0.01122));
#4296=CARTESIAN_POINT('',(-0.0682387906959903,-0.0417447564753426,0.01672));
#4297=CARTESIAN_POINT('',(-0.0627387906959903,-0.0417447564753426,0.01672));
#4298=CARTESIAN_POINT('',(-0.0627387906959903,-0.0417447564753426,-0.0009));
#4299=CARTESIAN_POINT('',(-0.0627387906959903,-0.0417447564753426,0.0297));
#4300=CARTESIAN_POINT('',(-0.0682387906959903,-0.0417447564753426,0.0297));
#4301=CARTESIAN_POINT('',(-0.0682387906959903,-0.0417447564753426,0.0352));
#4302=CARTESIAN_POINT('',(-0.0803637906959904,-0.0417447564753426,0.0352));
#4303=CARTESIAN_POINT('',(-0.0777387906959904,-0.0417447564753426,0.0352));
#4304=CARTESIAN_POINT('',(-0.0777387906959904,-0.0417447564753426,0.0297));
#4305=CARTESIAN_POINT('',(-0.0959387906959904,-0.0417447564753426,-0.00045));
#4306=CARTESIAN_POINT('',(-0.0959387906959904,-0.0417447564753426,0.03475));
#4307=CARTESIAN_POINT('',(-0.0959387906959904,-0.0417447564753426,-0.03565));
#4308=CARTESIAN_POINT('',(-0.0911137906959903,-0.0417447564753426,-0.03565));
#4309=CARTESIAN_POINT('',(-0.0862887906959904,-0.0417447564753426,-0.03565));
#4310=CARTESIAN_POINT('',(-0.0862887906959904,-0.0417447564753426,-0.00045));
#4311=CARTESIAN_POINT('',(-0.0862887906959904,-0.0417447564753426,0.03475));
#4312=CARTESIAN_POINT('',(-0.0911137906959903,-0.0417447564753426,0.03475));
#4313=CARTESIAN_POINT('',(-0.0959387906959904,0.364298419258234,-0.00045));
#4314=CARTESIAN_POINT('',(-0.0959387906959904,0.364298419258234,0.03475));
#4315=CARTESIAN_POINT('',(-0.0959387906959904,-0.05375,0.03475));
#4316=CARTESIAN_POINT('',(-0.0959387906959904,-0.05375,-0.03565));
#4317=CARTESIAN_POINT('',(-0.0959387906959904,-0.05375,-0.03565));
#4318=CARTESIAN_POINT('',(-0.0959387906959904,0.364298419258234,-0.03565));
#4319=CARTESIAN_POINT('',(-0.0911137906959903,0.364298419258234,-0.03565));
#4320=CARTESIAN_POINT('',(-0.0881387906967178,-0.04916,-0.03565));
#4321=CARTESIAN_POINT('',(-0.0898887906967178,-0.04916,-0.03565));
#4322=CARTESIAN_POINT('',(-0.0862887906959904,-0.05375,-0.03565));
#4323=CARTESIAN_POINT('',(-0.0862887906959904,-0.05375,-0.03565));
#4324=CARTESIAN_POINT('',(-0.0862887906959904,0.364298419258234,-0.03565));
#4325=CARTESIAN_POINT('',(-0.0911137906959903,0.364298419258234,0.03475));
#4326=CARTESIAN_POINT('',(-0.0881387906967178,-0.04916,0.03475));
#4327=CARTESIAN_POINT('',(-0.0898887906967178,-0.04916,0.03475));
#4328=CARTESIAN_POINT('',(-0.0862887906959904,0.364298419258234,0.03475));
#4329=CARTESIAN_POINT('',(-0.0862887906959904,-0.05375,0.03475));
#4330=CARTESIAN_POINT('',(-0.0911137906959903,-0.05375,0.03475));
#4331=CARTESIAN_POINT('',(-0.0862887906959904,0.364298419258234,-0.00045));
#4332=CARTESIAN_POINT('',(-0.0862887906959904,-0.05375,-0.00045));
#4333=CARTESIAN_POINT('',(-0.0999387906959904,-0.0361,-0.000900000000000012));
#4334=CARTESIAN_POINT('',(-0.0921471240293237,-0.0438916666666667,-0.0320083333333333));
#4335=CARTESIAN_POINT('',(-0.0735387906961116,-0.0624999999998788,0.0116000000001212));
#4336=CARTESIAN_POINT('',(-0.0596887906959904,-0.035,-1.30995064646066E-17));
#4337=CARTESIAN_POINT('',(-0.068580457362657,-0.0438916666666666,-0.0320083333333333));
#4338=CARTESIAN_POINT('',(-0.0459721240294449,-0.0212833333334546,0.0528166666665454));
#4339=CARTESIAN_POINT('',(-0.0842887906959904,-0.05575,-2.08166817117217E-17));
#4340=CARTESIAN_POINT('',(-0.0968387906959904,-0.0432,-0.0251));
#4341=CARTESIAN_POINT('',(-0.0623721240294448,-0.0776666666665454,0.0586666666665455));
#4342=CARTESIAN_POINT('',(-0.0185387906963541,-0.05575,0.03675));
#4343=CARTESIAN_POINT('',(-0.084205457362657,-0.0420166666666667,0.0230166666666666));
#4344=CARTESIAN_POINT('',(-0.0911137906959903,-0.05375,-0.03565));
#4345=CARTESIAN_POINT('',(-0.084205457362657,-0.0420166666666667,-0.0239166666666666));
#4346=CARTESIAN_POINT('',(-0.0959387906959904,-0.05375,-0.00045));
#4347=CARTESIAN_POINT('',(-0.0803637906959904,-0.038,-0.0379));
#4348=CARTESIAN_POINT('',(-0.0185387906963541,-0.035,0.0391));
#4349=CARTESIAN_POINT('',(-0.0705387906959903,-0.0487647564753426,0.00827));
#4350=CARTESIAN_POINT('',(-0.0578637906959904,-0.0487647564753426,-0.03193));
#4351=CARTESIAN_POINT('',(-0.0637387906959903,-0.0487647564753426,-0.03193));
#4352=CARTESIAN_POINT('',(-0.0817387906959904,-0.0487647564753426,-0.03193));
#4353=CARTESIAN_POINT('',(-0.0637387906959903,-0.0487647564753426,0.00827));
#4354=CARTESIAN_POINT('',(-0.0817387906959904,-0.0487647564753426,-0.030855));
#4355=CARTESIAN_POINT('',(-0.0578637906959904,0.364998419258235,-0.03193));
#4356=CARTESIAN_POINT('',(-0.0637387906959903,-0.0447647564753426,-0.03193));
#4357=CARTESIAN_POINT('',(-0.0817387906959904,0.364998419258235,-0.03193));
#4358=CARTESIAN_POINT('',(-0.0817387906959904,0.364998419258235,-0.030855));
#4359=CARTESIAN_POINT('',(-0.0705387906959903,-0.0487647564753426,0.00827));
#4360=CARTESIAN_POINT('',(-0.0578637906959904,-0.0487647564753426,0.00807));
#4361=CARTESIAN_POINT('',(-0.0637387906959903,-0.0487647564753426,0.00807));
#4362=CARTESIAN_POINT('',(-0.0817387906959904,-0.0487647564753426,0.00807));
#4363=CARTESIAN_POINT('',(-0.0637387906959903,-0.0487647564753426,0.00827));
#4364=CARTESIAN_POINT('',(-0.0817387906959904,-0.0487647564753426,0.009145));
#4365=CARTESIAN_POINT('',(-0.0817387906959904,0.364998419258235,0.009145));
#4366=CARTESIAN_POINT('',(-0.0817387906959904,0.364998419258235,0.00807));
#4367=CARTESIAN_POINT('',(-0.0578637906959904,0.364998419258235,0.00807));
#4368=CARTESIAN_POINT('',(-0.0637387906959903,-0.0447647564753426,0.00807));
#4369=CARTESIAN_POINT('',(-0.0637387906959903,-0.0447647564753426,-0.035465));
#4370=CARTESIAN_POINT('',(-0.0637387906959903,-0.0447647564753426,0.004535));
#4371=CARTESIAN_POINT('',(-0.0682387906959903,-0.0417427564753425,0.00157));
#4372=CARTESIAN_POINT('',(-0.0682387906959903,-0.0417427564753425,0.00557));
#4373=CARTESIAN_POINT('',(-0.0682387906959903,-0.0453158242872081,0.00557));
#4374=CARTESIAN_POINT('',(-0.0682387906959903,-0.0521789321881345,0.00557));
#4375=CARTESIAN_POINT('',(-0.0682387906959903,-0.0453158242872081,0.00157));
#4376=CARTESIAN_POINT('',(-0.0642387906959903,-0.0453158242872081,0.00157));
#4377=CARTESIAN_POINT('',(-0.0642387906959903,-0.0417427564753425,0.00157));
#4378=CARTESIAN_POINT('',(-0.0642387906959903,-0.0521789321881345,0.00157));
#4379=CARTESIAN_POINT('',(-0.0682387906959903,-0.0521789321881345,0.00157));
#4380=CARTESIAN_POINT('',(-0.0729887906959904,-0.0417427564753425,0.00557));
#4381=CARTESIAN_POINT('',(-0.0777387906959904,-0.0417427564753425,0.00557));
#4382=CARTESIAN_POINT('',(-0.0777387906959904,-0.0453158242872081,0.00557));
#4383=CARTESIAN_POINT('',(-0.0777387906959904,-0.0521789321881345,0.00557));
#4384=CARTESIAN_POINT('',(-0.0729887906959904,-0.045315824287208,0.00557));
#4385=CARTESIAN_POINT('',(-0.0729887906959904,-0.0521789321881345,0.00557));
#4386=CARTESIAN_POINT('',(-0.0777387906959904,-0.0417427564753425,0.00157));
#4387=CARTESIAN_POINT('',(-0.0817387906959904,-0.0417427564753425,0.00157));
#4388=CARTESIAN_POINT('',(-0.0817387906959904,-0.0453158242872081,0.00157));
#4389=CARTESIAN_POINT('',(-0.0817387906959904,-0.0521789321881345,0.00157));
#4390=CARTESIAN_POINT('',(-0.0777387906959904,-0.0453158242872081,0.00157));
#4391=CARTESIAN_POINT('',(-0.0777387906959904,-0.0521789321881345,0.00157));
#4392=CARTESIAN_POINT('',(-0.0817387906959904,-0.0417427564753425,-0.010855));
#4393=CARTESIAN_POINT('',(-0.0817387906959904,-0.0417427564753425,-0.02328));
#4394=CARTESIAN_POINT('',(-0.0817387906959904,-0.0453158242872081,-0.02328));
#4395=CARTESIAN_POINT('',(-0.0817387906959904,-0.0521789321881345,-0.02328));
#4396=CARTESIAN_POINT('',(-0.0817387906959904,-0.0453158242872081,0.00157));
#4397=CARTESIAN_POINT('',(-0.0817387906959904,-0.0521789321881345,-0.02328));
#4398=CARTESIAN_POINT('',(-0.0777387906959904,-0.0417427564753425,-0.02328));
#4399=CARTESIAN_POINT('',(-0.0777387906959904,-0.0417427564753425,-0.02728));
#4400=CARTESIAN_POINT('',(-0.0777387906959904,-0.0453158242872081,-0.02728));
#4401=CARTESIAN_POINT('',(-0.0777387906959904,-0.0521789321881345,-0.02728));
#4402=CARTESIAN_POINT('',(-0.0777387906959904,-0.0453158242872081,-0.02328));
#4403=CARTESIAN_POINT('',(-0.0777387906959904,-0.0521789321881345,-0.02328));
#4404=CARTESIAN_POINT('',(-0.0642387906959903,-0.0417427564753425,-0.010855));
#4405=CARTESIAN_POINT('',(-0.0642387906959903,-0.0453158242872081,-0.010855));
#4406=CARTESIAN_POINT('',(-0.0642387906959903,-0.0453158242872081,-0.02328));
#4407=CARTESIAN_POINT('',(-0.0642387906959903,-0.0417427564753425,-0.02328));
#4408=CARTESIAN_POINT('',(-0.0642387906959903,-0.0521789321881345,-0.02328));
#4409=CARTESIAN_POINT('',(-0.0642387906959903,-0.0521789321881345,-0.010855));
#4410=CARTESIAN_POINT('',(-0.0729887906959904,-0.0417427564753425,-0.02728));
#4411=CARTESIAN_POINT('',(-0.0682387906959903,-0.0417427564753425,-0.02728));
#4412=CARTESIAN_POINT('',(-0.0682387906959903,-0.0453158242872081,-0.02728));
#4413=CARTESIAN_POINT('',(-0.0682387906959903,-0.0521789321881345,-0.02728));
#4414=CARTESIAN_POINT('',(-0.0777387906959904,-0.0453158242872081,-0.02728));
#4415=CARTESIAN_POINT('',(-0.0682387906959903,-0.0521789321881345,-0.02728));
#4416=CARTESIAN_POINT('',(-0.0682387906959903,-0.0417427564753425,-0.02328));
#4417=CARTESIAN_POINT('',(-0.0682387906959903,-0.0453158242872081,-0.02328));
#4418=CARTESIAN_POINT('',(-0.0682387906959903,-0.0521789321881345,-0.02328));
#4419=CARTESIAN_POINT('',(-0.0682387906959903,-0.0417427564753425,0.0297));
#4420=CARTESIAN_POINT('',(-0.0682387906959903,-0.0417427564753425,0.0337));
#4421=CARTESIAN_POINT('',(-0.0682387906959903,-0.045315824287208,0.0337));
#4422=CARTESIAN_POINT('',(-0.0682387906959903,-0.0521789321881345,0.0337));
#4423=CARTESIAN_POINT('',(-0.0682387906959903,-0.045315824287208,0.0297));
#4424=CARTESIAN_POINT('',(-0.0642387906959903,-0.045315824287208,0.0297));
#4425=CARTESIAN_POINT('',(-0.0642387906959903,-0.0417427564753425,0.0297));
#4426=CARTESIAN_POINT('',(-0.0642387906959903,-0.0521789321881345,0.0297));
#4427=CARTESIAN_POINT('',(-0.0682387906959903,-0.0521789321881345,0.0297));
#4428=CARTESIAN_POINT('',(-0.0729887906959904,-0.0417427564753425,0.0337));
#4429=CARTESIAN_POINT('',(-0.0777387906959904,-0.0417427564753425,0.0337));
#4430=CARTESIAN_POINT('',(-0.0777387906959904,-0.045315824287208,0.0337));
#4431=CARTESIAN_POINT('',(-0.0777387906959904,-0.0521789321881345,0.0337));
#4432=CARTESIAN_POINT('',(-0.0729887906959904,-0.0453158242872081,0.0337));
#4433=CARTESIAN_POINT('',(-0.0729887906959904,-0.0521789321881345,0.0337));
#4434=CARTESIAN_POINT('',(-0.0777387906959904,-0.0417427564753425,0.0297));
#4435=CARTESIAN_POINT('',(-0.0817387906959904,-0.0417427564753425,0.0297));
#4436=CARTESIAN_POINT('',(-0.0817387906959904,-0.0453158242872081,0.0297));
#4437=CARTESIAN_POINT('',(-0.0817387906959904,-0.0521789321881345,0.0297));
#4438=CARTESIAN_POINT('',(-0.0777387906959904,-0.045315824287208,0.0297));
#4439=CARTESIAN_POINT('',(-0.0777387906959904,-0.0521789321881345,0.0297));
#4440=CARTESIAN_POINT('',(-0.0817387906959904,-0.0417427564753425,0.02321));
#4441=CARTESIAN_POINT('',(-0.0817387906959904,-0.0417427564753425,0.01672));
#4442=CARTESIAN_POINT('',(-0.0817387906959904,-0.0453158242872081,0.01672));
#4443=CARTESIAN_POINT('',(-0.0817387906959904,-0.0521789321881345,0.01672));
#4444=CARTESIAN_POINT('',(-0.0817387906959904,-0.0453158242872081,0.0297));
#4445=CARTESIAN_POINT('',(-0.0817387906959904,-0.0521789321881345,0.01672));
#4446=CARTESIAN_POINT('',(-0.0777387906959904,-0.0417427564753425,0.01672));
#4447=CARTESIAN_POINT('',(-0.0777387906959904,-0.0417427564753425,0.01272));
#4448=CARTESIAN_POINT('',(-0.0777387906959904,-0.0453158242872081,0.01272));
#4449=CARTESIAN_POINT('',(-0.0777387906959904,-0.0521789321881345,0.01272));
#4450=CARTESIAN_POINT('',(-0.0777387906959904,-0.0453158242872081,0.01672));
#4451=CARTESIAN_POINT('',(-0.0777387906959904,-0.0521789321881345,0.01672));
#4452=CARTESIAN_POINT('',(-0.0642387906959903,-0.0417427564753425,0.02321));
#4453=CARTESIAN_POINT('',(-0.0642387906959903,-0.0453158242872081,0.02321));
#4454=CARTESIAN_POINT('',(-0.0642387906959903,-0.0453158242872081,0.01672));
#4455=CARTESIAN_POINT('',(-0.0642387906959903,-0.0417427564753425,0.01672));
#4456=CARTESIAN_POINT('',(-0.0642387906959903,-0.0521789321881345,0.01672));
#4457=CARTESIAN_POINT('',(-0.0642387906959903,-0.0521789321881345,0.02321));
#4458=CARTESIAN_POINT('',(-0.0729887906959904,-0.0417427564753425,0.01272));
#4459=CARTESIAN_POINT('',(-0.0682387906959903,-0.0417427564753425,0.01272));
#4460=CARTESIAN_POINT('',(-0.0682387906959903,-0.0453158242872081,0.01272));
#4461=CARTESIAN_POINT('',(-0.0682387906959903,-0.0521789321881345,0.01272));
#4462=CARTESIAN_POINT('',(-0.0777387906959904,-0.0453158242872081,0.01272));
#4463=CARTESIAN_POINT('',(-0.0682387906959903,-0.0521789321881345,0.01272));
#4464=CARTESIAN_POINT('',(-0.0682387906959903,-0.0417427564753425,0.01672));
#4465=CARTESIAN_POINT('',(-0.0682387906959903,-0.0453158242872081,0.01672));
#4466=CARTESIAN_POINT('',(-0.0682387906959903,-0.0521789321881345,0.01672));
#4467=CARTESIAN_POINT('',(-0.0682387906959903,-0.05425,0.00157));
#4468=CARTESIAN_POINT('',(-0.0682387906959903,-0.05425,0.00557));
#4469=CARTESIAN_POINT('',(-0.0682387906959903,-0.0557144660940673,0.00703446609406727));
#4470=CARTESIAN_POINT('',(-0.0682387906959903,-0.0557144660940673,0.00157));
#4471=CARTESIAN_POINT('',(-0.0627743246019231,-0.0557144660940673,0.00157));
#4472=CARTESIAN_POINT('',(-0.0627387906959903,-0.05575,0.00157));
#4473=CARTESIAN_POINT('',(-0.0185387906963541,-0.05575,0.00707));
#4474=CARTESIAN_POINT('',(-0.0777387906959904,-0.05425,0.00557));
#4475=CARTESIAN_POINT('',(-0.0777387906959904,-0.0557144660940673,0.00703446609406726));
#4476=CARTESIAN_POINT('',(-0.0185387906963541,-0.0557144660940673,0.00703446609406726));
#4477=CARTESIAN_POINT('',(-0.0627387906959903,-0.05575,-2.08166817117217E-17));
#4478=CARTESIAN_POINT('',(-0.0627743246019231,-0.0557144660940673,-2.08166817117217E-17));
#4479=CARTESIAN_POINT('',(-0.0627743246019231,-0.0557144660940673,-0.02328));
#4480=CARTESIAN_POINT('',(-0.0627387906959903,-0.05575,-0.02328));
#4481=CARTESIAN_POINT('',(-0.0777387906959904,-0.05425,0.00157));
#4482=CARTESIAN_POINT('',(-0.0817387906959904,-0.05425,0.00157));
#4483=CARTESIAN_POINT('',(-0.0832032567900577,-0.0557144660940673,0.00157));
#4484=CARTESIAN_POINT('',(-0.0777387906959904,-0.0557144660940673,0.00157));
#4485=CARTESIAN_POINT('',(-0.0682387906959903,-0.05425,-0.02328));
#4486=CARTESIAN_POINT('',(-0.0682387906959903,-0.0557144660940673,-0.02328));
#4487=CARTESIAN_POINT('',(-0.0682387906959903,-0.0557144660940673,-0.0287444660940673));
#4488=CARTESIAN_POINT('',(-0.0682387906959903,-0.05575,-0.02878));
#4489=CARTESIAN_POINT('',(-0.0817387906959904,-0.05425,-0.010855));
#4490=CARTESIAN_POINT('',(-0.0817387906959904,-0.05425,-0.02328));
#4491=CARTESIAN_POINT('',(-0.0832032567900577,-0.0557144660940673,-0.02328));
#4492=CARTESIAN_POINT('',(-0.0832032567900577,-0.0557144660940673,0.00157));
#4493=CARTESIAN_POINT('',(-0.0729887906959904,-0.05425,-0.02728));
#4494=CARTESIAN_POINT('',(-0.0777387906959904,-0.0557144660940673,-0.0287444660940673));
#4495=CARTESIAN_POINT('',(-0.0777387906959904,-0.0557144660940673,-0.0287444660940673));
#4496=CARTESIAN_POINT('',(-0.0777387906959904,-0.05575,-0.02878));
#4497=CARTESIAN_POINT('',(-0.0777387906959904,-0.05425,-0.02328));
#4498=CARTESIAN_POINT('',(-0.0777387906959904,-0.0557144660940673,-0.02328));
#4499=CARTESIAN_POINT('',(-0.0682387906959903,-0.05425,0.0297));
#4500=CARTESIAN_POINT('',(-0.0682387906959903,-0.05425,0.0337));
#4501=CARTESIAN_POINT('',(-0.0682387906959903,-0.0557144660940673,0.0351644660940672));
#4502=CARTESIAN_POINT('',(-0.0682387906959903,-0.0557144660940673,0.0297));
#4503=CARTESIAN_POINT('',(-0.0627743246019231,-0.0557144660940673,0.0297));
#4504=CARTESIAN_POINT('',(-0.0627387906959903,-0.05575,0.0297));
#4505=CARTESIAN_POINT('',(-0.0185387906963541,-0.05575,0.0352));
#4506=CARTESIAN_POINT('',(-0.0777387906959904,-0.05425,0.0337));
#4507=CARTESIAN_POINT('',(-0.0777387906959904,-0.0557144660940673,0.0351644660940672));
#4508=CARTESIAN_POINT('',(-0.0185387906963541,-0.0557144660940673,0.0351644660940672));
#4509=CARTESIAN_POINT('',(-0.0627387906959903,-0.05575,-2.08166817117217E-17));
#4510=CARTESIAN_POINT('',(-0.0627743246019231,-0.0557144660940673,-2.08166817117217E-17));
#4511=CARTESIAN_POINT('',(-0.0627743246019231,-0.0557144660940673,0.01672));
#4512=CARTESIAN_POINT('',(-0.0627387906959903,-0.05575,0.01672));
#4513=CARTESIAN_POINT('',(-0.0777387906959904,-0.05425,0.0297));
#4514=CARTESIAN_POINT('',(-0.0817387906959904,-0.05425,0.0297));
#4515=CARTESIAN_POINT('',(-0.0832032567900577,-0.0557144660940673,0.0297));
#4516=CARTESIAN_POINT('',(-0.0777387906959904,-0.0557144660940673,0.0297));
#4517=CARTESIAN_POINT('',(-0.0682387906959903,-0.05425,0.01672));
#4518=CARTESIAN_POINT('',(-0.0682387906959903,-0.0557144660940673,0.01672));
#4519=CARTESIAN_POINT('',(-0.0682387906959903,-0.0557144660940673,0.0112555339059327));
#4520=CARTESIAN_POINT('',(-0.0682387906959903,-0.05575,0.01122));
#4521=CARTESIAN_POINT('',(-0.0817387906959904,-0.05425,0.02321));
#4522=CARTESIAN_POINT('',(-0.0817387906959904,-0.05425,0.01672));
#4523=CARTESIAN_POINT('',(-0.0832032567900577,-0.0557144660940673,0.01672));
#4524=CARTESIAN_POINT('',(-0.0832032567900577,-0.0557144660940673,0.0297));
#4525=CARTESIAN_POINT('',(-0.0729887906959904,-0.05425,0.01272));
#4526=CARTESIAN_POINT('',(-0.0777387906959904,-0.0557144660940673,0.0112555339059327));
#4527=CARTESIAN_POINT('',(-0.0777387906959904,-0.0557144660940673,0.0112555339059327));
#4528=CARTESIAN_POINT('',(-0.0777387906959904,-0.05575,0.01122));
#4529=CARTESIAN_POINT('',(-0.0777387906959904,-0.05425,0.01672));
#4530=CARTESIAN_POINT('',(-0.0777387906959904,-0.0557144660940673,0.01672));
#4531=CARTESIAN_POINT('',(-0.0682387906959903,-0.0417447564753426,0.00157));
#4532=CARTESIAN_POINT('',(-0.0642387906959903,-0.0432447564753426,0.00157));
#4533=CARTESIAN_POINT('',(-0.0627743246019231,-0.0417802903812753,0.00157));
#4534=CARTESIAN_POINT('',(-0.0682387906959903,-0.0417802903812753,0.00157));
#4535=CARTESIAN_POINT('',(-0.0682387906959903,-0.0417802903812753,0.00703446609406726));
#4536=CARTESIAN_POINT('',(-0.0682387906959903,-0.0417447564753426,0.00707));
#4537=CARTESIAN_POINT('',(-0.0729887906959904,-0.0432447564753426,0.00557));
#4538=CARTESIAN_POINT('',(-0.0729887906959904,-0.0417802903812753,0.00703446609406726));
#4539=CARTESIAN_POINT('',(-0.0777387906959904,-0.0417802903812753,0.00703446609406726));
#4540=CARTESIAN_POINT('',(-0.0777387906959904,-0.0417447564753426,0.00707));
#4541=CARTESIAN_POINT('',(-0.0642387906959903,-0.0432447564753426,-0.010855));
#4542=CARTESIAN_POINT('',(-0.0642387906959903,-0.0432447564753426,-0.02328));
#4543=CARTESIAN_POINT('',(-0.0627743246019231,-0.0417802903812753,-0.02328));
#4544=CARTESIAN_POINT('',(-0.0627743246019231,-0.0417802903812753,-0.010855));
#4545=CARTESIAN_POINT('',(-0.0777387906959904,-0.0417447564753426,0.00157));
#4546=CARTESIAN_POINT('',(-0.0777387906959904,-0.0417802903812753,0.00157));
#4547=CARTESIAN_POINT('',(-0.0832032567900577,-0.0417802903812753,0.00157));
#4548=CARTESIAN_POINT('',(-0.0832387906959904,-0.0417447564753426,0.00157));
#4549=CARTESIAN_POINT('',(-0.0682387906959903,-0.0417447564753426,-0.02328));
#4550=CARTESIAN_POINT('',(-0.0682387906959903,-0.0432447564753426,-0.02728));
#4551=CARTESIAN_POINT('',(-0.0682387906959903,-0.0417802903812753,-0.0287444660940673));
#4552=CARTESIAN_POINT('',(-0.0682387906959903,-0.0417802903812753,-0.02328));
#4553=CARTESIAN_POINT('',(-0.0832387906959904,-0.0417447564753426,-0.0009));
#4554=CARTESIAN_POINT('',(-0.0832032567900577,-0.0417802903812753,-0.02328));
#4555=CARTESIAN_POINT('',(-0.0832032567900577,-0.0417802903812753,-0.02328));
#4556=CARTESIAN_POINT('',(-0.0832387906959904,-0.0417447564753426,-0.02328));
#4557=CARTESIAN_POINT('',(-0.0803637906959904,-0.0417447564753426,-0.02878));
#4558=CARTESIAN_POINT('',(-0.0777387906959904,-0.0432447564753426,-0.02728));
#4559=CARTESIAN_POINT('',(-0.0777387906959904,-0.0417802903812753,-0.0287444660940673));
#4560=CARTESIAN_POINT('',(-0.0682387906959903,-0.0417802903812753,-0.0287444660940673));
#4561=CARTESIAN_POINT('',(-0.0777387906959904,-0.0417447564753426,-0.02328));
#4562=CARTESIAN_POINT('',(-0.0777387906959904,-0.0417802903812753,-0.02328));
#4563=CARTESIAN_POINT('',(-0.0682387906959903,-0.0417447564753426,0.0297));
#4564=CARTESIAN_POINT('',(-0.0642387906959903,-0.0432447564753426,0.0297));
#4565=CARTESIAN_POINT('',(-0.0627743246019231,-0.0417802903812753,0.0297));
#4566=CARTESIAN_POINT('',(-0.0682387906959903,-0.0417802903812753,0.0297));
#4567=CARTESIAN_POINT('',(-0.0682387906959903,-0.0417802903812753,0.0351644660940672));
#4568=CARTESIAN_POINT('',(-0.0682387906959903,-0.0417447564753426,0.0352));
#4569=CARTESIAN_POINT('',(-0.0729887906959904,-0.0432447564753426,0.0337));
#4570=CARTESIAN_POINT('',(-0.0729887906959904,-0.0417802903812753,0.0351644660940672));
#4571=CARTESIAN_POINT('',(-0.0777387906959904,-0.0417802903812753,0.0351644660940672));
#4572=CARTESIAN_POINT('',(-0.0777387906959904,-0.0417447564753426,0.0352));
#4573=CARTESIAN_POINT('',(-0.0642387906959903,-0.0432447564753426,0.02321));
#4574=CARTESIAN_POINT('',(-0.0642387906959903,-0.0432447564753426,0.01672));
#4575=CARTESIAN_POINT('',(-0.0627743246019231,-0.0417802903812753,0.01672));
#4576=CARTESIAN_POINT('',(-0.0627743246019231,-0.0417802903812753,0.02321));
#4577=CARTESIAN_POINT('',(-0.0777387906959904,-0.0417447564753426,0.0297));
#4578=CARTESIAN_POINT('',(-0.0777387906959904,-0.0417802903812753,0.0297));
#4579=CARTESIAN_POINT('',(-0.0832032567900577,-0.0417802903812753,0.0297));
#4580=CARTESIAN_POINT('',(-0.0832387906959904,-0.0417447564753426,0.0297));
#4581=CARTESIAN_POINT('',(-0.0682387906959903,-0.0417447564753426,0.01672));
#4582=CARTESIAN_POINT('',(-0.0682387906959903,-0.0432447564753426,0.01272));
#4583=CARTESIAN_POINT('',(-0.0682387906959903,-0.0417802903812753,0.0112555339059327));
#4584=CARTESIAN_POINT('',(-0.0682387906959903,-0.0417802903812753,0.01672));
#4585=CARTESIAN_POINT('',(-0.0832387906959904,-0.0417447564753426,-0.0009));
#4586=CARTESIAN_POINT('',(-0.0832032567900577,-0.0417802903812753,0.01672));
#4587=CARTESIAN_POINT('',(-0.0832032567900577,-0.0417802903812753,0.01672));
#4588=CARTESIAN_POINT('',(-0.0832387906959904,-0.0417447564753426,0.01672));
#4589=CARTESIAN_POINT('',(-0.0803637906959904,-0.0417447564753426,0.01122));
#4590=CARTESIAN_POINT('',(-0.0777387906959904,-0.0432447564753426,0.01272));
#4591=CARTESIAN_POINT('',(-0.0777387906959904,-0.0417802903812753,0.0112555339059327));
#4592=CARTESIAN_POINT('',(-0.0682387906959903,-0.0417802903812753,0.0112555339059327));
#4593=CARTESIAN_POINT('',(-0.0777387906959904,-0.0417447564753426,0.01672));
#4594=CARTESIAN_POINT('',(-0.0777387906959904,-0.0417802903812753,0.01672));
#4595=CARTESIAN_POINT('',(-0.0729887906959904,-0.0453158242872081,-0.03228));
#4596=CARTESIAN_POINT('',(-0.0682387906959903,-0.0453158242872081,-0.03228));
#4597=CARTESIAN_POINT('',(-0.0777387906959904,-0.0453158242872081,-0.03228));
#4598=CARTESIAN_POINT('',(-0.0777387906959904,-0.0453158242872081,-0.02328));
#4599=CARTESIAN_POINT('',(-0.0867387906959904,-0.0453158242872081,-0.02328));
#4600=CARTESIAN_POINT('',(-0.0682387906959903,-0.0453158242872081,-0.02328));
#4601=CARTESIAN_POINT('',(-0.0592387906959903,-0.0453158242872081,-0.02328));
#4602=CARTESIAN_POINT('',(-0.0867387906959904,-0.0453158242872081,-0.010855));
#4603=CARTESIAN_POINT('',(-0.0867387906959904,-0.0453158242872081,0.00157));
#4604=CARTESIAN_POINT('',(-0.0592387906959903,-0.0453158242872081,-0.010855));
#4605=CARTESIAN_POINT('',(-0.0592387906959903,-0.0453158242872081,0.00157));
#4606=CARTESIAN_POINT('',(-0.0777387906959904,-0.0453158242872081,0.00157));
#4607=CARTESIAN_POINT('',(-0.0777387906959904,-0.0453158242872081,0.01057));
#4608=CARTESIAN_POINT('',(-0.0682387906959903,-0.0453158242872081,0.00157));
#4609=CARTESIAN_POINT('',(-0.0682387906959903,-0.0453158242872081,0.01057));
#4610=CARTESIAN_POINT('',(-0.0729887906959904,-0.045315824287208,0.01057));
#4611=CARTESIAN_POINT('',(-0.0729887906959904,-0.0453158242872081,0.00772));
#4612=CARTESIAN_POINT('',(-0.0682387906959903,-0.0453158242872081,0.00772));
#4613=CARTESIAN_POINT('',(-0.0777387906959904,-0.0453158242872081,0.00772));
#4614=CARTESIAN_POINT('',(-0.0777387906959904,-0.0453158242872081,0.01672));
#4615=CARTESIAN_POINT('',(-0.0867387906959904,-0.0453158242872081,0.01672));
#4616=CARTESIAN_POINT('',(-0.0682387906959903,-0.0453158242872081,0.01672));
#4617=CARTESIAN_POINT('',(-0.0592387906959903,-0.0453158242872081,0.01672));
#4618=CARTESIAN_POINT('',(-0.0867387906959904,-0.0453158242872081,0.02321));
#4619=CARTESIAN_POINT('',(-0.0867387906959904,-0.0453158242872081,0.0297));
#4620=CARTESIAN_POINT('',(-0.0592387906959903,-0.0453158242872081,0.02321));
#4621=CARTESIAN_POINT('',(-0.0592387906959903,-0.0453158242872081,0.0297));
#4622=CARTESIAN_POINT('',(-0.0777387906959904,-0.045315824287208,0.0297));
#4623=CARTESIAN_POINT('',(-0.0777387906959904,-0.045315824287208,0.0387));
#4624=CARTESIAN_POINT('',(-0.0682387906959903,-0.045315824287208,0.0297));
#4625=CARTESIAN_POINT('',(-0.0682387906959903,-0.045315824287208,0.0387));
#4626=CARTESIAN_POINT('',(-0.0729887906959904,-0.0453158242872081,0.0387));
#4627=CARTESIAN_POINT('',(-0.0729887906959904,-0.0521789321881345,-0.03228));
#4628=CARTESIAN_POINT('',(-0.0777387906959904,-0.0521789321881345,-0.03228));
#4629=CARTESIAN_POINT('',(-0.0682387906959903,-0.0521789321881345,-0.03228));
#4630=CARTESIAN_POINT('',(-0.0682387906959903,-0.0521789321881345,-0.02328));
#4631=CARTESIAN_POINT('',(-0.0592387906959903,-0.0521789321881345,-0.02328));
#4632=CARTESIAN_POINT('',(-0.0777387906959904,-0.0521789321881345,-0.02328));
#4633=CARTESIAN_POINT('',(-0.0867387906959904,-0.0521789321881345,-0.02328));
#4634=CARTESIAN_POINT('',(-0.0592387906959903,-0.0521789321881345,-0.010855));
#4635=CARTESIAN_POINT('',(-0.0592387906959903,-0.0521789321881345,0.00157));
#4636=CARTESIAN_POINT('',(-0.0867387906959904,-0.0521789321881345,-0.010855));
#4637=CARTESIAN_POINT('',(-0.0867387906959904,-0.0521789321881345,0.00157));
#4638=CARTESIAN_POINT('',(-0.0682387906959903,-0.0521789321881345,0.00157));
#4639=CARTESIAN_POINT('',(-0.0682387906959903,-0.0521789321881345,0.01057));
#4640=CARTESIAN_POINT('',(-0.0777387906959904,-0.0521789321881345,0.00157));
#4641=CARTESIAN_POINT('',(-0.0777387906959904,-0.0521789321881345,0.01057));
#4642=CARTESIAN_POINT('',(-0.0729887906959904,-0.0521789321881345,0.01057));
#4643=CARTESIAN_POINT('',(-0.0729887906959904,-0.0521789321881345,0.00772));
#4644=CARTESIAN_POINT('',(-0.0777387906959904,-0.0521789321881345,0.00772));
#4645=CARTESIAN_POINT('',(-0.0682387906959903,-0.0521789321881345,0.00772));
#4646=CARTESIAN_POINT('',(-0.0682387906959903,-0.0521789321881345,0.01672));
#4647=CARTESIAN_POINT('',(-0.0592387906959903,-0.0521789321881345,0.01672));
#4648=CARTESIAN_POINT('',(-0.0777387906959904,-0.0521789321881345,0.01672));
#4649=CARTESIAN_POINT('',(-0.0867387906959904,-0.0521789321881345,0.01672));
#4650=CARTESIAN_POINT('',(-0.0592387906959903,-0.0521789321881345,0.02321));
#4651=CARTESIAN_POINT('',(-0.0592387906959903,-0.0521789321881345,0.0297));
#4652=CARTESIAN_POINT('',(-0.0867387906959904,-0.0521789321881345,0.02321));
#4653=CARTESIAN_POINT('',(-0.0867387906959904,-0.0521789321881345,0.0297));
#4654=CARTESIAN_POINT('',(-0.0682387906959903,-0.0521789321881345,0.0297));
#4655=CARTESIAN_POINT('',(-0.0682387906959903,-0.0521789321881345,0.0387));
#4656=CARTESIAN_POINT('',(-0.0777387906959904,-0.0521789321881345,0.0297));
#4657=CARTESIAN_POINT('',(-0.0777387906959904,-0.0521789321881345,0.0387));
#4658=CARTESIAN_POINT('',(-0.0729887906959904,-0.0521789321881345,0.0387));
#4659=CARTESIAN_POINT('',(-0.0513887906959903,-0.055752,0.04105));
#4660=CARTESIAN_POINT('',(-0.0513887906959903,-0.055752,0.0403));
#4661=CARTESIAN_POINT('',(-0.0528137906959903,-0.055752,0.0403));
#4662=CARTESIAN_POINT('',(-0.0542387906959903,-0.055752,0.0403));
#4663=CARTESIAN_POINT('',(-0.0542387906959903,-0.055752,0.04105));
#4664=CARTESIAN_POINT('',(0.0562612093040097,-0.04916,-0.03835));
#4665=CARTESIAN_POINT('',(0.0633951839002252,-0.04916,-0.03835));
#4666=CARTESIAN_POINT('',(0.0633951839002252,-0.04916,-0.0366));
#4667=CARTESIAN_POINT('',(0.0562612093040097,-0.04916,-0.03835));
#4668=CARTESIAN_POINT('',(0.0562612093040097,-0.04916,-0.0401));
#4669=CARTESIAN_POINT('',(0.0562612093040097,-0.045375,0.00035000000000001));
#4670=CARTESIAN_POINT('',(0.0562612093040097,-0.04916,0.03905));
#4671=CARTESIAN_POINT('',(0.0633951839002252,-0.04916,0.03905));
#4672=CARTESIAN_POINT('',(0.0633951839002252,-0.04916,0.0408));
#4673=CARTESIAN_POINT('',(0.0562612093040097,-0.04916,0.03905));
#4674=CARTESIAN_POINT('',(0.0562612093040097,-0.04916,0.0373));
#4675=CARTESIAN_POINT('',(0.0562612093040097,-0.045375,0.00035000000000001));
#4676=CARTESIAN_POINT('',(-0.0933387906967178,-0.04916,-0.03835));
#4677=CARTESIAN_POINT('',(-0.100472765292933,-0.04916,-0.03835));
#4678=CARTESIAN_POINT('',(-0.100472765292933,-0.04916,-0.0401));
#4679=CARTESIAN_POINT('',(-0.0933387906967178,-0.04916,-0.03835));
#4680=CARTESIAN_POINT('',(-0.0933387906967178,-0.04916,-0.0401));
#4681=CARTESIAN_POINT('',(-0.0933387906967178,-0.045375,0.00035000000000001));
#4682=CARTESIAN_POINT('',(-0.0933387906967178,-0.04916,0.03905));
#4683=CARTESIAN_POINT('',(-0.100472765292933,-0.04916,0.03905));
#4684=CARTESIAN_POINT('',(-0.100472765292933,-0.04916,0.0373));
#4685=CARTESIAN_POINT('',(-0.0933387906967178,-0.04916,0.03905));
#4686=CARTESIAN_POINT('',(-0.0933387906967178,-0.04916,0.0373));
#4687=CARTESIAN_POINT('',(-0.0933387906967178,-0.045375,0.00035000000000001));
#4688=CARTESIAN_POINT('',(-0.0881387906967178,-0.04916,0.0338));
#4689=CARTESIAN_POINT('',(-0.0881387906967178,-0.04916,0.0409339745962156));
#4690=CARTESIAN_POINT('',(-0.0898887906967178,-0.04916,0.0409339745962156));
#4691=CARTESIAN_POINT('',(-0.0185387906963541,-0.04916,0.0338));
#4692=CARTESIAN_POINT('',(-0.0185387906963541,-0.04916,0.0409339745962156));
#4693=CARTESIAN_POINT('',(-0.0202887906963541,-0.04916,0.0409339745962156));
#4694=CARTESIAN_POINT('',(0.0510612093040097,-0.04916,0.0338));
#4695=CARTESIAN_POINT('',(0.0510612093040097,-0.04916,0.0409339745962156));
#4696=CARTESIAN_POINT('',(0.0493112093040097,-0.04916,0.0409339745962156));
#4697=CARTESIAN_POINT('',(-0.0881387906967178,-0.04916,-0.0331));
#4698=CARTESIAN_POINT('',(-0.0881387906967178,-0.04916,-0.0402339745962155));
#4699=CARTESIAN_POINT('',(-0.0898887906967178,-0.04916,-0.0402339745962155));
#4700=CARTESIAN_POINT('',(-0.0185387906963541,-0.04916,-0.0331));
#4701=CARTESIAN_POINT('',(-0.0185387906963541,-0.04916,-0.0402339745962155));
#4702=CARTESIAN_POINT('',(-0.0202887906963541,-0.04916,-0.0402339745962155));
#4703=CARTESIAN_POINT('',(0.0510612093040097,-0.04916,-0.0331));
#4704=CARTESIAN_POINT('',(0.0510612093040097,-0.04916,-0.0402339745962156));
#4705=CARTESIAN_POINT('',(0.0493112093040097,-0.04916,-0.0402339745962156));
#4706=CARTESIAN_POINT('',(-0.0185387906963541,-0.04916,-0.0411));
#4707=CARTESIAN_POINT('',(-0.0881387906967178,-0.04916,-0.0411));
#4708=CARTESIAN_POINT('',(0.0510612093040097,-0.04916,-0.0411));
#4709=CARTESIAN_POINT('',(-0.0881387906967178,-0.04916,0.0409339745962156));
#4710=CARTESIAN_POINT('',(-0.0185387906963541,-0.04916,0.0409339745962156));
#4711=CARTESIAN_POINT('',(0.0510612093040097,-0.04916,0.0409339745962156));
#4712=CARTESIAN_POINT('',(-0.101338790696718,-0.04916,-0.03835));
#4713=CARTESIAN_POINT('',(-0.101338790696718,-0.04916,0.03905));
#4714=CARTESIAN_POINT('',(0.0633951839002252,-0.04916,-0.03835));
#4715=CARTESIAN_POINT('',(0.0633951839002252,-0.04916,0.03905));
#4716=MECHANICAL_DESIGN_GEOMETRIC_PRESENTATION_REPRESENTATION('',(#2783),
#4717);
#4717=(
GEOMETRIC_REPRESENTATION_CONTEXT(3)
GLOBAL_UNCERTAINTY_ASSIGNED_CONTEXT((#4718))
GLOBAL_UNIT_ASSIGNED_CONTEXT((#4721,#4720,#4719))
REPRESENTATION_CONTEXT('Middle Bracket','TOP_LEVEL_ASSEMBLY_PART')
);
#4718=UNCERTAINTY_MEASURE_WITH_UNIT(LENGTH_MEASURE(2.E-5),#4721,
'DISTANCE_ACCURACY_VALUE','Maximum Tolerance applied to model');
#4719=(
NAMED_UNIT(*)
SI_UNIT($,.STERADIAN.)
SOLID_ANGLE_UNIT()
);
#4720=(
NAMED_UNIT(*)
PLANE_ANGLE_UNIT()
SI_UNIT($,.RADIAN.)
);
#4721=(
LENGTH_UNIT()
NAMED_UNIT(*)
SI_UNIT($,.METRE.)
);
#4722=PRODUCT_DEFINITION_SHAPE('','',#4723);
#4723=PRODUCT_DEFINITION('','',#4725,#4724);
#4724=PRODUCT_DEFINITION_CONTEXT('',#4731,'design');
#4725=PRODUCT_DEFINITION_FORMATION_WITH_SPECIFIED_SOURCE('','',#4727,
 .NOT_KNOWN.);
#4726=PRODUCT_RELATED_PRODUCT_CATEGORY('','',(#4727));
#4727=PRODUCT('Middle Bracket','Middle Bracket','Middle Bracket',(#4729));
#4728=PRODUCT_CATEGORY('','');
#4729=PRODUCT_CONTEXT('',#4731,'mechanical');
#4730=APPLICATION_PROTOCOL_DEFINITION('international standard',
'ap242_managed_model_based_3d_engineering',2011,#4731);
#4731=APPLICATION_CONTEXT('managed model based 3d engineering');
ENDSEC;
END-ISO-10303-21;
