ISO-10303-21;
HEADER;
/* Generated by software containing ST-Developer
 * from STEP Tools, Inc. (www.steptools.com) 
 */
/* OPTION: using custom renumber hook */

FILE_DESCRIPTION(
/* description */ ('STEP AP242',
'CAx-IF Rec.Pracs.---Representation and Presentation of Product Manufa
cturing Information (PMI)---4.0---2014-10-13',
'CAx-IF Rec.Pracs.---3D Tessellated Geometry---0.4---2014-09-14','2;1'),

/* implementation_level */ '2;1');

FILE_NAME(
/* name */ '68167eebe73fa14b51bb7623',
/* time_stamp */ '2025-05-03T20:39:07Z',
/* author */ (''),
/* organization */ (''),
/* preprocessor_version */ 'ST-DEVELOPER v20',
/* originating_system */ 'ONSHAPE BY PTC INC, 1.197',
/* authorisation */ '  ');

FILE_SCHEMA (('AP242_MANAGED_MODEL_BASED_3D_ENGINEERING_MIM_LF { 1 0 10303 442 1 1 4 }'));
ENDSEC;

DATA;
#10=SHAPE_REPRESENTATION_RELATIONSHIP('','',#2442,#11);
#11=ADVANCED_BREP_SHAPE_REPRESENTATION('',(#2440),#4236);
#12=CONICAL_SURFACE('',#2663,0.00175,0.523598775598299);
#13=CONICAL_SURFACE('',#2664,0.00175,0.523598775598299);
#14=CONICAL_SURFACE('',#2665,0.00175,0.523598775598299);
#15=CONICAL_SURFACE('',#2666,0.0013,0.523598775598299);
#16=CONICAL_SURFACE('',#2667,0.00175,0.523598775598299);
#17=CONICAL_SURFACE('',#2668,0.00225,0.523598775598326);
#18=CONICAL_SURFACE('',#2669,0.00225,0.523598775598312);
#19=CONICAL_SURFACE('',#2670,0.00175,0.523598775598299);
#20=CONICAL_SURFACE('',#2671,0.00175,0.523598775598299);
#21=CONICAL_SURFACE('',#2672,0.00175,0.523598775598299);
#22=(
BOUNDED_SURFACE()
B_SPLINE_SURFACE(3,2,((#3925,#3926,#3927),(#3928,#3929,#3930),(#3931,#3932,
#3933),(#3934,#3935,#3936),(#3937,#3938,#3939)),.UNSPECIFIED.,.F.,.F.,.F.)
B_SPLINE_SURFACE_WITH_KNOTS((4,1,4),(3,3),(5.19188955636836,5.73753743177397,
6.28318530717959),(0.,1.),.UNSPECIFIED.)
GEOMETRIC_REPRESENTATION_ITEM()
RATIONAL_B_SPLINE_SURFACE(((1.,0.978147100871177,1.),(1.,0.962688401648044,
1.),(1.,0.917949013696359,1.),(1.,0.892686588906942,1.),(1.,0.892686588512506,
1.)))
REPRESENTATION_ITEM('')
SURFACE()
);
#23=(
BOUNDED_SURFACE()
B_SPLINE_SURFACE(3,2,((#3950,#3951,#3952),(#3953,#3954,#3955),(#3956,#3957,
#3958),(#3959,#3960,#3961),(#3962,#3963,#3964)),.UNSPECIFIED.,.F.,.F.,.F.)
B_SPLINE_SURFACE_WITH_KNOTS((4,1,4),(3,3),(5.30328889123614,5.79323709920786,
6.28318530717959),(0.,1.),.UNSPECIFIED.)
GEOMETRIC_REPRESENTATION_ITEM()
RATIONAL_B_SPLINE_SURFACE(((1.,0.978394252874782,1.),(1.,0.967758520516263,
1.),(1.,0.941562699438083,1.),(1.,0.928589401175987,1.),(1.,0.928589400958923,
1.)))
REPRESENTATION_ITEM('')
SURFACE()
);
#24=(
BOUNDED_SURFACE()
B_SPLINE_SURFACE(3,2,((#3979,#3980,#3981),(#3982,#3983,#3984),(#3985,#3986,
#3987),(#3988,#3989,#3990),(#3991,#3992,#3993)),.UNSPECIFIED.,.F.,.F.,.F.)
B_SPLINE_SURFACE_WITH_KNOTS((4,1,4),(3,3),(5.19259393544006,5.73788962130982,
6.28318530717959),(0.,1.),.UNSPECIFIED.)
GEOMETRIC_REPRESENTATION_ITEM()
RATIONAL_B_SPLINE_SURFACE(((1.,0.985194951306637,1.),(1.,0.974784415789056,
1.),(1.,0.94497131878454,1.),(1.,0.928589401200508,1.),(1.,0.928589400958923,
1.)))
REPRESENTATION_ITEM('')
SURFACE()
);
#25=(
BOUNDED_SURFACE()
B_SPLINE_SURFACE(3,2,((#3998,#3999,#4000),(#4001,#4002,#4003),(#4004,#4005,
#4006),(#4007,#4008,#4009),(#4010,#4011,#4012)),.UNSPECIFIED.,.F.,.F.,.F.)
B_SPLINE_SURFACE_WITH_KNOTS((4,1,4),(3,3),(5.19188955636836,5.73753743177397,
6.28318530717959),(0.,1.),.UNSPECIFIED.)
GEOMETRIC_REPRESENTATION_ITEM()
RATIONAL_B_SPLINE_SURFACE(((1.,0.978147100871177,1.),(1.,0.962688401648099,
1.),(1.,0.917949013696331,1.),(1.,0.892686588906942,1.),(1.,0.892686588512506,
1.)))
REPRESENTATION_ITEM('')
SURFACE()
);
#26=(
BOUNDED_SURFACE()
B_SPLINE_SURFACE(3,2,((#4133,#4134,#4135),(#4136,#4137,#4138),(#4139,#4140,
#4141),(#4142,#4143,#4144),(#4145,#4146,#4147)),.UNSPECIFIED.,.F.,.F.,.F.)
B_SPLINE_SURFACE_WITH_KNOTS((4,1,4),(3,3),(-7.11236625150491E-17,0.00332078091386099,
0.00664156182772206),(0.,1.),.UNSPECIFIED.)
GEOMETRIC_REPRESENTATION_ITEM()
RATIONAL_B_SPLINE_SURFACE(((1.,0.71150678041905,1.),(1.,0.725464277230091,
1.),(1.,0.756592371123814,1.),(1.,0.770207984211161,1.),(1.,0.770207984237408,
1.)))
REPRESENTATION_ITEM('')
SURFACE()
);
#27=(
BOUNDED_SURFACE()
B_SPLINE_SURFACE(3,2,((#4149,#4150,#4151),(#4152,#4153,#4154),(#4155,#4156,
#4157),(#4158,#4159,#4160)),.UNSPECIFIED.,.F.,.F.,.F.)
B_SPLINE_SURFACE_WITH_KNOTS((4,4),(3,3),(4.69473330785974,4.71300031877966),
(0.767253901497968,1.),.PIECEWISE_BEZIER_KNOTS.)
GEOMETRIC_REPRESENTATION_ITEM()
RATIONAL_B_SPLINE_SURFACE(((0.896964443450055,0.932854328698244,1.),(0.896424216781953,
0.932502276615454,1.),(0.895882180175141,0.932149045041295,1.),(0.895338389743915,
0.931794670544036,1.)))
REPRESENTATION_ITEM('')
SURFACE()
);
#28=(
BOUNDED_SURFACE()
B_SPLINE_SURFACE(3,2,((#4163,#4164,#4165),(#4166,#4167,#4168),(#4169,#4170,
#4171),(#4172,#4173,#4174),(#4175,#4176,#4177)),.UNSPECIFIED.,.F.,.F.,.F.)
B_SPLINE_SURFACE_WITH_KNOTS((4,1,4),(3,3),(-2.15973072759112E-16,0.00332042087603769,
0.0066408417520756),(0.,1.),.UNSPECIFIED.)
GEOMETRIC_REPRESENTATION_ITEM()
RATIONAL_B_SPLINE_SURFACE(((1.,0.770207984237408,1.),(1.,0.770207984159045,
1.),(1.,0.756663358654524,1.),(1.,0.725460752097793,1.),(1.,0.71150678041905,
1.)))
REPRESENTATION_ITEM('')
SURFACE()
);
#29=(
BOUNDED_SURFACE()
B_SPLINE_SURFACE(3,2,((#4179,#4180,#4181),(#4182,#4183,#4184),(#4185,#4186,
#4187),(#4188,#4189,#4190)),.UNSPECIFIED.,.F.,.F.,.F.)
B_SPLINE_SURFACE_WITH_KNOTS((4,4),(3,3),(1.57018498839993,1.58845199931984),
(0.767253901497967,1.),.PIECEWISE_BEZIER_KNOTS.)
GEOMETRIC_REPRESENTATION_ITEM()
RATIONAL_B_SPLINE_SURFACE(((0.895338389743915,0.931794670544036,1.),(0.895882180175141,
0.932149045041295,1.),(0.89642421678192,0.932502276615433,1.),(0.896964443450055,
0.932854328698244,1.)))
REPRESENTATION_ITEM('')
SURFACE()
);
#30=B_SPLINE_CURVE_WITH_KNOTS('',3,(#3463,#3464,#3465,#3466),
 .UNSPECIFIED.,.F.,.F.,(4,4),(0.,0.00196679166570004),.UNSPECIFIED.);
#31=B_SPLINE_CURVE_WITH_KNOTS('',3,(#3542,#3543,#3544,#3545,#3546),
 .UNSPECIFIED.,.F.,.F.,(4,1,4),(0.,0.00128802437191722,0.00257604874383445),
 .UNSPECIFIED.);
#32=B_SPLINE_CURVE_WITH_KNOTS('',3,(#3548,#3549,#3550,#3551),
 .UNSPECIFIED.,.F.,.F.,(4,4),(0.,0.0015481965432304),.UNSPECIFIED.);
#33=B_SPLINE_CURVE_WITH_KNOTS('',3,(#3553,#3554,#3555,#3556,#3557),
 .UNSPECIFIED.,.F.,.F.,(4,1,4),(0.,0.00128724237309383,0.00257448474618767),
 .UNSPECIFIED.);
#34=B_SPLINE_CURVE_WITH_KNOTS('',3,(#3564,#3565,#3566,#3567,#3568),
 .UNSPECIFIED.,.F.,.F.,(4,1,4),(0.,0.00130219537437266,0.00260439074874533),
 .UNSPECIFIED.);
#35=B_SPLINE_CURVE_WITH_KNOTS('',3,(#3570,#3571,#3572,#3573),
 .UNSPECIFIED.,.F.,.F.,(4,4),(0.,0.00125326927175754),.UNSPECIFIED.);
#36=B_SPLINE_CURVE_WITH_KNOTS('',3,(#3575,#3576,#3577,#3578,#3579),
 .UNSPECIFIED.,.F.,.F.,(4,1,4),(5.3108609505005E-16,0.00130140954205885,
0.00260281908411718),.UNSPECIFIED.);
#37=B_SPLINE_CURVE_WITH_KNOTS('',3,(#3618,#3619,#3620,#3621,#3622),
 .UNSPECIFIED.,.F.,.F.,(4,1,4),(0.,0.00128802437191722,0.00257604874383445),
 .UNSPECIFIED.);
#38=B_SPLINE_CURVE_WITH_KNOTS('',3,(#3624,#3625,#3626,#3627),
 .UNSPECIFIED.,.F.,.F.,(4,4),(0.,0.0015481965432304),.UNSPECIFIED.);
#39=B_SPLINE_CURVE_WITH_KNOTS('',3,(#3629,#3630,#3631,#3632,#3633),
 .UNSPECIFIED.,.F.,.F.,(4,1,4),(0.,0.00128724237309384,0.00257448474618769),
 .UNSPECIFIED.);
#40=B_SPLINE_CURVE_WITH_KNOTS('',3,(#3737,#3738,#3739,#3740,#3741,#3742,
#3743),.UNSPECIFIED.,.F.,.F.,(4,1,1,1,4),(0.,0.00082002433380977,0.00164004866761954,
0.00246007300142931,0.00328009733523908),.UNSPECIFIED.);
#41=B_SPLINE_CURVE_WITH_KNOTS('',3,(#3762,#3763,#3764,#3765,#3766),
 .UNSPECIFIED.,.F.,.F.,(4,1,4),(0.,0.000922367375523746,0.00184473475104749),
 .UNSPECIFIED.);
#42=B_SPLINE_CURVE_WITH_KNOTS('',3,(#3783,#3784,#3785,#3786,#3787),
 .UNSPECIFIED.,.F.,.F.,(4,1,4),(0.,0.000922367375523763,0.00184473475104753),
 .UNSPECIFIED.);
#43=B_SPLINE_CURVE_WITH_KNOTS('',3,(#3802,#3803,#3804,#3805,#3806),
 .UNSPECIFIED.,.F.,.F.,(4,1,4),(0.,0.000922367375523717,0.00184473475104743),
 .UNSPECIFIED.);
#44=B_SPLINE_CURVE_WITH_KNOTS('',3,(#3837,#3838,#3839,#3840,#3841),
 .UNSPECIFIED.,.F.,.F.,(4,1,4),(0.,0.00342742361680545,0.00685484723361091),
 .UNSPECIFIED.);
#45=B_SPLINE_CURVE_WITH_KNOTS('',3,(#3843,#3844,#3845,#3846),
 .UNSPECIFIED.,.F.,.F.,(4,4),(0.,0.00210133114015233),.UNSPECIFIED.);
#46=B_SPLINE_CURVE_WITH_KNOTS('',3,(#3855,#3856,#3857,#3858),
 .UNSPECIFIED.,.F.,.F.,(4,4),(0.,0.00210133114015235),.UNSPECIFIED.);
#47=B_SPLINE_CURVE_WITH_KNOTS('',3,(#3860,#3861,#3862,#3863,#3864),
 .UNSPECIFIED.,.F.,.F.,(4,1,4),(0.,0.00342742361680528,0.00685484723361056),
 .UNSPECIFIED.);
#48=B_SPLINE_CURVE_WITH_KNOTS('',3,(#3943,#3944,#3945,#3946,#3947),
 .UNSPECIFIED.,.F.,.F.,(4,1,4),(0.,0.00162180236592854,0.00324360473185709),
 .UNSPECIFIED.);
#49=B_SPLINE_CURVE_WITH_KNOTS('',3,(#3965,#3966,#3967,#3968),
 .UNSPECIFIED.,.F.,.F.,(4,4),(0.,0.00149685062420938),.UNSPECIFIED.);
#50=B_SPLINE_CURVE_WITH_KNOTS('',3,(#3972,#3973,#3974,#3975,#3976),
 .UNSPECIFIED.,.F.,.F.,(4,1,4),(0.000110440681868134,0.00173090836686088,
0.00335137605185362),.UNSPECIFIED.);
#51=B_SPLINE_CURVE_WITH_KNOTS('',3,(#4089,#4090,#4091,#4092),
 .UNSPECIFIED.,.F.,.F.,(4,4),(0.,0.00196927839796758),.UNSPECIFIED.);
#52=B_SPLINE_CURVE_WITH_KNOTS('',3,(#4114,#4115,#4116,#4117),
 .UNSPECIFIED.,.F.,.F.,(4,4),(0.,0.00204530167359508),.UNSPECIFIED.);
#53=B_SPLINE_CURVE_WITH_KNOTS('',3,(#4118,#4119,#4120,#4121),
 .UNSPECIFIED.,.F.,.F.,(4,4),(0.0042329145913721,0.00628519705025253),
 .UNSPECIFIED.);
#54=CYLINDRICAL_SURFACE('',#2461,0.0025);
#55=CYLINDRICAL_SURFACE('',#2473,0.001375);
#56=CYLINDRICAL_SURFACE('',#2476,0.001375);
#57=CYLINDRICAL_SURFACE('',#2485,0.001375);
#58=CYLINDRICAL_SURFACE('',#2511,0.000689);
#59=CYLINDRICAL_SURFACE('',#2516,0.000689);
#60=CYLINDRICAL_SURFACE('',#2522,0.000689);
#61=CYLINDRICAL_SURFACE('',#2527,0.000688999999999981);
#62=CYLINDRICAL_SURFACE('',#2547,0.001375);
#63=CYLINDRICAL_SURFACE('',#2550,0.001375);
#64=CYLINDRICAL_SURFACE('',#2552,0.00349999999999987);
#65=CYLINDRICAL_SURFACE('',#2556,0.00349999999999986);
#66=CYLINDRICAL_SURFACE('',#2560,0.00349999999999986);
#67=CYLINDRICAL_SURFACE('',#2564,0.00349999999999987);
#68=CYLINDRICAL_SURFACE('',#2567,0.004);
#69=CYLINDRICAL_SURFACE('',#2570,0.004);
#70=CYLINDRICAL_SURFACE('',#2571,0.004);
#71=CYLINDRICAL_SURFACE('',#2574,0.004);
#72=CYLINDRICAL_SURFACE('',#2575,0.004);
#73=CYLINDRICAL_SURFACE('',#2578,0.004);
#74=CYLINDRICAL_SURFACE('',#2579,0.004);
#75=CYLINDRICAL_SURFACE('',#2582,0.004);
#76=CYLINDRICAL_SURFACE('',#2583,0.00175);
#77=CYLINDRICAL_SURFACE('',#2587,0.00175);
#78=CYLINDRICAL_SURFACE('',#2591,0.00175);
#79=CYLINDRICAL_SURFACE('',#2607,0.0025);
#80=CYLINDRICAL_SURFACE('',#2610,0.0025);
#81=CYLINDRICAL_SURFACE('',#2612,0.0025);
#82=CYLINDRICAL_SURFACE('',#2613,0.0025);
#83=CYLINDRICAL_SURFACE('',#2614,0.0025);
#84=CYLINDRICAL_SURFACE('',#2617,0.0025);
#85=CYLINDRICAL_SURFACE('',#2619,0.0025);
#86=CYLINDRICAL_SURFACE('',#2621,0.0025);
#87=CYLINDRICAL_SURFACE('',#2622,0.00875);
#88=CYLINDRICAL_SURFACE('',#2624,0.006);
#89=CYLINDRICAL_SURFACE('',#2626,0.00875);
#90=CYLINDRICAL_SURFACE('',#2633,0.006);
#91=CYLINDRICAL_SURFACE('',#2636,0.006);
#92=CYLINDRICAL_SURFACE('',#2639,0.005);
#93=CYLINDRICAL_SURFACE('',#2640,0.005);
#94=CYLINDRICAL_SURFACE('',#2641,0.00175);
#95=CYLINDRICAL_SURFACE('',#2643,0.00175);
#96=CYLINDRICAL_SURFACE('',#2645,0.00175);
#97=CYLINDRICAL_SURFACE('',#2647,0.00175);
#98=CYLINDRICAL_SURFACE('',#2651,0.0013);
#99=CYLINDRICAL_SURFACE('',#2655,0.00175);
#100=CYLINDRICAL_SURFACE('',#2659,0.00175);
#101=CIRCLE('',#2447,0.000689);
#102=CIRCLE('',#2448,0.000688999999999981);
#103=CIRCLE('',#2449,0.000689);
#104=CIRCLE('',#2450,0.000689);
#105=CIRCLE('',#2451,0.00875);
#106=CIRCLE('',#2452,0.005);
#107=CIRCLE('',#2455,0.005);
#108=CIRCLE('',#2457,0.00175);
#109=CIRCLE('',#2458,0.001375);
#110=CIRCLE('',#2464,0.00175);
#111=CIRCLE('',#2466,0.004);
#112=CIRCLE('',#2468,0.004);
#113=CIRCLE('',#2470,0.00349999999999987);
#114=CIRCLE('',#2474,0.001375);
#115=CIRCLE('',#2475,0.001375);
#116=CIRCLE('',#2477,0.001375);
#117=CIRCLE('',#2478,0.001375);
#118=CIRCLE('',#2480,0.004);
#119=CIRCLE('',#2482,0.004);
#120=CIRCLE('',#2484,0.00349999999999987);
#121=CIRCLE('',#2486,0.001375);
#122=CIRCLE('',#2488,0.00175);
#123=CIRCLE('',#2496,0.00349999999999986);
#124=CIRCLE('',#2502,0.00175);
#125=CIRCLE('',#2509,0.001375);
#126=CIRCLE('',#2510,0.001375);
#127=CIRCLE('',#2512,0.000689);
#128=CIRCLE('',#2514,0.00225);
#129=CIRCLE('',#2515,0.0018);
#130=CIRCLE('',#2517,0.000689);
#131=CIRCLE('',#2519,0.00225);
#132=CIRCLE('',#2520,0.00225);
#133=CIRCLE('',#2521,0.00225);
#134=CIRCLE('',#2523,0.000689);
#135=CIRCLE('',#2525,0.00225);
#136=CIRCLE('',#2526,0.00225);
#137=CIRCLE('',#2528,0.000688999999999981);
#138=CIRCLE('',#2531,0.00225);
#139=CIRCLE('',#2532,0.00225);
#140=CIRCLE('',#2533,0.00225);
#141=CIRCLE('',#2535,0.00349999999999986);
#142=CIRCLE('',#2543,0.00875);
#143=CIRCLE('',#2544,0.006);
#144=CIRCLE('',#2546,0.001375);
#145=CIRCLE('',#2549,0.001375);
#146=CIRCLE('',#2553,0.00349999999999987);
#147=CIRCLE('',#2557,0.00349999999999986);
#148=CIRCLE('',#2561,0.00349999999999986);
#149=CIRCLE('',#2565,0.00349999999999987);
#150=CIRCLE('',#2584,0.00175);
#151=CIRCLE('',#2585,0.00175);
#152=CIRCLE('',#2588,0.00175);
#153=CIRCLE('',#2589,0.00175);
#154=CIRCLE('',#2592,0.00175);
#155=CIRCLE('',#2597,0.00175);
#156=CIRCLE('',#2623,0.00875);
#157=CIRCLE('',#2625,0.006);
#158=CIRCLE('',#2627,0.00875);
#159=CIRCLE('',#2629,0.006);
#160=CIRCLE('',#2630,0.005);
#161=CIRCLE('',#2631,0.005);
#162=CIRCLE('',#2632,0.006);
#163=CIRCLE('',#2634,0.006);
#164=CIRCLE('',#2635,0.006);
#165=CIRCLE('',#2637,0.006);
#166=CIRCLE('',#2638,0.006);
#167=CIRCLE('',#2642,0.00175);
#168=CIRCLE('',#2644,0.00175);
#169=CIRCLE('',#2646,0.00175);
#170=CIRCLE('',#2648,0.00175);
#171=CIRCLE('',#2649,0.00175);
#172=CIRCLE('',#2652,0.0013);
#173=CIRCLE('',#2653,0.0013);
#174=CIRCLE('',#2656,0.00175);
#175=CIRCLE('',#2657,0.00175);
#176=CIRCLE('',#2660,0.00175);
#177=CIRCLE('',#2661,0.00175);
#178=ELLIPSE('',#2445,0.0049712388801642,0.004);
#179=ELLIPSE('',#2446,0.00580370123326418,0.004);
#180=ELLIPSE('',#2453,0.00580370123326418,0.004);
#181=ELLIPSE('',#2454,0.0049712388801642,0.004);
#182=ELLIPSE('',#2460,0.0208596500450032,0.01475);
#183=ELLIPSE('',#2462,0.00353553390593274,0.0025);
#184=ELLIPSE('',#2472,0.0067365165897449,0.004);
#185=ELLIPSE('',#2568,0.00400795706596575,0.004);
#186=ELLIPSE('',#2569,0.00400795706596575,0.004);
#187=ELLIPSE('',#2572,0.00400498809051775,0.004);
#188=ELLIPSE('',#2573,0.00400498809051775,0.004);
#189=ELLIPSE('',#2576,0.00400498809051775,0.004);
#190=ELLIPSE('',#2577,0.00400498809051775,0.004);
#191=ELLIPSE('',#2580,0.00400795706596575,0.004);
#192=ELLIPSE('',#2581,0.00400795706596575,0.004);
#193=ELLIPSE('',#2603,0.0208596500450032,0.01475);
#194=ELLIPSE('',#2608,0.00353553390593274,0.0025);
#195=ELLIPSE('',#2609,0.00353553390593274,0.0025);
#196=ELLIPSE('',#2611,0.00353553390593274,0.0025);
#197=ELLIPSE('',#2615,0.00353553390593274,0.0025);
#198=ELLIPSE('',#2616,0.00353553390593274,0.0025);
#199=ELLIPSE('',#2618,0.00353553390593274,0.0025);
#200=ELLIPSE('',#2620,0.00353553390593274,0.0025);
#201=ORIENTED_EDGE('',*,*,#871,.T.);
#202=ORIENTED_EDGE('',*,*,#872,.T.);
#203=ORIENTED_EDGE('',*,*,#873,.F.);
#204=ORIENTED_EDGE('',*,*,#874,.T.);
#205=ORIENTED_EDGE('',*,*,#875,.T.);
#206=ORIENTED_EDGE('',*,*,#876,.T.);
#207=ORIENTED_EDGE('',*,*,#877,.T.);
#208=ORIENTED_EDGE('',*,*,#878,.F.);
#209=ORIENTED_EDGE('',*,*,#879,.T.);
#210=ORIENTED_EDGE('',*,*,#880,.T.);
#211=ORIENTED_EDGE('',*,*,#881,.T.);
#212=ORIENTED_EDGE('',*,*,#882,.T.);
#213=ORIENTED_EDGE('',*,*,#883,.F.);
#214=ORIENTED_EDGE('',*,*,#884,.F.);
#215=ORIENTED_EDGE('',*,*,#885,.T.);
#216=ORIENTED_EDGE('',*,*,#886,.T.);
#217=ORIENTED_EDGE('',*,*,#887,.F.);
#218=ORIENTED_EDGE('',*,*,#888,.F.);
#219=ORIENTED_EDGE('',*,*,#889,.T.);
#220=ORIENTED_EDGE('',*,*,#890,.F.);
#221=ORIENTED_EDGE('',*,*,#891,.F.);
#222=ORIENTED_EDGE('',*,*,#892,.F.);
#223=ORIENTED_EDGE('',*,*,#893,.F.);
#224=ORIENTED_EDGE('',*,*,#894,.F.);
#225=ORIENTED_EDGE('',*,*,#895,.F.);
#226=ORIENTED_EDGE('',*,*,#896,.F.);
#227=ORIENTED_EDGE('',*,*,#897,.F.);
#228=ORIENTED_EDGE('',*,*,#898,.F.);
#229=ORIENTED_EDGE('',*,*,#899,.T.);
#230=ORIENTED_EDGE('',*,*,#900,.F.);
#231=ORIENTED_EDGE('',*,*,#901,.T.);
#232=ORIENTED_EDGE('',*,*,#902,.T.);
#233=ORIENTED_EDGE('',*,*,#903,.T.);
#234=ORIENTED_EDGE('',*,*,#904,.T.);
#235=ORIENTED_EDGE('',*,*,#905,.F.);
#236=ORIENTED_EDGE('',*,*,#906,.T.);
#237=ORIENTED_EDGE('',*,*,#907,.T.);
#238=ORIENTED_EDGE('',*,*,#908,.T.);
#239=ORIENTED_EDGE('',*,*,#909,.T.);
#240=ORIENTED_EDGE('',*,*,#910,.F.);
#241=ORIENTED_EDGE('',*,*,#911,.T.);
#242=ORIENTED_EDGE('',*,*,#912,.F.);
#243=ORIENTED_EDGE('',*,*,#913,.T.);
#244=ORIENTED_EDGE('',*,*,#914,.T.);
#245=ORIENTED_EDGE('',*,*,#915,.T.);
#246=ORIENTED_EDGE('',*,*,#916,.T.);
#247=ORIENTED_EDGE('',*,*,#912,.T.);
#248=ORIENTED_EDGE('',*,*,#917,.T.);
#249=ORIENTED_EDGE('',*,*,#918,.F.);
#250=ORIENTED_EDGE('',*,*,#919,.T.);
#251=ORIENTED_EDGE('',*,*,#920,.T.);
#252=ORIENTED_EDGE('',*,*,#921,.T.);
#253=ORIENTED_EDGE('',*,*,#922,.T.);
#254=ORIENTED_EDGE('',*,*,#923,.T.);
#255=ORIENTED_EDGE('',*,*,#924,.T.);
#256=ORIENTED_EDGE('',*,*,#925,.F.);
#257=ORIENTED_EDGE('',*,*,#926,.F.);
#258=ORIENTED_EDGE('',*,*,#927,.F.);
#259=ORIENTED_EDGE('',*,*,#928,.T.);
#260=ORIENTED_EDGE('',*,*,#923,.F.);
#261=ORIENTED_EDGE('',*,*,#929,.T.);
#262=ORIENTED_EDGE('',*,*,#930,.T.);
#263=ORIENTED_EDGE('',*,*,#931,.T.);
#264=ORIENTED_EDGE('',*,*,#932,.F.);
#265=ORIENTED_EDGE('',*,*,#933,.F.);
#266=ORIENTED_EDGE('',*,*,#887,.T.);
#267=ORIENTED_EDGE('',*,*,#934,.T.);
#268=ORIENTED_EDGE('',*,*,#935,.T.);
#269=ORIENTED_EDGE('',*,*,#936,.T.);
#270=ORIENTED_EDGE('',*,*,#937,.F.);
#271=ORIENTED_EDGE('',*,*,#938,.T.);
#272=ORIENTED_EDGE('',*,*,#939,.T.);
#273=ORIENTED_EDGE('',*,*,#940,.T.);
#274=ORIENTED_EDGE('',*,*,#941,.F.);
#275=ORIENTED_EDGE('',*,*,#942,.F.);
#276=ORIENTED_EDGE('',*,*,#943,.F.);
#277=ORIENTED_EDGE('',*,*,#944,.T.);
#278=ORIENTED_EDGE('',*,*,#945,.F.);
#279=ORIENTED_EDGE('',*,*,#946,.T.);
#280=ORIENTED_EDGE('',*,*,#947,.F.);
#281=ORIENTED_EDGE('',*,*,#948,.T.);
#282=ORIENTED_EDGE('',*,*,#949,.T.);
#283=ORIENTED_EDGE('',*,*,#950,.T.);
#284=ORIENTED_EDGE('',*,*,#951,.T.);
#285=ORIENTED_EDGE('',*,*,#952,.F.);
#286=ORIENTED_EDGE('',*,*,#953,.T.);
#287=ORIENTED_EDGE('',*,*,#954,.F.);
#288=ORIENTED_EDGE('',*,*,#950,.F.);
#289=ORIENTED_EDGE('',*,*,#955,.F.);
#290=ORIENTED_EDGE('',*,*,#956,.T.);
#291=ORIENTED_EDGE('',*,*,#957,.T.);
#292=ORIENTED_EDGE('',*,*,#958,.T.);
#293=ORIENTED_EDGE('',*,*,#871,.F.);
#294=ORIENTED_EDGE('',*,*,#959,.T.);
#295=ORIENTED_EDGE('',*,*,#960,.T.);
#296=ORIENTED_EDGE('',*,*,#961,.F.);
#297=ORIENTED_EDGE('',*,*,#882,.F.);
#298=ORIENTED_EDGE('',*,*,#962,.T.);
#299=ORIENTED_EDGE('',*,*,#963,.F.);
#300=ORIENTED_EDGE('',*,*,#953,.F.);
#301=ORIENTED_EDGE('',*,*,#964,.F.);
#302=ORIENTED_EDGE('',*,*,#965,.T.);
#303=ORIENTED_EDGE('',*,*,#966,.T.);
#304=ORIENTED_EDGE('',*,*,#967,.T.);
#305=ORIENTED_EDGE('',*,*,#968,.T.);
#306=ORIENTED_EDGE('',*,*,#969,.F.);
#307=ORIENTED_EDGE('',*,*,#970,.T.);
#308=ORIENTED_EDGE('',*,*,#971,.T.);
#309=ORIENTED_EDGE('',*,*,#972,.T.);
#310=ORIENTED_EDGE('',*,*,#973,.T.);
#311=ORIENTED_EDGE('',*,*,#974,.T.);
#312=ORIENTED_EDGE('',*,*,#975,.T.);
#313=ORIENTED_EDGE('',*,*,#976,.T.);
#314=ORIENTED_EDGE('',*,*,#977,.F.);
#315=ORIENTED_EDGE('',*,*,#978,.F.);
#316=ORIENTED_EDGE('',*,*,#979,.F.);
#317=ORIENTED_EDGE('',*,*,#980,.T.);
#318=ORIENTED_EDGE('',*,*,#981,.F.);
#319=ORIENTED_EDGE('',*,*,#982,.T.);
#320=ORIENTED_EDGE('',*,*,#920,.F.);
#321=ORIENTED_EDGE('',*,*,#983,.T.);
#322=ORIENTED_EDGE('',*,*,#984,.T.);
#323=ORIENTED_EDGE('',*,*,#985,.T.);
#324=ORIENTED_EDGE('',*,*,#986,.T.);
#325=ORIENTED_EDGE('',*,*,#987,.F.);
#326=ORIENTED_EDGE('',*,*,#988,.T.);
#327=ORIENTED_EDGE('',*,*,#989,.F.);
#328=ORIENTED_EDGE('',*,*,#985,.F.);
#329=ORIENTED_EDGE('',*,*,#990,.F.);
#330=ORIENTED_EDGE('',*,*,#991,.T.);
#331=ORIENTED_EDGE('',*,*,#992,.T.);
#332=ORIENTED_EDGE('',*,*,#918,.T.);
#333=ORIENTED_EDGE('',*,*,#993,.T.);
#334=ORIENTED_EDGE('',*,*,#994,.T.);
#335=ORIENTED_EDGE('',*,*,#995,.T.);
#336=ORIENTED_EDGE('',*,*,#996,.F.);
#337=ORIENTED_EDGE('',*,*,#997,.T.);
#338=ORIENTED_EDGE('',*,*,#900,.T.);
#339=ORIENTED_EDGE('',*,*,#998,.T.);
#340=ORIENTED_EDGE('',*,*,#999,.T.);
#341=ORIENTED_EDGE('',*,*,#1000,.T.);
#342=ORIENTED_EDGE('',*,*,#927,.T.);
#343=ORIENTED_EDGE('',*,*,#974,.F.);
#344=ORIENTED_EDGE('',*,*,#1001,.T.);
#345=ORIENTED_EDGE('',*,*,#1002,.T.);
#346=ORIENTED_EDGE('',*,*,#988,.F.);
#347=ORIENTED_EDGE('',*,*,#909,.F.);
#348=ORIENTED_EDGE('',*,*,#1003,.T.);
#349=ORIENTED_EDGE('',*,*,#1004,.T.);
#350=ORIENTED_EDGE('',*,*,#1005,.T.);
#351=ORIENTED_EDGE('',*,*,#1006,.F.);
#352=ORIENTED_EDGE('',*,*,#907,.F.);
#353=ORIENTED_EDGE('',*,*,#1007,.T.);
#354=ORIENTED_EDGE('',*,*,#1008,.T.);
#355=ORIENTED_EDGE('',*,*,#1004,.F.);
#356=ORIENTED_EDGE('',*,*,#906,.F.);
#357=ORIENTED_EDGE('',*,*,#1009,.F.);
#358=ORIENTED_EDGE('',*,*,#1007,.F.);
#359=ORIENTED_EDGE('',*,*,#905,.T.);
#360=ORIENTED_EDGE('',*,*,#1010,.T.);
#361=ORIENTED_EDGE('',*,*,#964,.T.);
#362=ORIENTED_EDGE('',*,*,#969,.T.);
#363=ORIENTED_EDGE('',*,*,#976,.F.);
#364=ORIENTED_EDGE('',*,*,#1011,.T.);
#365=ORIENTED_EDGE('',*,*,#981,.T.);
#366=ORIENTED_EDGE('',*,*,#1012,.T.);
#367=ORIENTED_EDGE('',*,*,#1003,.F.);
#368=ORIENTED_EDGE('',*,*,#908,.F.);
#369=ORIENTED_EDGE('',*,*,#1006,.T.);
#370=ORIENTED_EDGE('',*,*,#1013,.F.);
#371=ORIENTED_EDGE('',*,*,#1010,.F.);
#372=ORIENTED_EDGE('',*,*,#904,.F.);
#373=ORIENTED_EDGE('',*,*,#1014,.T.);
#374=ORIENTED_EDGE('',*,*,#1015,.T.);
#375=ORIENTED_EDGE('',*,*,#1016,.T.);
#376=ORIENTED_EDGE('',*,*,#1014,.F.);
#377=ORIENTED_EDGE('',*,*,#903,.F.);
#378=ORIENTED_EDGE('',*,*,#1017,.T.);
#379=ORIENTED_EDGE('',*,*,#1018,.F.);
#380=ORIENTED_EDGE('',*,*,#942,.T.);
#381=ORIENTED_EDGE('',*,*,#1019,.T.);
#382=ORIENTED_EDGE('',*,*,#1020,.F.);
#383=ORIENTED_EDGE('',*,*,#1021,.F.);
#384=ORIENTED_EDGE('',*,*,#1022,.T.);
#385=ORIENTED_EDGE('',*,*,#947,.T.);
#386=ORIENTED_EDGE('',*,*,#1023,.T.);
#387=ORIENTED_EDGE('',*,*,#938,.F.);
#388=ORIENTED_EDGE('',*,*,#1024,.T.);
#389=ORIENTED_EDGE('',*,*,#970,.F.);
#390=ORIENTED_EDGE('',*,*,#1025,.T.);
#391=ORIENTED_EDGE('',*,*,#873,.T.);
#392=ORIENTED_EDGE('',*,*,#1026,.T.);
#393=ORIENTED_EDGE('',*,*,#965,.F.);
#394=ORIENTED_EDGE('',*,*,#1027,.T.);
#395=ORIENTED_EDGE('',*,*,#1028,.T.);
#396=ORIENTED_EDGE('',*,*,#1029,.T.);
#397=ORIENTED_EDGE('',*,*,#959,.F.);
#398=ORIENTED_EDGE('',*,*,#889,.F.);
#399=ORIENTED_EDGE('',*,*,#933,.T.);
#400=ORIENTED_EDGE('',*,*,#1030,.F.);
#401=ORIENTED_EDGE('',*,*,#1028,.F.);
#402=ORIENTED_EDGE('',*,*,#888,.T.);
#403=ORIENTED_EDGE('',*,*,#1031,.T.);
#404=ORIENTED_EDGE('',*,*,#1032,.T.);
#405=ORIENTED_EDGE('',*,*,#931,.F.);
#406=ORIENTED_EDGE('',*,*,#886,.F.);
#407=ORIENTED_EDGE('',*,*,#1033,.T.);
#408=ORIENTED_EDGE('',*,*,#1034,.T.);
#409=ORIENTED_EDGE('',*,*,#1035,.T.);
#410=ORIENTED_EDGE('',*,*,#1031,.F.);
#411=ORIENTED_EDGE('',*,*,#885,.F.);
#412=ORIENTED_EDGE('',*,*,#1036,.T.);
#413=ORIENTED_EDGE('',*,*,#1037,.F.);
#414=ORIENTED_EDGE('',*,*,#1034,.F.);
#415=ORIENTED_EDGE('',*,*,#884,.T.);
#416=ORIENTED_EDGE('',*,*,#961,.T.);
#417=ORIENTED_EDGE('',*,*,#1038,.F.);
#418=ORIENTED_EDGE('',*,*,#1036,.F.);
#419=ORIENTED_EDGE('',*,*,#883,.T.);
#420=ORIENTED_EDGE('',*,*,#1039,.T.);
#421=ORIENTED_EDGE('',*,*,#1040,.T.);
#422=ORIENTED_EDGE('',*,*,#1041,.F.);
#423=ORIENTED_EDGE('',*,*,#880,.F.);
#424=ORIENTED_EDGE('',*,*,#1042,.T.);
#425=ORIENTED_EDGE('',*,*,#1043,.T.);
#426=ORIENTED_EDGE('',*,*,#1039,.F.);
#427=ORIENTED_EDGE('',*,*,#879,.F.);
#428=ORIENTED_EDGE('',*,*,#1044,.F.);
#429=ORIENTED_EDGE('',*,*,#1042,.F.);
#430=ORIENTED_EDGE('',*,*,#878,.T.);
#431=ORIENTED_EDGE('',*,*,#1045,.T.);
#432=ORIENTED_EDGE('',*,*,#1046,.T.);
#433=ORIENTED_EDGE('',*,*,#1047,.T.);
#434=ORIENTED_EDGE('',*,*,#940,.F.);
#435=ORIENTED_EDGE('',*,*,#1048,.T.);
#436=ORIENTED_EDGE('',*,*,#945,.T.);
#437=ORIENTED_EDGE('',*,*,#1049,.T.);
#438=ORIENTED_EDGE('',*,*,#962,.F.);
#439=ORIENTED_EDGE('',*,*,#881,.F.);
#440=ORIENTED_EDGE('',*,*,#1041,.T.);
#441=ORIENTED_EDGE('',*,*,#1050,.F.);
#442=ORIENTED_EDGE('',*,*,#1045,.F.);
#443=ORIENTED_EDGE('',*,*,#877,.F.);
#444=ORIENTED_EDGE('',*,*,#1051,.T.);
#445=ORIENTED_EDGE('',*,*,#1052,.T.);
#446=ORIENTED_EDGE('',*,*,#1053,.T.);
#447=ORIENTED_EDGE('',*,*,#1054,.T.);
#448=ORIENTED_EDGE('',*,*,#1055,.F.);
#449=ORIENTED_EDGE('',*,*,#1056,.F.);
#450=ORIENTED_EDGE('',*,*,#890,.T.);
#451=ORIENTED_EDGE('',*,*,#1057,.T.);
#452=ORIENTED_EDGE('',*,*,#1058,.T.);
#453=ORIENTED_EDGE('',*,*,#1059,.T.);
#454=ORIENTED_EDGE('',*,*,#1060,.T.);
#455=ORIENTED_EDGE('',*,*,#1061,.F.);
#456=ORIENTED_EDGE('',*,*,#1054,.F.);
#457=ORIENTED_EDGE('',*,*,#1062,.T.);
#458=ORIENTED_EDGE('',*,*,#1057,.F.);
#459=ORIENTED_EDGE('',*,*,#897,.T.);
#460=ORIENTED_EDGE('',*,*,#1060,.F.);
#461=ORIENTED_EDGE('',*,*,#1063,.T.);
#462=ORIENTED_EDGE('',*,*,#1058,.F.);
#463=ORIENTED_EDGE('',*,*,#896,.T.);
#464=ORIENTED_EDGE('',*,*,#1064,.T.);
#465=ORIENTED_EDGE('',*,*,#1065,.F.);
#466=ORIENTED_EDGE('',*,*,#1066,.T.);
#467=ORIENTED_EDGE('',*,*,#1067,.T.);
#468=ORIENTED_EDGE('',*,*,#1068,.T.);
#469=ORIENTED_EDGE('',*,*,#992,.F.);
#470=ORIENTED_EDGE('',*,*,#1069,.T.);
#471=ORIENTED_EDGE('',*,*,#1070,.F.);
#472=ORIENTED_EDGE('',*,*,#1064,.F.);
#473=ORIENTED_EDGE('',*,*,#895,.T.);
#474=ORIENTED_EDGE('',*,*,#1071,.T.);
#475=ORIENTED_EDGE('',*,*,#1072,.T.);
#476=ORIENTED_EDGE('',*,*,#1073,.T.);
#477=ORIENTED_EDGE('',*,*,#1074,.F.);
#478=ORIENTED_EDGE('',*,*,#1069,.F.);
#479=ORIENTED_EDGE('',*,*,#894,.T.);
#480=ORIENTED_EDGE('',*,*,#1075,.T.);
#481=ORIENTED_EDGE('',*,*,#1076,.T.);
#482=ORIENTED_EDGE('',*,*,#1077,.T.);
#483=ORIENTED_EDGE('',*,*,#1078,.F.);
#484=ORIENTED_EDGE('',*,*,#1073,.F.);
#485=ORIENTED_EDGE('',*,*,#1079,.T.);
#486=ORIENTED_EDGE('',*,*,#1071,.F.);
#487=ORIENTED_EDGE('',*,*,#893,.T.);
#488=ORIENTED_EDGE('',*,*,#1077,.F.);
#489=ORIENTED_EDGE('',*,*,#1080,.T.);
#490=ORIENTED_EDGE('',*,*,#1075,.F.);
#491=ORIENTED_EDGE('',*,*,#892,.T.);
#492=ORIENTED_EDGE('',*,*,#1081,.T.);
#493=ORIENTED_EDGE('',*,*,#1082,.F.);
#494=ORIENTED_EDGE('',*,*,#1083,.T.);
#495=ORIENTED_EDGE('',*,*,#1051,.F.);
#496=ORIENTED_EDGE('',*,*,#876,.F.);
#497=ORIENTED_EDGE('',*,*,#1020,.T.);
#498=ORIENTED_EDGE('',*,*,#1084,.T.);
#499=ORIENTED_EDGE('',*,*,#1085,.T.);
#500=ORIENTED_EDGE('',*,*,#1086,.T.);
#501=ORIENTED_EDGE('',*,*,#1056,.T.);
#502=ORIENTED_EDGE('',*,*,#1087,.F.);
#503=ORIENTED_EDGE('',*,*,#1081,.F.);
#504=ORIENTED_EDGE('',*,*,#891,.T.);
#505=ORIENTED_EDGE('',*,*,#1088,.F.);
#506=ORIENTED_EDGE('',*,*,#978,.T.);
#507=ORIENTED_EDGE('',*,*,#1089,.T.);
#508=ORIENTED_EDGE('',*,*,#1017,.F.);
#509=ORIENTED_EDGE('',*,*,#1090,.F.);
#510=ORIENTED_EDGE('',*,*,#1091,.T.);
#511=ORIENTED_EDGE('',*,*,#1050,.T.);
#512=ORIENTED_EDGE('',*,*,#1040,.F.);
#513=ORIENTED_EDGE('',*,*,#1043,.F.);
#514=ORIENTED_EDGE('',*,*,#1044,.T.);
#515=ORIENTED_EDGE('',*,*,#1013,.T.);
#516=ORIENTED_EDGE('',*,*,#1005,.F.);
#517=ORIENTED_EDGE('',*,*,#1008,.F.);
#518=ORIENTED_EDGE('',*,*,#1009,.T.);
#519=ORIENTED_EDGE('',*,*,#951,.F.);
#520=ORIENTED_EDGE('',*,*,#954,.T.);
#521=ORIENTED_EDGE('',*,*,#963,.T.);
#522=ORIENTED_EDGE('',*,*,#1049,.F.);
#523=ORIENTED_EDGE('',*,*,#986,.F.);
#524=ORIENTED_EDGE('',*,*,#989,.T.);
#525=ORIENTED_EDGE('',*,*,#1002,.F.);
#526=ORIENTED_EDGE('',*,*,#1012,.F.);
#527=ORIENTED_EDGE('',*,*,#1089,.F.);
#528=ORIENTED_EDGE('',*,*,#977,.T.);
#529=ORIENTED_EDGE('',*,*,#1015,.F.);
#530=ORIENTED_EDGE('',*,*,#1016,.F.);
#531=ORIENTED_EDGE('',*,*,#1019,.F.);
#532=ORIENTED_EDGE('',*,*,#941,.T.);
#533=ORIENTED_EDGE('',*,*,#1052,.F.);
#534=ORIENTED_EDGE('',*,*,#1083,.F.);
#535=ORIENTED_EDGE('',*,*,#1092,.T.);
#536=ORIENTED_EDGE('',*,*,#1093,.T.);
#537=ORIENTED_EDGE('',*,*,#1094,.T.);
#538=ORIENTED_EDGE('',*,*,#1095,.T.);
#539=ORIENTED_EDGE('',*,*,#1096,.T.);
#540=ORIENTED_EDGE('',*,*,#1097,.T.);
#541=ORIENTED_EDGE('',*,*,#1098,.T.);
#542=ORIENTED_EDGE('',*,*,#925,.T.);
#543=ORIENTED_EDGE('',*,*,#1099,.T.);
#544=ORIENTED_EDGE('',*,*,#1100,.T.);
#545=ORIENTED_EDGE('',*,*,#1101,.T.);
#546=ORIENTED_EDGE('',*,*,#1102,.T.);
#547=ORIENTED_EDGE('',*,*,#1103,.T.);
#548=ORIENTED_EDGE('',*,*,#1104,.T.);
#549=ORIENTED_EDGE('',*,*,#1037,.T.);
#550=ORIENTED_EDGE('',*,*,#1038,.T.);
#551=ORIENTED_EDGE('',*,*,#960,.F.);
#552=ORIENTED_EDGE('',*,*,#1029,.F.);
#553=ORIENTED_EDGE('',*,*,#1030,.T.);
#554=ORIENTED_EDGE('',*,*,#932,.T.);
#555=ORIENTED_EDGE('',*,*,#1032,.F.);
#556=ORIENTED_EDGE('',*,*,#1035,.F.);
#557=ORIENTED_EDGE('',*,*,#1087,.T.);
#558=ORIENTED_EDGE('',*,*,#1055,.T.);
#559=ORIENTED_EDGE('',*,*,#1061,.T.);
#560=ORIENTED_EDGE('',*,*,#1065,.T.);
#561=ORIENTED_EDGE('',*,*,#1070,.T.);
#562=ORIENTED_EDGE('',*,*,#1074,.T.);
#563=ORIENTED_EDGE('',*,*,#1078,.T.);
#564=ORIENTED_EDGE('',*,*,#1082,.T.);
#565=ORIENTED_EDGE('',*,*,#1105,.F.);
#566=ORIENTED_EDGE('',*,*,#1106,.T.);
#567=ORIENTED_EDGE('',*,*,#1106,.F.);
#568=ORIENTED_EDGE('',*,*,#1047,.F.);
#569=ORIENTED_EDGE('',*,*,#1107,.T.);
#570=ORIENTED_EDGE('',*,*,#1107,.F.);
#571=ORIENTED_EDGE('',*,*,#1046,.F.);
#572=ORIENTED_EDGE('',*,*,#1108,.F.);
#573=ORIENTED_EDGE('',*,*,#1109,.T.);
#574=ORIENTED_EDGE('',*,*,#910,.T.);
#575=ORIENTED_EDGE('',*,*,#987,.T.);
#576=ORIENTED_EDGE('',*,*,#1110,.F.);
#577=ORIENTED_EDGE('',*,*,#1111,.T.);
#578=ORIENTED_EDGE('',*,*,#1108,.T.);
#579=ORIENTED_EDGE('',*,*,#991,.F.);
#580=ORIENTED_EDGE('',*,*,#984,.F.);
#581=ORIENTED_EDGE('',*,*,#1112,.T.);
#582=ORIENTED_EDGE('',*,*,#1110,.T.);
#583=ORIENTED_EDGE('',*,*,#990,.T.);
#584=ORIENTED_EDGE('',*,*,#1113,.F.);
#585=ORIENTED_EDGE('',*,*,#1114,.T.);
#586=ORIENTED_EDGE('',*,*,#979,.T.);
#587=ORIENTED_EDGE('',*,*,#1088,.T.);
#588=ORIENTED_EDGE('',*,*,#1115,.F.);
#589=ORIENTED_EDGE('',*,*,#1116,.T.);
#590=ORIENTED_EDGE('',*,*,#1113,.T.);
#591=ORIENTED_EDGE('',*,*,#1091,.F.);
#592=ORIENTED_EDGE('',*,*,#902,.F.);
#593=ORIENTED_EDGE('',*,*,#1117,.T.);
#594=ORIENTED_EDGE('',*,*,#1115,.T.);
#595=ORIENTED_EDGE('',*,*,#1090,.T.);
#596=ORIENTED_EDGE('',*,*,#1118,.F.);
#597=ORIENTED_EDGE('',*,*,#1119,.T.);
#598=ORIENTED_EDGE('',*,*,#943,.T.);
#599=ORIENTED_EDGE('',*,*,#1018,.T.);
#600=ORIENTED_EDGE('',*,*,#1120,.F.);
#601=ORIENTED_EDGE('',*,*,#1121,.T.);
#602=ORIENTED_EDGE('',*,*,#1118,.T.);
#603=ORIENTED_EDGE('',*,*,#1022,.F.);
#604=ORIENTED_EDGE('',*,*,#875,.F.);
#605=ORIENTED_EDGE('',*,*,#1122,.T.);
#606=ORIENTED_EDGE('',*,*,#1120,.T.);
#607=ORIENTED_EDGE('',*,*,#1021,.T.);
#608=ORIENTED_EDGE('',*,*,#1123,.F.);
#609=ORIENTED_EDGE('',*,*,#1124,.T.);
#610=ORIENTED_EDGE('',*,*,#957,.F.);
#611=ORIENTED_EDGE('',*,*,#952,.T.);
#612=ORIENTED_EDGE('',*,*,#1125,.F.);
#613=ORIENTED_EDGE('',*,*,#1126,.T.);
#614=ORIENTED_EDGE('',*,*,#1123,.T.);
#615=ORIENTED_EDGE('',*,*,#956,.F.);
#616=ORIENTED_EDGE('',*,*,#949,.F.);
#617=ORIENTED_EDGE('',*,*,#1127,.T.);
#618=ORIENTED_EDGE('',*,*,#1125,.T.);
#619=ORIENTED_EDGE('',*,*,#955,.T.);
#620=ORIENTED_EDGE('',*,*,#919,.F.);
#621=ORIENTED_EDGE('',*,*,#995,.F.);
#622=ORIENTED_EDGE('',*,*,#1128,.F.);
#623=ORIENTED_EDGE('',*,*,#1112,.F.);
#624=ORIENTED_EDGE('',*,*,#983,.F.);
#625=ORIENTED_EDGE('',*,*,#1128,.T.);
#626=ORIENTED_EDGE('',*,*,#994,.F.);
#627=ORIENTED_EDGE('',*,*,#1129,.F.);
#628=ORIENTED_EDGE('',*,*,#1111,.F.);
#629=ORIENTED_EDGE('',*,*,#993,.F.);
#630=ORIENTED_EDGE('',*,*,#917,.F.);
#631=ORIENTED_EDGE('',*,*,#911,.F.);
#632=ORIENTED_EDGE('',*,*,#1109,.F.);
#633=ORIENTED_EDGE('',*,*,#1129,.T.);
#634=ORIENTED_EDGE('',*,*,#997,.F.);
#635=ORIENTED_EDGE('',*,*,#1130,.T.);
#636=ORIENTED_EDGE('',*,*,#1131,.F.);
#637=ORIENTED_EDGE('',*,*,#1117,.F.);
#638=ORIENTED_EDGE('',*,*,#901,.F.);
#639=ORIENTED_EDGE('',*,*,#1131,.T.);
#640=ORIENTED_EDGE('',*,*,#1132,.T.);
#641=ORIENTED_EDGE('',*,*,#1133,.F.);
#642=ORIENTED_EDGE('',*,*,#1116,.F.);
#643=ORIENTED_EDGE('',*,*,#1133,.T.);
#644=ORIENTED_EDGE('',*,*,#1134,.T.);
#645=ORIENTED_EDGE('',*,*,#1001,.F.);
#646=ORIENTED_EDGE('',*,*,#980,.F.);
#647=ORIENTED_EDGE('',*,*,#1114,.F.);
#648=ORIENTED_EDGE('',*,*,#1025,.F.);
#649=ORIENTED_EDGE('',*,*,#973,.F.);
#650=ORIENTED_EDGE('',*,*,#1135,.F.);
#651=ORIENTED_EDGE('',*,*,#1122,.F.);
#652=ORIENTED_EDGE('',*,*,#874,.F.);
#653=ORIENTED_EDGE('',*,*,#1135,.T.);
#654=ORIENTED_EDGE('',*,*,#972,.F.);
#655=ORIENTED_EDGE('',*,*,#1136,.F.);
#656=ORIENTED_EDGE('',*,*,#1121,.F.);
#657=ORIENTED_EDGE('',*,*,#971,.F.);
#658=ORIENTED_EDGE('',*,*,#1024,.F.);
#659=ORIENTED_EDGE('',*,*,#944,.F.);
#660=ORIENTED_EDGE('',*,*,#1119,.F.);
#661=ORIENTED_EDGE('',*,*,#1136,.T.);
#662=ORIENTED_EDGE('',*,*,#1027,.F.);
#663=ORIENTED_EDGE('',*,*,#968,.F.);
#664=ORIENTED_EDGE('',*,*,#1137,.F.);
#665=ORIENTED_EDGE('',*,*,#1127,.F.);
#666=ORIENTED_EDGE('',*,*,#948,.F.);
#667=ORIENTED_EDGE('',*,*,#1137,.T.);
#668=ORIENTED_EDGE('',*,*,#967,.F.);
#669=ORIENTED_EDGE('',*,*,#1138,.F.);
#670=ORIENTED_EDGE('',*,*,#1126,.F.);
#671=ORIENTED_EDGE('',*,*,#966,.F.);
#672=ORIENTED_EDGE('',*,*,#1026,.F.);
#673=ORIENTED_EDGE('',*,*,#872,.F.);
#674=ORIENTED_EDGE('',*,*,#958,.F.);
#675=ORIENTED_EDGE('',*,*,#1124,.F.);
#676=ORIENTED_EDGE('',*,*,#1138,.T.);
#677=ORIENTED_EDGE('',*,*,#1139,.T.);
#678=ORIENTED_EDGE('',*,*,#1140,.F.);
#679=ORIENTED_EDGE('',*,*,#1140,.T.);
#680=ORIENTED_EDGE('',*,*,#1141,.T.);
#681=ORIENTED_EDGE('',*,*,#1142,.F.);
#682=ORIENTED_EDGE('',*,*,#1142,.T.);
#683=ORIENTED_EDGE('',*,*,#1143,.T.);
#684=ORIENTED_EDGE('',*,*,#1033,.F.);
#685=ORIENTED_EDGE('',*,*,#1144,.F.);
#686=ORIENTED_EDGE('',*,*,#1145,.F.);
#687=ORIENTED_EDGE('',*,*,#936,.F.);
#688=ORIENTED_EDGE('',*,*,#1146,.T.);
#689=ORIENTED_EDGE('',*,*,#1147,.T.);
#690=ORIENTED_EDGE('',*,*,#1148,.T.);
#691=ORIENTED_EDGE('',*,*,#1149,.F.);
#692=ORIENTED_EDGE('',*,*,#1150,.T.);
#693=ORIENTED_EDGE('',*,*,#1147,.F.);
#694=ORIENTED_EDGE('',*,*,#1151,.T.);
#695=ORIENTED_EDGE('',*,*,#934,.F.);
#696=ORIENTED_EDGE('',*,*,#1152,.F.);
#697=ORIENTED_EDGE('',*,*,#1151,.F.);
#698=ORIENTED_EDGE('',*,*,#1146,.F.);
#699=ORIENTED_EDGE('',*,*,#935,.F.);
#700=ORIENTED_EDGE('',*,*,#1145,.T.);
#701=ORIENTED_EDGE('',*,*,#1153,.T.);
#702=ORIENTED_EDGE('',*,*,#1152,.T.);
#703=ORIENTED_EDGE('',*,*,#937,.T.);
#704=ORIENTED_EDGE('',*,*,#1154,.F.);
#705=ORIENTED_EDGE('',*,*,#1155,.T.);
#706=ORIENTED_EDGE('',*,*,#1156,.F.);
#707=ORIENTED_EDGE('',*,*,#1104,.F.);
#708=ORIENTED_EDGE('',*,*,#1157,.F.);
#709=ORIENTED_EDGE('',*,*,#1158,.T.);
#710=ORIENTED_EDGE('',*,*,#1154,.T.);
#711=ORIENTED_EDGE('',*,*,#1103,.F.);
#712=ORIENTED_EDGE('',*,*,#1156,.T.);
#713=ORIENTED_EDGE('',*,*,#1159,.T.);
#714=ORIENTED_EDGE('',*,*,#1160,.F.);
#715=ORIENTED_EDGE('',*,*,#1101,.F.);
#716=ORIENTED_EDGE('',*,*,#1160,.T.);
#717=ORIENTED_EDGE('',*,*,#1161,.T.);
#718=ORIENTED_EDGE('',*,*,#1157,.T.);
#719=ORIENTED_EDGE('',*,*,#1102,.F.);
#720=ORIENTED_EDGE('',*,*,#1095,.F.);
#721=ORIENTED_EDGE('',*,*,#1162,.T.);
#722=ORIENTED_EDGE('',*,*,#1163,.T.);
#723=ORIENTED_EDGE('',*,*,#1164,.F.);
#724=ORIENTED_EDGE('',*,*,#1165,.F.);
#725=ORIENTED_EDGE('',*,*,#1166,.T.);
#726=ORIENTED_EDGE('',*,*,#926,.T.);
#727=ORIENTED_EDGE('',*,*,#1098,.F.);
#728=ORIENTED_EDGE('',*,*,#1164,.T.);
#729=ORIENTED_EDGE('',*,*,#1167,.T.);
#730=ORIENTED_EDGE('',*,*,#1168,.F.);
#731=ORIENTED_EDGE('',*,*,#1096,.F.);
#732=ORIENTED_EDGE('',*,*,#1168,.T.);
#733=ORIENTED_EDGE('',*,*,#1169,.T.);
#734=ORIENTED_EDGE('',*,*,#1165,.T.);
#735=ORIENTED_EDGE('',*,*,#1097,.F.);
#736=ORIENTED_EDGE('',*,*,#1170,.F.);
#737=ORIENTED_EDGE('',*,*,#1169,.F.);
#738=ORIENTED_EDGE('',*,*,#1171,.F.);
#739=ORIENTED_EDGE('',*,*,#1011,.F.);
#740=ORIENTED_EDGE('',*,*,#1171,.T.);
#741=ORIENTED_EDGE('',*,*,#1167,.F.);
#742=ORIENTED_EDGE('',*,*,#1172,.F.);
#743=ORIENTED_EDGE('',*,*,#982,.F.);
#744=ORIENTED_EDGE('',*,*,#1170,.T.);
#745=ORIENTED_EDGE('',*,*,#975,.F.);
#746=ORIENTED_EDGE('',*,*,#929,.F.);
#747=ORIENTED_EDGE('',*,*,#1166,.F.);
#748=ORIENTED_EDGE('',*,*,#1163,.F.);
#749=ORIENTED_EDGE('',*,*,#1173,.T.);
#750=ORIENTED_EDGE('',*,*,#921,.F.);
#751=ORIENTED_EDGE('',*,*,#1172,.T.);
#752=ORIENTED_EDGE('',*,*,#1174,.F.);
#753=ORIENTED_EDGE('',*,*,#1159,.F.);
#754=ORIENTED_EDGE('',*,*,#1175,.F.);
#755=ORIENTED_EDGE('',*,*,#946,.F.);
#756=ORIENTED_EDGE('',*,*,#1175,.T.);
#757=ORIENTED_EDGE('',*,*,#1155,.F.);
#758=ORIENTED_EDGE('',*,*,#1176,.F.);
#759=ORIENTED_EDGE('',*,*,#1023,.F.);
#760=ORIENTED_EDGE('',*,*,#1174,.T.);
#761=ORIENTED_EDGE('',*,*,#1048,.F.);
#762=ORIENTED_EDGE('',*,*,#1177,.F.);
#763=ORIENTED_EDGE('',*,*,#1161,.F.);
#764=ORIENTED_EDGE('',*,*,#1176,.T.);
#765=ORIENTED_EDGE('',*,*,#1158,.F.);
#766=ORIENTED_EDGE('',*,*,#1177,.T.);
#767=ORIENTED_EDGE('',*,*,#939,.F.);
#768=ORIENTED_EDGE('',*,*,#1178,.T.);
#769=ORIENTED_EDGE('',*,*,#1179,.T.);
#770=ORIENTED_EDGE('',*,*,#898,.T.);
#771=ORIENTED_EDGE('',*,*,#1180,.T.);
#772=ORIENTED_EDGE('',*,*,#1181,.F.);
#773=ORIENTED_EDGE('',*,*,#1105,.T.);
#774=ORIENTED_EDGE('',*,*,#1182,.T.);
#775=ORIENTED_EDGE('',*,*,#1183,.T.);
#776=ORIENTED_EDGE('',*,*,#1092,.F.);
#777=ORIENTED_EDGE('',*,*,#1184,.T.);
#778=ORIENTED_EDGE('',*,*,#1185,.T.);
#779=ORIENTED_EDGE('',*,*,#1186,.T.);
#780=ORIENTED_EDGE('',*,*,#1181,.T.);
#781=ORIENTED_EDGE('',*,*,#1186,.F.);
#782=ORIENTED_EDGE('',*,*,#1187,.T.);
#783=ORIENTED_EDGE('',*,*,#999,.F.);
#784=ORIENTED_EDGE('',*,*,#1188,.T.);
#785=ORIENTED_EDGE('',*,*,#1178,.F.);
#786=ORIENTED_EDGE('',*,*,#1189,.T.);
#787=ORIENTED_EDGE('',*,*,#915,.F.);
#788=ORIENTED_EDGE('',*,*,#1190,.T.);
#789=ORIENTED_EDGE('',*,*,#1190,.F.);
#790=ORIENTED_EDGE('',*,*,#922,.F.);
#791=ORIENTED_EDGE('',*,*,#1191,.F.);
#792=ORIENTED_EDGE('',*,*,#1182,.F.);
#793=ORIENTED_EDGE('',*,*,#1191,.T.);
#794=ORIENTED_EDGE('',*,*,#1173,.F.);
#795=ORIENTED_EDGE('',*,*,#1192,.F.);
#796=ORIENTED_EDGE('',*,*,#1093,.F.);
#797=ORIENTED_EDGE('',*,*,#1183,.F.);
#798=ORIENTED_EDGE('',*,*,#1192,.T.);
#799=ORIENTED_EDGE('',*,*,#1162,.F.);
#800=ORIENTED_EDGE('',*,*,#1094,.F.);
#801=ORIENTED_EDGE('',*,*,#1187,.F.);
#802=ORIENTED_EDGE('',*,*,#1185,.F.);
#803=ORIENTED_EDGE('',*,*,#1193,.F.);
#804=ORIENTED_EDGE('',*,*,#1000,.F.);
#805=ORIENTED_EDGE('',*,*,#1184,.F.);
#806=ORIENTED_EDGE('',*,*,#1100,.F.);
#807=ORIENTED_EDGE('',*,*,#1194,.F.);
#808=ORIENTED_EDGE('',*,*,#928,.F.);
#809=ORIENTED_EDGE('',*,*,#1193,.T.);
#810=ORIENTED_EDGE('',*,*,#1099,.F.);
#811=ORIENTED_EDGE('',*,*,#924,.F.);
#812=ORIENTED_EDGE('',*,*,#1194,.T.);
#813=ORIENTED_EDGE('',*,*,#1188,.F.);
#814=ORIENTED_EDGE('',*,*,#998,.F.);
#815=ORIENTED_EDGE('',*,*,#899,.F.);
#816=ORIENTED_EDGE('',*,*,#1179,.F.);
#817=ORIENTED_EDGE('',*,*,#913,.F.);
#818=ORIENTED_EDGE('',*,*,#916,.F.);
#819=ORIENTED_EDGE('',*,*,#1189,.F.);
#820=ORIENTED_EDGE('',*,*,#1180,.F.);
#821=ORIENTED_EDGE('',*,*,#1195,.T.);
#822=ORIENTED_EDGE('',*,*,#914,.F.);
#823=ORIENTED_EDGE('',*,*,#1196,.T.);
#824=ORIENTED_EDGE('',*,*,#930,.F.);
#825=ORIENTED_EDGE('',*,*,#1197,.T.);
#826=ORIENTED_EDGE('',*,*,#996,.T.);
#827=ORIENTED_EDGE('',*,*,#1134,.F.);
#828=ORIENTED_EDGE('',*,*,#1132,.F.);
#829=ORIENTED_EDGE('',*,*,#1130,.F.);
#830=ORIENTED_EDGE('',*,*,#1198,.T.);
#831=ORIENTED_EDGE('',*,*,#1144,.T.);
#832=ORIENTED_EDGE('',*,*,#1199,.F.);
#833=ORIENTED_EDGE('',*,*,#1149,.T.);
#834=ORIENTED_EDGE('',*,*,#1153,.F.);
#835=ORIENTED_EDGE('',*,*,#1150,.F.);
#836=ORIENTED_EDGE('',*,*,#1199,.T.);
#837=ORIENTED_EDGE('',*,*,#1148,.F.);
#838=ORIENTED_EDGE('',*,*,#1200,.T.);
#839=ORIENTED_EDGE('',*,*,#1201,.F.);
#840=ORIENTED_EDGE('',*,*,#1201,.T.);
#841=ORIENTED_EDGE('',*,*,#1202,.T.);
#842=ORIENTED_EDGE('',*,*,#1203,.F.);
#843=ORIENTED_EDGE('',*,*,#1203,.T.);
#844=ORIENTED_EDGE('',*,*,#1204,.T.);
#845=ORIENTED_EDGE('',*,*,#1205,.F.);
#846=ORIENTED_EDGE('',*,*,#1205,.T.);
#847=ORIENTED_EDGE('',*,*,#1080,.F.);
#848=ORIENTED_EDGE('',*,*,#1076,.F.);
#849=ORIENTED_EDGE('',*,*,#1202,.F.);
#850=ORIENTED_EDGE('',*,*,#1072,.F.);
#851=ORIENTED_EDGE('',*,*,#1079,.F.);
#852=ORIENTED_EDGE('',*,*,#1204,.F.);
#853=ORIENTED_EDGE('',*,*,#1063,.F.);
#854=ORIENTED_EDGE('',*,*,#1059,.F.);
#855=ORIENTED_EDGE('',*,*,#1198,.F.);
#856=ORIENTED_EDGE('',*,*,#1200,.F.);
#857=ORIENTED_EDGE('',*,*,#1053,.F.);
#858=ORIENTED_EDGE('',*,*,#1062,.F.);
#859=ORIENTED_EDGE('',*,*,#1066,.F.);
#860=ORIENTED_EDGE('',*,*,#1197,.F.);
#861=ORIENTED_EDGE('',*,*,#1195,.F.);
#862=ORIENTED_EDGE('',*,*,#1067,.F.);
#863=ORIENTED_EDGE('',*,*,#1196,.F.);
#864=ORIENTED_EDGE('',*,*,#1068,.F.);
#865=ORIENTED_EDGE('',*,*,#1084,.F.);
#866=ORIENTED_EDGE('',*,*,#1139,.F.);
#867=ORIENTED_EDGE('',*,*,#1085,.F.);
#868=ORIENTED_EDGE('',*,*,#1141,.F.);
#869=ORIENTED_EDGE('',*,*,#1086,.F.);
#870=ORIENTED_EDGE('',*,*,#1143,.F.);
#871=EDGE_CURVE('',#1206,#1207,#1430,.T.);
#872=EDGE_CURVE('',#1207,#1208,#178,.T.);
#873=EDGE_CURVE('',#1209,#1208,#1431,.T.);
#874=EDGE_CURVE('',#1209,#1210,#179,.T.);
#875=EDGE_CURVE('',#1210,#1211,#1432,.T.);
#876=EDGE_CURVE('',#1211,#1212,#1433,.T.);
#877=EDGE_CURVE('',#1212,#1213,#1434,.T.);
#878=EDGE_CURVE('',#1214,#1213,#1435,.T.);
#879=EDGE_CURVE('',#1214,#1215,#1436,.T.);
#880=EDGE_CURVE('',#1215,#1216,#1437,.T.);
#881=EDGE_CURVE('',#1216,#1217,#1438,.T.);
#882=EDGE_CURVE('',#1217,#1218,#1439,.T.);
#883=EDGE_CURVE('',#1219,#1218,#1440,.T.);
#884=EDGE_CURVE('',#1220,#1219,#1441,.T.);
#885=EDGE_CURVE('',#1220,#1221,#1442,.T.);
#886=EDGE_CURVE('',#1221,#1222,#1443,.T.);
#887=EDGE_CURVE('',#1223,#1222,#1444,.T.);
#888=EDGE_CURVE('',#1224,#1223,#1445,.T.);
#889=EDGE_CURVE('',#1224,#1206,#1446,.T.);
#890=EDGE_CURVE('',#1225,#1226,#101,.T.);
#891=EDGE_CURVE('',#1227,#1225,#1447,.T.);
#892=EDGE_CURVE('',#1228,#1227,#102,.T.);
#893=EDGE_CURVE('',#1229,#1228,#1448,.T.);
#894=EDGE_CURVE('',#1230,#1229,#103,.T.);
#895=EDGE_CURVE('',#1231,#1230,#1449,.T.);
#896=EDGE_CURVE('',#1232,#1231,#104,.T.);
#897=EDGE_CURVE('',#1226,#1232,#1450,.T.);
#898=EDGE_CURVE('',#1233,#1234,#105,.F.);
#899=EDGE_CURVE('',#1233,#1235,#106,.F.);
#900=EDGE_CURVE('',#1236,#1235,#1451,.T.);
#901=EDGE_CURVE('',#1236,#1237,#180,.T.);
#902=EDGE_CURVE('',#1237,#1238,#1452,.T.);
#903=EDGE_CURVE('',#1238,#1239,#1453,.T.);
#904=EDGE_CURVE('',#1239,#1240,#1454,.T.);
#905=EDGE_CURVE('',#1241,#1240,#1455,.T.);
#906=EDGE_CURVE('',#1241,#1242,#1456,.T.);
#907=EDGE_CURVE('',#1242,#1243,#1457,.T.);
#908=EDGE_CURVE('',#1243,#1244,#1458,.T.);
#909=EDGE_CURVE('',#1244,#1245,#1459,.T.);
#910=EDGE_CURVE('',#1246,#1245,#1460,.T.);
#911=EDGE_CURVE('',#1246,#1247,#181,.T.);
#912=EDGE_CURVE('',#1248,#1247,#1461,.T.);
#913=EDGE_CURVE('',#1248,#1234,#107,.F.);
#914=EDGE_CURVE('',#1249,#1249,#108,.F.);
#915=EDGE_CURVE('',#1250,#1251,#1462,.T.);
#916=EDGE_CURVE('',#1251,#1248,#1463,.T.);
#917=EDGE_CURVE('',#1247,#1252,#1464,.F.);
#918=EDGE_CURVE('',#1253,#1252,#109,.T.);
#919=EDGE_CURVE('',#1253,#1254,#1465,.F.);
#920=EDGE_CURVE('',#1254,#1255,#1466,.T.);
#921=EDGE_CURVE('',#1255,#1256,#1467,.T.);
#922=EDGE_CURVE('',#1256,#1250,#1468,.T.);
#923=EDGE_CURVE('',#1257,#1258,#1469,.F.);
#924=EDGE_CURVE('',#1258,#1259,#182,.F.);
#925=EDGE_CURVE('',#1260,#1259,#1470,.F.);
#926=EDGE_CURVE('',#1257,#1260,#1471,.F.);
#927=EDGE_CURVE('',#1261,#1262,#1472,.T.);
#928=EDGE_CURVE('',#1261,#1258,#30,.T.);
#929=EDGE_CURVE('',#1257,#1262,#183,.F.);
#930=EDGE_CURVE('',#1263,#1263,#110,.F.);
#931=EDGE_CURVE('',#1222,#1264,#1473,.T.);
#932=EDGE_CURVE('',#1265,#1264,#1474,.F.);
#933=EDGE_CURVE('',#1223,#1265,#1475,.T.);
#934=EDGE_CURVE('',#1266,#1267,#1476,.T.);
#935=EDGE_CURVE('',#1267,#1268,#1477,.T.);
#936=EDGE_CURVE('',#1268,#1269,#1478,.T.);
#937=EDGE_CURVE('',#1266,#1269,#1479,.T.);
#938=EDGE_CURVE('',#1270,#1271,#1480,.T.);
#939=EDGE_CURVE('',#1271,#1272,#1481,.F.);
#940=EDGE_CURVE('',#1272,#1273,#1482,.T.);
#941=EDGE_CURVE('',#1274,#1273,#1483,.T.);
#942=EDGE_CURVE('',#1275,#1274,#1484,.T.);
#943=EDGE_CURVE('',#1276,#1275,#1485,.T.);
#944=EDGE_CURVE('',#1276,#1270,#111,.T.);
#945=EDGE_CURVE('',#1277,#1278,#1486,.T.);
#946=EDGE_CURVE('',#1277,#1279,#1487,.T.);
#947=EDGE_CURVE('',#1280,#1279,#1488,.T.);
#948=EDGE_CURVE('',#1280,#1281,#112,.F.);
#949=EDGE_CURVE('',#1281,#1282,#1489,.T.);
#950=EDGE_CURVE('',#1282,#1283,#1490,.T.);
#951=EDGE_CURVE('',#1283,#1278,#1491,.T.);
#952=EDGE_CURVE('',#1284,#1285,#1492,.T.);
#953=EDGE_CURVE('',#1284,#1286,#1493,.T.);
#954=EDGE_CURVE('',#1283,#1286,#1494,.T.);
#955=EDGE_CURVE('',#1287,#1282,#1495,.T.);
#956=EDGE_CURVE('',#1287,#1285,#113,.T.);
#957=EDGE_CURVE('',#1284,#1288,#1496,.T.);
#958=EDGE_CURVE('',#1288,#1207,#184,.T.);
#959=EDGE_CURVE('',#1206,#1289,#1497,.T.);
#960=EDGE_CURVE('',#1289,#1290,#1498,.F.);
#961=EDGE_CURVE('',#1218,#1290,#1499,.T.);
#962=EDGE_CURVE('',#1217,#1291,#1500,.T.);
#963=EDGE_CURVE('',#1286,#1291,#1501,.T.);
#964=EDGE_CURVE('',#1292,#1292,#114,.T.);
#965=EDGE_CURVE('',#1293,#1294,#115,.T.);
#966=EDGE_CURVE('',#1294,#1295,#31,.T.);
#967=EDGE_CURVE('',#1295,#1296,#32,.T.);
#968=EDGE_CURVE('',#1296,#1293,#33,.T.);
#969=EDGE_CURVE('',#1297,#1297,#116,.T.);
#970=EDGE_CURVE('',#1298,#1299,#117,.T.);
#971=EDGE_CURVE('',#1299,#1300,#34,.T.);
#972=EDGE_CURVE('',#1300,#1301,#35,.T.);
#973=EDGE_CURVE('',#1301,#1298,#36,.T.);
#974=EDGE_CURVE('',#1302,#1262,#1502,.T.);
#975=EDGE_CURVE('',#1262,#1303,#1503,.F.);
#976=EDGE_CURVE('',#1303,#1304,#1504,.T.);
#977=EDGE_CURVE('',#1305,#1304,#1505,.T.);
#978=EDGE_CURVE('',#1306,#1305,#1506,.T.);
#979=EDGE_CURVE('',#1307,#1306,#1507,.T.);
#980=EDGE_CURVE('',#1307,#1302,#118,.T.);
#981=EDGE_CURVE('',#1308,#1309,#1508,.T.);
#982=EDGE_CURVE('',#1308,#1255,#1509,.T.);
#983=EDGE_CURVE('',#1254,#1310,#119,.F.);
#984=EDGE_CURVE('',#1310,#1311,#1510,.T.);
#985=EDGE_CURVE('',#1311,#1312,#1511,.T.);
#986=EDGE_CURVE('',#1312,#1309,#1512,.T.);
#987=EDGE_CURVE('',#1245,#1313,#1513,.T.);
#988=EDGE_CURVE('',#1245,#1314,#1514,.T.);
#989=EDGE_CURVE('',#1312,#1314,#1515,.T.);
#990=EDGE_CURVE('',#1315,#1311,#1516,.T.);
#991=EDGE_CURVE('',#1315,#1313,#120,.T.);
#992=EDGE_CURVE('',#1316,#1316,#121,.T.);
#993=EDGE_CURVE('',#1252,#1317,#37,.T.);
#994=EDGE_CURVE('',#1317,#1318,#38,.T.);
#995=EDGE_CURVE('',#1318,#1253,#39,.T.);
#996=EDGE_CURVE('',#1319,#1320,#122,.T.);
#997=EDGE_CURVE('',#1319,#1236,#1517,.F.);
#998=EDGE_CURVE('',#1235,#1321,#1518,.F.);
#999=EDGE_CURVE('',#1321,#1322,#1519,.T.);
#1000=EDGE_CURVE('',#1322,#1261,#1520,.F.);
#1001=EDGE_CURVE('',#1302,#1320,#1521,.F.);
#1002=EDGE_CURVE('',#1323,#1314,#1522,.T.);
#1003=EDGE_CURVE('',#1244,#1323,#1523,.T.);
#1004=EDGE_CURVE('',#1242,#1324,#1524,.T.);
#1005=EDGE_CURVE('',#1324,#1325,#1525,.T.);
#1006=EDGE_CURVE('',#1243,#1325,#1526,.T.);
#1007=EDGE_CURVE('',#1241,#1326,#1527,.T.);
#1008=EDGE_CURVE('',#1326,#1324,#1528,.T.);
#1009=EDGE_CURVE('',#1326,#1327,#1529,.T.);
#1010=EDGE_CURVE('',#1240,#1327,#1530,.T.);
#1011=EDGE_CURVE('',#1303,#1308,#1531,.F.);
#1012=EDGE_CURVE('',#1309,#1323,#1532,.T.);
#1013=EDGE_CURVE('',#1327,#1325,#1533,.T.);
#1014=EDGE_CURVE('',#1239,#1328,#1534,.T.);
#1015=EDGE_CURVE('',#1328,#1304,#1535,.T.);
#1016=EDGE_CURVE('',#1329,#1328,#1536,.T.);
#1017=EDGE_CURVE('',#1238,#1329,#1537,.T.);
#1018=EDGE_CURVE('',#1275,#1330,#1538,.T.);
#1019=EDGE_CURVE('',#1274,#1331,#1539,.T.);
#1020=EDGE_CURVE('',#1211,#1331,#1540,.T.);
#1021=EDGE_CURVE('',#1332,#1211,#1541,.T.);
#1022=EDGE_CURVE('',#1332,#1330,#123,.T.);
#1023=EDGE_CURVE('',#1279,#1271,#1542,.T.);
#1024=EDGE_CURVE('',#1270,#1299,#1543,.F.);
#1025=EDGE_CURVE('',#1298,#1209,#1544,.F.);
#1026=EDGE_CURVE('',#1208,#1294,#1545,.F.);
#1027=EDGE_CURVE('',#1293,#1280,#1546,.F.);
#1028=EDGE_CURVE('',#1224,#1333,#1547,.T.);
#1029=EDGE_CURVE('',#1333,#1289,#1548,.F.);
#1030=EDGE_CURVE('',#1333,#1265,#1549,.F.);
#1031=EDGE_CURVE('',#1221,#1334,#1550,.T.);
#1032=EDGE_CURVE('',#1334,#1264,#1551,.F.);
#1033=EDGE_CURVE('',#1335,#1335,#124,.T.);
#1034=EDGE_CURVE('',#1220,#1336,#1552,.T.);
#1035=EDGE_CURVE('',#1336,#1334,#1553,.F.);
#1036=EDGE_CURVE('',#1219,#1337,#1554,.T.);
#1037=EDGE_CURVE('',#1336,#1337,#1555,.F.);
#1038=EDGE_CURVE('',#1337,#1290,#1556,.F.);
#1039=EDGE_CURVE('',#1215,#1338,#1557,.T.);
#1040=EDGE_CURVE('',#1338,#1339,#1558,.T.);
#1041=EDGE_CURVE('',#1216,#1339,#1559,.T.);
#1042=EDGE_CURVE('',#1214,#1340,#1560,.T.);
#1043=EDGE_CURVE('',#1340,#1338,#1561,.T.);
#1044=EDGE_CURVE('',#1340,#1341,#1562,.T.);
#1045=EDGE_CURVE('',#1213,#1341,#1563,.T.);
#1046=EDGE_CURVE('',#1342,#1342,#125,.T.);
#1047=EDGE_CURVE('',#1343,#1343,#126,.T.);
#1048=EDGE_CURVE('',#1272,#1277,#1564,.F.);
#1049=EDGE_CURVE('',#1278,#1291,#1565,.T.);
#1050=EDGE_CURVE('',#1341,#1339,#1566,.T.);
#1051=EDGE_CURVE('',#1212,#1344,#1567,.T.);
#1052=EDGE_CURVE('',#1344,#1273,#1568,.T.);
#1053=EDGE_CURVE('',#1345,#1346,#40,.T.);
#1054=EDGE_CURVE('',#1346,#1347,#1569,.T.);
#1055=EDGE_CURVE('',#1348,#1347,#127,.F.);
#1056=EDGE_CURVE('',#1225,#1348,#1570,.T.);
#1057=EDGE_CURVE('',#1226,#1345,#1571,.T.);
#1058=EDGE_CURVE('',#1232,#1349,#1572,.T.);
#1059=EDGE_CURVE('',#1349,#1350,#128,.F.);
#1060=EDGE_CURVE('',#1350,#1351,#1573,.T.);
#1061=EDGE_CURVE('',#1347,#1351,#1574,.F.);
#1062=EDGE_CURVE('',#1346,#1345,#129,.F.);
#1063=EDGE_CURVE('',#1350,#1349,#41,.T.);
#1064=EDGE_CURVE('',#1231,#1352,#1575,.T.);
#1065=EDGE_CURVE('',#1351,#1352,#130,.F.);
#1066=EDGE_CURVE('',#1353,#1353,#131,.F.);
#1067=EDGE_CURVE('',#1354,#1354,#132,.F.);
#1068=EDGE_CURVE('',#1355,#1355,#133,.F.);
#1069=EDGE_CURVE('',#1230,#1356,#1576,.T.);
#1070=EDGE_CURVE('',#1352,#1356,#1577,.F.);
#1071=EDGE_CURVE('',#1229,#1357,#1578,.T.);
#1072=EDGE_CURVE('',#1357,#1358,#42,.T.);
#1073=EDGE_CURVE('',#1358,#1359,#1579,.T.);
#1074=EDGE_CURVE('',#1356,#1359,#134,.F.);
#1075=EDGE_CURVE('',#1228,#1360,#1580,.T.);
#1076=EDGE_CURVE('',#1360,#1361,#135,.F.);
#1077=EDGE_CURVE('',#1361,#1362,#1581,.T.);
#1078=EDGE_CURVE('',#1359,#1362,#1582,.F.);
#1079=EDGE_CURVE('',#1358,#1357,#136,.F.);
#1080=EDGE_CURVE('',#1361,#1360,#43,.T.);
#1081=EDGE_CURVE('',#1227,#1363,#1583,.T.);
#1082=EDGE_CURVE('',#1362,#1363,#137,.F.);
#1083=EDGE_CURVE('',#1331,#1344,#1584,.T.);
#1084=EDGE_CURVE('',#1364,#1364,#138,.F.);
#1085=EDGE_CURVE('',#1365,#1365,#139,.F.);
#1086=EDGE_CURVE('',#1366,#1366,#140,.F.);
#1087=EDGE_CURVE('',#1363,#1348,#1585,.F.);
#1088=EDGE_CURVE('',#1306,#1367,#1586,.T.);
#1089=EDGE_CURVE('',#1305,#1329,#1587,.T.);
#1090=EDGE_CURVE('',#1368,#1238,#1588,.T.);
#1091=EDGE_CURVE('',#1368,#1367,#141,.T.);
#1092=EDGE_CURVE('',#1369,#1370,#142,.T.);
#1093=EDGE_CURVE('',#1370,#1371,#44,.T.);
#1094=EDGE_CURVE('',#1371,#1372,#45,.T.);
#1095=EDGE_CURVE('',#1372,#1373,#1589,.F.);
#1096=EDGE_CURVE('',#1373,#1374,#1590,.F.);
#1097=EDGE_CURVE('',#1374,#1375,#1591,.F.);
#1098=EDGE_CURVE('',#1375,#1260,#1592,.F.);
#1099=EDGE_CURVE('',#1259,#1376,#46,.F.);
#1100=EDGE_CURVE('',#1376,#1369,#47,.F.);
#1101=EDGE_CURVE('',#1377,#1378,#1593,.F.);
#1102=EDGE_CURVE('',#1378,#1379,#1594,.F.);
#1103=EDGE_CURVE('',#1379,#1380,#1595,.F.);
#1104=EDGE_CURVE('',#1380,#1377,#1596,.F.);
#1105=EDGE_CURVE('',#1381,#1381,#143,.T.);
#1106=EDGE_CURVE('',#1382,#1382,#144,.F.);
#1107=EDGE_CURVE('',#1383,#1383,#145,.F.);
#1108=EDGE_CURVE('',#1384,#1313,#1597,.T.);
#1109=EDGE_CURVE('',#1384,#1246,#1598,.T.);
#1110=EDGE_CURVE('',#1385,#1315,#1599,.T.);
#1111=EDGE_CURVE('',#1385,#1384,#146,.T.);
#1112=EDGE_CURVE('',#1310,#1385,#1600,.T.);
#1113=EDGE_CURVE('',#1386,#1367,#1601,.T.);
#1114=EDGE_CURVE('',#1386,#1307,#1602,.T.);
#1115=EDGE_CURVE('',#1387,#1368,#1603,.T.);
#1116=EDGE_CURVE('',#1387,#1386,#147,.T.);
#1117=EDGE_CURVE('',#1237,#1387,#1604,.T.);
#1118=EDGE_CURVE('',#1388,#1330,#1605,.T.);
#1119=EDGE_CURVE('',#1388,#1276,#1606,.T.);
#1120=EDGE_CURVE('',#1389,#1332,#1607,.T.);
#1121=EDGE_CURVE('',#1389,#1388,#148,.T.);
#1122=EDGE_CURVE('',#1210,#1389,#1608,.T.);
#1123=EDGE_CURVE('',#1390,#1285,#1609,.T.);
#1124=EDGE_CURVE('',#1390,#1288,#1610,.T.);
#1125=EDGE_CURVE('',#1391,#1287,#1611,.T.);
#1126=EDGE_CURVE('',#1391,#1390,#149,.T.);
#1127=EDGE_CURVE('',#1281,#1391,#1612,.T.);
#1128=EDGE_CURVE('',#1385,#1318,#185,.T.);
#1129=EDGE_CURVE('',#1384,#1317,#186,.T.);
#1130=EDGE_CURVE('',#1319,#1392,#48,.T.);
#1131=EDGE_CURVE('',#1387,#1392,#187,.T.);
#1132=EDGE_CURVE('',#1392,#1393,#49,.T.);
#1133=EDGE_CURVE('',#1386,#1393,#188,.T.);
#1134=EDGE_CURVE('',#1393,#1320,#50,.T.);
#1135=EDGE_CURVE('',#1389,#1301,#189,.T.);
#1136=EDGE_CURVE('',#1388,#1300,#190,.T.);
#1137=EDGE_CURVE('',#1391,#1296,#191,.T.);
#1138=EDGE_CURVE('',#1390,#1295,#192,.T.);
#1139=EDGE_CURVE('',#1394,#1394,#150,.T.);
#1140=EDGE_CURVE('',#1395,#1395,#151,.T.);
#1141=EDGE_CURVE('',#1396,#1396,#152,.T.);
#1142=EDGE_CURVE('',#1397,#1397,#153,.T.);
#1143=EDGE_CURVE('',#1398,#1398,#154,.T.);
#1144=EDGE_CURVE('',#1399,#1400,#1613,.F.);
#1145=EDGE_CURVE('',#1269,#1399,#1614,.T.);
#1146=EDGE_CURVE('',#1268,#1401,#1615,.T.);
#1147=EDGE_CURVE('',#1401,#1402,#1616,.T.);
#1148=EDGE_CURVE('',#1402,#1400,#1617,.T.);
#1149=EDGE_CURVE('',#1403,#1404,#1618,.T.);
#1150=EDGE_CURVE('',#1403,#1402,#1619,.T.);
#1151=EDGE_CURVE('',#1401,#1267,#1620,.T.);
#1152=EDGE_CURVE('',#1404,#1266,#1621,.T.);
#1153=EDGE_CURVE('',#1399,#1404,#155,.T.);
#1154=EDGE_CURVE('',#1405,#1380,#1622,.F.);
#1155=EDGE_CURVE('',#1405,#1406,#1623,.F.);
#1156=EDGE_CURVE('',#1377,#1406,#1624,.F.);
#1157=EDGE_CURVE('',#1407,#1379,#1625,.F.);
#1158=EDGE_CURVE('',#1407,#1405,#1626,.F.);
#1159=EDGE_CURVE('',#1406,#1408,#1627,.F.);
#1160=EDGE_CURVE('',#1378,#1408,#1628,.T.);
#1161=EDGE_CURVE('',#1408,#1407,#1629,.F.);
#1162=EDGE_CURVE('',#1372,#1409,#193,.F.);
#1163=EDGE_CURVE('',#1409,#1410,#1630,.F.);
#1164=EDGE_CURVE('',#1373,#1410,#1631,.F.);
#1165=EDGE_CURVE('',#1411,#1375,#1632,.F.);
#1166=EDGE_CURVE('',#1411,#1257,#1633,.F.);
#1167=EDGE_CURVE('',#1410,#1412,#1634,.F.);
#1168=EDGE_CURVE('',#1374,#1412,#1635,.T.);
#1169=EDGE_CURVE('',#1412,#1411,#1636,.F.);
#1170=EDGE_CURVE('',#1411,#1303,#194,.F.);
#1171=EDGE_CURVE('',#1308,#1412,#195,.T.);
#1172=EDGE_CURVE('',#1255,#1410,#196,.T.);
#1173=EDGE_CURVE('',#1409,#1256,#51,.T.);
#1174=EDGE_CURVE('',#1408,#1277,#197,.F.);
#1175=EDGE_CURVE('',#1279,#1406,#198,.T.);
#1176=EDGE_CURVE('',#1271,#1405,#199,.T.);
#1177=EDGE_CURVE('',#1407,#1272,#200,.F.);
#1178=EDGE_CURVE('',#1413,#1414,#156,.T.);
#1179=EDGE_CURVE('',#1414,#1233,#1637,.F.);
#1180=EDGE_CURVE('',#1234,#1413,#1638,.T.);
#1181=EDGE_CURVE('',#1415,#1415,#157,.T.);
#1182=EDGE_CURVE('',#1416,#1417,#1639,.T.);
#1183=EDGE_CURVE('',#1417,#1370,#52,.T.);
#1184=EDGE_CURVE('',#1369,#1418,#53,.T.);
#1185=EDGE_CURVE('',#1418,#1419,#1640,.F.);
#1186=EDGE_CURVE('',#1419,#1416,#158,.T.);
#1187=EDGE_CURVE('',#1419,#1322,#159,.T.);
#1188=EDGE_CURVE('',#1321,#1414,#160,.T.);
#1189=EDGE_CURVE('',#1413,#1251,#161,.T.);
#1190=EDGE_CURVE('',#1250,#1416,#162,.T.);
#1191=EDGE_CURVE('',#1417,#1256,#163,.T.);
#1192=EDGE_CURVE('',#1371,#1409,#164,.T.);
#1193=EDGE_CURVE('',#1261,#1418,#165,.T.);
#1194=EDGE_CURVE('',#1258,#1376,#166,.T.);
#1195=EDGE_CURVE('',#1420,#1420,#167,.T.);
#1196=EDGE_CURVE('',#1421,#1421,#168,.T.);
#1197=EDGE_CURVE('',#1422,#1422,#169,.T.);
#1198=EDGE_CURVE('',#1423,#1423,#170,.T.);
#1199=EDGE_CURVE('',#1403,#1400,#171,.T.);
#1200=EDGE_CURVE('',#1424,#1424,#172,.T.);
#1201=EDGE_CURVE('',#1425,#1425,#173,.T.);
#1202=EDGE_CURVE('',#1426,#1426,#174,.T.);
#1203=EDGE_CURVE('',#1427,#1427,#175,.T.);
#1204=EDGE_CURVE('',#1428,#1428,#176,.T.);
#1205=EDGE_CURVE('',#1429,#1429,#177,.T.);
#1206=VERTEX_POINT('',#3347);
#1207=VERTEX_POINT('',#3348);
#1208=VERTEX_POINT('',#3350);
#1209=VERTEX_POINT('',#3352);
#1210=VERTEX_POINT('',#3354);
#1211=VERTEX_POINT('',#3356);
#1212=VERTEX_POINT('',#3358);
#1213=VERTEX_POINT('',#3360);
#1214=VERTEX_POINT('',#3362);
#1215=VERTEX_POINT('',#3364);
#1216=VERTEX_POINT('',#3366);
#1217=VERTEX_POINT('',#3368);
#1218=VERTEX_POINT('',#3370);
#1219=VERTEX_POINT('',#3372);
#1220=VERTEX_POINT('',#3374);
#1221=VERTEX_POINT('',#3376);
#1222=VERTEX_POINT('',#3378);
#1223=VERTEX_POINT('',#3380);
#1224=VERTEX_POINT('',#3382);
#1225=VERTEX_POINT('',#3385);
#1226=VERTEX_POINT('',#3386);
#1227=VERTEX_POINT('',#3388);
#1228=VERTEX_POINT('',#3390);
#1229=VERTEX_POINT('',#3392);
#1230=VERTEX_POINT('',#3394);
#1231=VERTEX_POINT('',#3396);
#1232=VERTEX_POINT('',#3398);
#1233=VERTEX_POINT('',#3401);
#1234=VERTEX_POINT('',#3402);
#1235=VERTEX_POINT('',#3404);
#1236=VERTEX_POINT('',#3406);
#1237=VERTEX_POINT('',#3408);
#1238=VERTEX_POINT('',#3410);
#1239=VERTEX_POINT('',#3412);
#1240=VERTEX_POINT('',#3414);
#1241=VERTEX_POINT('',#3416);
#1242=VERTEX_POINT('',#3418);
#1243=VERTEX_POINT('',#3420);
#1244=VERTEX_POINT('',#3422);
#1245=VERTEX_POINT('',#3424);
#1246=VERTEX_POINT('',#3426);
#1247=VERTEX_POINT('',#3428);
#1248=VERTEX_POINT('',#3430);
#1249=VERTEX_POINT('',#3434);
#1250=VERTEX_POINT('',#3436);
#1251=VERTEX_POINT('',#3437);
#1252=VERTEX_POINT('',#3440);
#1253=VERTEX_POINT('',#3442);
#1254=VERTEX_POINT('',#3444);
#1255=VERTEX_POINT('',#3446);
#1256=VERTEX_POINT('',#3448);
#1257=VERTEX_POINT('',#3452);
#1258=VERTEX_POINT('',#3453);
#1259=VERTEX_POINT('',#3455);
#1260=VERTEX_POINT('',#3457);
#1261=VERTEX_POINT('',#3461);
#1262=VERTEX_POINT('',#3462);
#1263=VERTEX_POINT('',#3470);
#1264=VERTEX_POINT('',#3472);
#1265=VERTEX_POINT('',#3474);
#1266=VERTEX_POINT('',#3477);
#1267=VERTEX_POINT('',#3478);
#1268=VERTEX_POINT('',#3480);
#1269=VERTEX_POINT('',#3482);
#1270=VERTEX_POINT('',#3486);
#1271=VERTEX_POINT('',#3487);
#1272=VERTEX_POINT('',#3489);
#1273=VERTEX_POINT('',#3491);
#1274=VERTEX_POINT('',#3493);
#1275=VERTEX_POINT('',#3495);
#1276=VERTEX_POINT('',#3497);
#1277=VERTEX_POINT('',#3501);
#1278=VERTEX_POINT('',#3502);
#1279=VERTEX_POINT('',#3504);
#1280=VERTEX_POINT('',#3506);
#1281=VERTEX_POINT('',#3508);
#1282=VERTEX_POINT('',#3510);
#1283=VERTEX_POINT('',#3512);
#1284=VERTEX_POINT('',#3516);
#1285=VERTEX_POINT('',#3517);
#1286=VERTEX_POINT('',#3519);
#1287=VERTEX_POINT('',#3522);
#1288=VERTEX_POINT('',#3526);
#1289=VERTEX_POINT('',#3529);
#1290=VERTEX_POINT('',#3531);
#1291=VERTEX_POINT('',#3534);
#1292=VERTEX_POINT('',#3538);
#1293=VERTEX_POINT('',#3540);
#1294=VERTEX_POINT('',#3541);
#1295=VERTEX_POINT('',#3547);
#1296=VERTEX_POINT('',#3552);
#1297=VERTEX_POINT('',#3560);
#1298=VERTEX_POINT('',#3562);
#1299=VERTEX_POINT('',#3563);
#1300=VERTEX_POINT('',#3569);
#1301=VERTEX_POINT('',#3574);
#1302=VERTEX_POINT('',#3582);
#1303=VERTEX_POINT('',#3584);
#1304=VERTEX_POINT('',#3586);
#1305=VERTEX_POINT('',#3588);
#1306=VERTEX_POINT('',#3590);
#1307=VERTEX_POINT('',#3592);
#1308=VERTEX_POINT('',#3596);
#1309=VERTEX_POINT('',#3597);
#1310=VERTEX_POINT('',#3600);
#1311=VERTEX_POINT('',#3602);
#1312=VERTEX_POINT('',#3604);
#1313=VERTEX_POINT('',#3608);
#1314=VERTEX_POINT('',#3610);
#1315=VERTEX_POINT('',#3613);
#1316=VERTEX_POINT('',#3617);
#1317=VERTEX_POINT('',#3623);
#1318=VERTEX_POINT('',#3628);
#1319=VERTEX_POINT('',#3636);
#1320=VERTEX_POINT('',#3637);
#1321=VERTEX_POINT('',#3640);
#1322=VERTEX_POINT('',#3642);
#1323=VERTEX_POINT('',#3647);
#1324=VERTEX_POINT('',#3651);
#1325=VERTEX_POINT('',#3653);
#1326=VERTEX_POINT('',#3657);
#1327=VERTEX_POINT('',#3661);
#1328=VERTEX_POINT('',#3668);
#1329=VERTEX_POINT('',#3672);
#1330=VERTEX_POINT('',#3676);
#1331=VERTEX_POINT('',#3678);
#1332=VERTEX_POINT('',#3681);
#1333=VERTEX_POINT('',#3691);
#1334=VERTEX_POINT('',#3697);
#1335=VERTEX_POINT('',#3701);
#1336=VERTEX_POINT('',#3703);
#1337=VERTEX_POINT('',#3707);
#1338=VERTEX_POINT('',#3713);
#1339=VERTEX_POINT('',#3715);
#1340=VERTEX_POINT('',#3719);
#1341=VERTEX_POINT('',#3723);
#1342=VERTEX_POINT('',#3727);
#1343=VERTEX_POINT('',#3729);
#1344=VERTEX_POINT('',#3734);
#1345=VERTEX_POINT('',#3744);
#1346=VERTEX_POINT('',#3745);
#1347=VERTEX_POINT('',#3747);
#1348=VERTEX_POINT('',#3749);
#1349=VERTEX_POINT('',#3754);
#1350=VERTEX_POINT('',#3756);
#1351=VERTEX_POINT('',#3758);
#1352=VERTEX_POINT('',#3768);
#1353=VERTEX_POINT('',#3772);
#1354=VERTEX_POINT('',#3774);
#1355=VERTEX_POINT('',#3776);
#1356=VERTEX_POINT('',#3778);
#1357=VERTEX_POINT('',#3782);
#1358=VERTEX_POINT('',#3788);
#1359=VERTEX_POINT('',#3790);
#1360=VERTEX_POINT('',#3794);
#1361=VERTEX_POINT('',#3796);
#1362=VERTEX_POINT('',#3798);
#1363=VERTEX_POINT('',#3808);
#1364=VERTEX_POINT('',#3814);
#1365=VERTEX_POINT('',#3816);
#1366=VERTEX_POINT('',#3818);
#1367=VERTEX_POINT('',#3822);
#1368=VERTEX_POINT('',#3825);
#1369=VERTEX_POINT('',#3835);
#1370=VERTEX_POINT('',#3836);
#1371=VERTEX_POINT('',#3842);
#1372=VERTEX_POINT('',#3847);
#1373=VERTEX_POINT('',#3849);
#1374=VERTEX_POINT('',#3851);
#1375=VERTEX_POINT('',#3853);
#1376=VERTEX_POINT('',#3859);
#1377=VERTEX_POINT('',#3866);
#1378=VERTEX_POINT('',#3867);
#1379=VERTEX_POINT('',#3869);
#1380=VERTEX_POINT('',#3871);
#1381=VERTEX_POINT('',#3874);
#1382=VERTEX_POINT('',#3877);
#1383=VERTEX_POINT('',#3881);
#1384=VERTEX_POINT('',#3885);
#1385=VERTEX_POINT('',#3889);
#1386=VERTEX_POINT('',#3895);
#1387=VERTEX_POINT('',#3899);
#1388=VERTEX_POINT('',#3905);
#1389=VERTEX_POINT('',#3909);
#1390=VERTEX_POINT('',#3915);
#1391=VERTEX_POINT('',#3919);
#1392=VERTEX_POINT('',#3948);
#1393=VERTEX_POINT('',#3969);
#1394=VERTEX_POINT('',#4017);
#1395=VERTEX_POINT('',#4019);
#1396=VERTEX_POINT('',#4023);
#1397=VERTEX_POINT('',#4025);
#1398=VERTEX_POINT('',#4029);
#1399=VERTEX_POINT('',#4032);
#1400=VERTEX_POINT('',#4033);
#1401=VERTEX_POINT('',#4036);
#1402=VERTEX_POINT('',#4038);
#1403=VERTEX_POINT('',#4042);
#1404=VERTEX_POINT('',#4043);
#1405=VERTEX_POINT('',#4052);
#1406=VERTEX_POINT('',#4054);
#1407=VERTEX_POINT('',#4058);
#1408=VERTEX_POINT('',#4062);
#1409=VERTEX_POINT('',#4068);
#1410=VERTEX_POINT('',#4070);
#1411=VERTEX_POINT('',#4074);
#1412=VERTEX_POINT('',#4078);
#1413=VERTEX_POINT('',#4103);
#1414=VERTEX_POINT('',#4104);
#1415=VERTEX_POINT('',#4109);
#1416=VERTEX_POINT('',#4112);
#1417=VERTEX_POINT('',#4113);
#1418=VERTEX_POINT('',#4122);
#1419=VERTEX_POINT('',#4124);
#1420=VERTEX_POINT('',#4195);
#1421=VERTEX_POINT('',#4198);
#1422=VERTEX_POINT('',#4201);
#1423=VERTEX_POINT('',#4204);
#1424=VERTEX_POINT('',#4209);
#1425=VERTEX_POINT('',#4211);
#1426=VERTEX_POINT('',#4215);
#1427=VERTEX_POINT('',#4217);
#1428=VERTEX_POINT('',#4221);
#1429=VERTEX_POINT('',#4223);
#1430=LINE('',#3346,#1641);
#1431=LINE('',#3351,#1642);
#1432=LINE('',#3355,#1643);
#1433=LINE('',#3357,#1644);
#1434=LINE('',#3359,#1645);
#1435=LINE('',#3361,#1646);
#1436=LINE('',#3363,#1647);
#1437=LINE('',#3365,#1648);
#1438=LINE('',#3367,#1649);
#1439=LINE('',#3369,#1650);
#1440=LINE('',#3371,#1651);
#1441=LINE('',#3373,#1652);
#1442=LINE('',#3375,#1653);
#1443=LINE('',#3377,#1654);
#1444=LINE('',#3379,#1655);
#1445=LINE('',#3381,#1656);
#1446=LINE('',#3383,#1657);
#1447=LINE('',#3387,#1658);
#1448=LINE('',#3391,#1659);
#1449=LINE('',#3395,#1660);
#1450=LINE('',#3399,#1661);
#1451=LINE('',#3405,#1662);
#1452=LINE('',#3409,#1663);
#1453=LINE('',#3411,#1664);
#1454=LINE('',#3413,#1665);
#1455=LINE('',#3415,#1666);
#1456=LINE('',#3417,#1667);
#1457=LINE('',#3419,#1668);
#1458=LINE('',#3421,#1669);
#1459=LINE('',#3423,#1670);
#1460=LINE('',#3425,#1671);
#1461=LINE('',#3429,#1672);
#1462=LINE('',#3435,#1673);
#1463=LINE('',#3438,#1674);
#1464=LINE('',#3439,#1675);
#1465=LINE('',#3443,#1676);
#1466=LINE('',#3445,#1677);
#1467=LINE('',#3447,#1678);
#1468=LINE('',#3449,#1679);
#1469=LINE('',#3451,#1680);
#1470=LINE('',#3456,#1681);
#1471=LINE('',#3458,#1682);
#1472=LINE('',#3460,#1683);
#1473=LINE('',#3471,#1684);
#1474=LINE('',#3473,#1685);
#1475=LINE('',#3475,#1686);
#1476=LINE('',#3476,#1687);
#1477=LINE('',#3479,#1688);
#1478=LINE('',#3481,#1689);
#1479=LINE('',#3483,#1690);
#1480=LINE('',#3485,#1691);
#1481=LINE('',#3488,#1692);
#1482=LINE('',#3490,#1693);
#1483=LINE('',#3492,#1694);
#1484=LINE('',#3494,#1695);
#1485=LINE('',#3496,#1696);
#1486=LINE('',#3500,#1697);
#1487=LINE('',#3503,#1698);
#1488=LINE('',#3505,#1699);
#1489=LINE('',#3509,#1700);
#1490=LINE('',#3511,#1701);
#1491=LINE('',#3513,#1702);
#1492=LINE('',#3515,#1703);
#1493=LINE('',#3518,#1704);
#1494=LINE('',#3520,#1705);
#1495=LINE('',#3521,#1706);
#1496=LINE('',#3525,#1707);
#1497=LINE('',#3528,#1708);
#1498=LINE('',#3530,#1709);
#1499=LINE('',#3532,#1710);
#1500=LINE('',#3533,#1711);
#1501=LINE('',#3535,#1712);
#1502=LINE('',#3581,#1713);
#1503=LINE('',#3583,#1714);
#1504=LINE('',#3585,#1715);
#1505=LINE('',#3587,#1716);
#1506=LINE('',#3589,#1717);
#1507=LINE('',#3591,#1718);
#1508=LINE('',#3595,#1719);
#1509=LINE('',#3598,#1720);
#1510=LINE('',#3601,#1721);
#1511=LINE('',#3603,#1722);
#1512=LINE('',#3605,#1723);
#1513=LINE('',#3607,#1724);
#1514=LINE('',#3609,#1725);
#1515=LINE('',#3611,#1726);
#1516=LINE('',#3612,#1727);
#1517=LINE('',#3638,#1728);
#1518=LINE('',#3639,#1729);
#1519=LINE('',#3641,#1730);
#1520=LINE('',#3643,#1731);
#1521=LINE('',#3644,#1732);
#1522=LINE('',#3646,#1733);
#1523=LINE('',#3648,#1734);
#1524=LINE('',#3650,#1735);
#1525=LINE('',#3652,#1736);
#1526=LINE('',#3654,#1737);
#1527=LINE('',#3656,#1738);
#1528=LINE('',#3658,#1739);
#1529=LINE('',#3660,#1740);
#1530=LINE('',#3662,#1741);
#1531=LINE('',#3664,#1742);
#1532=LINE('',#3665,#1743);
#1533=LINE('',#3666,#1744);
#1534=LINE('',#3667,#1745);
#1535=LINE('',#3669,#1746);
#1536=LINE('',#3671,#1747);
#1537=LINE('',#3673,#1748);
#1538=LINE('',#3675,#1749);
#1539=LINE('',#3677,#1750);
#1540=LINE('',#3679,#1751);
#1541=LINE('',#3680,#1752);
#1542=LINE('',#3684,#1753);
#1543=LINE('',#3685,#1754);
#1544=LINE('',#3686,#1755);
#1545=LINE('',#3687,#1756);
#1546=LINE('',#3688,#1757);
#1547=LINE('',#3690,#1758);
#1548=LINE('',#3692,#1759);
#1549=LINE('',#3694,#1760);
#1550=LINE('',#3696,#1761);
#1551=LINE('',#3698,#1762);
#1552=LINE('',#3702,#1763);
#1553=LINE('',#3704,#1764);
#1554=LINE('',#3706,#1765);
#1555=LINE('',#3708,#1766);
#1556=LINE('',#3710,#1767);
#1557=LINE('',#3712,#1768);
#1558=LINE('',#3714,#1769);
#1559=LINE('',#3716,#1770);
#1560=LINE('',#3718,#1771);
#1561=LINE('',#3720,#1772);
#1562=LINE('',#3722,#1773);
#1563=LINE('',#3724,#1774);
#1564=LINE('',#3730,#1775);
#1565=LINE('',#3731,#1776);
#1566=LINE('',#3732,#1777);
#1567=LINE('',#3733,#1778);
#1568=LINE('',#3735,#1779);
#1569=LINE('',#3746,#1780);
#1570=LINE('',#3750,#1781);
#1571=LINE('',#3751,#1782);
#1572=LINE('',#3753,#1783);
#1573=LINE('',#3757,#1784);
#1574=LINE('',#3759,#1785);
#1575=LINE('',#3767,#1786);
#1576=LINE('',#3777,#1787);
#1577=LINE('',#3779,#1788);
#1578=LINE('',#3781,#1789);
#1579=LINE('',#3789,#1790);
#1580=LINE('',#3793,#1791);
#1581=LINE('',#3797,#1792);
#1582=LINE('',#3799,#1793);
#1583=LINE('',#3807,#1794);
#1584=LINE('',#3811,#1795);
#1585=LINE('',#3819,#1796);
#1586=LINE('',#3821,#1797);
#1587=LINE('',#3823,#1798);
#1588=LINE('',#3824,#1799);
#1589=LINE('',#3848,#1800);
#1590=LINE('',#3850,#1801);
#1591=LINE('',#3852,#1802);
#1592=LINE('',#3854,#1803);
#1593=LINE('',#3865,#1804);
#1594=LINE('',#3868,#1805);
#1595=LINE('',#3870,#1806);
#1596=LINE('',#3872,#1807);
#1597=LINE('',#3884,#1808);
#1598=LINE('',#3886,#1809);
#1599=LINE('',#3888,#1810);
#1600=LINE('',#3892,#1811);
#1601=LINE('',#3894,#1812);
#1602=LINE('',#3896,#1813);
#1603=LINE('',#3898,#1814);
#1604=LINE('',#3902,#1815);
#1605=LINE('',#3904,#1816);
#1606=LINE('',#3906,#1817);
#1607=LINE('',#3908,#1818);
#1608=LINE('',#3912,#1819);
#1609=LINE('',#3914,#1820);
#1610=LINE('',#3916,#1821);
#1611=LINE('',#3918,#1822);
#1612=LINE('',#3922,#1823);
#1613=LINE('',#4031,#1824);
#1614=LINE('',#4034,#1825);
#1615=LINE('',#4035,#1826);
#1616=LINE('',#4037,#1827);
#1617=LINE('',#4039,#1828);
#1618=LINE('',#4041,#1829);
#1619=LINE('',#4044,#1830);
#1620=LINE('',#4045,#1831);
#1621=LINE('',#4046,#1832);
#1622=LINE('',#4051,#1833);
#1623=LINE('',#4053,#1834);
#1624=LINE('',#4055,#1835);
#1625=LINE('',#4057,#1836);
#1626=LINE('',#4059,#1837);
#1627=LINE('',#4061,#1838);
#1628=LINE('',#4063,#1839);
#1629=LINE('',#4065,#1840);
#1630=LINE('',#4069,#1841);
#1631=LINE('',#4071,#1842);
#1632=LINE('',#4073,#1843);
#1633=LINE('',#4075,#1844);
#1634=LINE('',#4077,#1845);
#1635=LINE('',#4079,#1846);
#1636=LINE('',#4081,#1847);
#1637=LINE('',#4105,#1848);
#1638=LINE('',#4106,#1849);
#1639=LINE('',#4111,#1850);
#1640=LINE('',#4123,#1851);
#1641=VECTOR('',#2677,1.);
#1642=VECTOR('',#2680,1.);
#1643=VECTOR('',#2683,1.);
#1644=VECTOR('',#2684,1.);
#1645=VECTOR('',#2685,1.);
#1646=VECTOR('',#2686,1.);
#1647=VECTOR('',#2687,1.);
#1648=VECTOR('',#2688,1.);
#1649=VECTOR('',#2689,1.);
#1650=VECTOR('',#2690,1.);
#1651=VECTOR('',#2691,1.);
#1652=VECTOR('',#2692,1.);
#1653=VECTOR('',#2693,1.);
#1654=VECTOR('',#2694,1.);
#1655=VECTOR('',#2695,1.);
#1656=VECTOR('',#2696,1.);
#1657=VECTOR('',#2697,1.);
#1658=VECTOR('',#2700,1.);
#1659=VECTOR('',#2703,1.);
#1660=VECTOR('',#2706,1.);
#1661=VECTOR('',#2709,1.);
#1662=VECTOR('',#2714,1.);
#1663=VECTOR('',#2717,1.);
#1664=VECTOR('',#2718,1.);
#1665=VECTOR('',#2719,1.);
#1666=VECTOR('',#2720,1.);
#1667=VECTOR('',#2721,1.);
#1668=VECTOR('',#2722,1.);
#1669=VECTOR('',#2723,1.);
#1670=VECTOR('',#2724,1.);
#1671=VECTOR('',#2725,1.);
#1672=VECTOR('',#2728,1.);
#1673=VECTOR('',#2735,1.);
#1674=VECTOR('',#2736,1.);
#1675=VECTOR('',#2737,1.);
#1676=VECTOR('',#2740,1.);
#1677=VECTOR('',#2741,1.);
#1678=VECTOR('',#2742,1.);
#1679=VECTOR('',#2743,1.);
#1680=VECTOR('',#2746,1.);
#1681=VECTOR('',#2749,1.);
#1682=VECTOR('',#2750,1.);
#1683=VECTOR('',#2753,1.);
#1684=VECTOR('',#2760,1.);
#1685=VECTOR('',#2761,1.);
#1686=VECTOR('',#2762,1.);
#1687=VECTOR('',#2763,1.);
#1688=VECTOR('',#2764,1.);
#1689=VECTOR('',#2765,1.);
#1690=VECTOR('',#2766,1.);
#1691=VECTOR('',#2769,1.);
#1692=VECTOR('',#2770,1.);
#1693=VECTOR('',#2771,1.);
#1694=VECTOR('',#2772,1.);
#1695=VECTOR('',#2773,1.);
#1696=VECTOR('',#2774,1.);
#1697=VECTOR('',#2779,1.);
#1698=VECTOR('',#2780,1.);
#1699=VECTOR('',#2781,1.);
#1700=VECTOR('',#2784,1.);
#1701=VECTOR('',#2785,1.);
#1702=VECTOR('',#2786,1.);
#1703=VECTOR('',#2789,1.);
#1704=VECTOR('',#2790,1.);
#1705=VECTOR('',#2791,1.);
#1706=VECTOR('',#2792,1.);
#1707=VECTOR('',#2797,1.);
#1708=VECTOR('',#2800,1.);
#1709=VECTOR('',#2801,1.);
#1710=VECTOR('',#2802,1.);
#1711=VECTOR('',#2803,1.);
#1712=VECTOR('',#2804,1.);
#1713=VECTOR('',#2819,1.);
#1714=VECTOR('',#2820,1.);
#1715=VECTOR('',#2821,1.);
#1716=VECTOR('',#2822,1.);
#1717=VECTOR('',#2823,1.);
#1718=VECTOR('',#2824,1.);
#1719=VECTOR('',#2829,1.);
#1720=VECTOR('',#2830,1.);
#1721=VECTOR('',#2833,1.);
#1722=VECTOR('',#2834,1.);
#1723=VECTOR('',#2835,1.);
#1724=VECTOR('',#2838,1.);
#1725=VECTOR('',#2839,1.);
#1726=VECTOR('',#2840,1.);
#1727=VECTOR('',#2841,1.);
#1728=VECTOR('',#2852,1.);
#1729=VECTOR('',#2853,1.);
#1730=VECTOR('',#2854,1.);
#1731=VECTOR('',#2855,1.);
#1732=VECTOR('',#2856,1.);
#1733=VECTOR('',#2859,1.);
#1734=VECTOR('',#2860,1.);
#1735=VECTOR('',#2863,1.);
#1736=VECTOR('',#2864,1.);
#1737=VECTOR('',#2865,1.);
#1738=VECTOR('',#2868,1.);
#1739=VECTOR('',#2869,1.);
#1740=VECTOR('',#2872,1.);
#1741=VECTOR('',#2873,1.);
#1742=VECTOR('',#2876,1.);
#1743=VECTOR('',#2877,1.);
#1744=VECTOR('',#2878,1.);
#1745=VECTOR('',#2879,1.);
#1746=VECTOR('',#2880,1.);
#1747=VECTOR('',#2883,1.);
#1748=VECTOR('',#2884,1.);
#1749=VECTOR('',#2887,1.);
#1750=VECTOR('',#2888,1.);
#1751=VECTOR('',#2889,1.);
#1752=VECTOR('',#2890,1.);
#1753=VECTOR('',#2895,1.);
#1754=VECTOR('',#2896,1.);
#1755=VECTOR('',#2897,1.);
#1756=VECTOR('',#2898,1.);
#1757=VECTOR('',#2899,1.);
#1758=VECTOR('',#2902,1.);
#1759=VECTOR('',#2903,1.);
#1760=VECTOR('',#2906,1.);
#1761=VECTOR('',#2909,1.);
#1762=VECTOR('',#2910,1.);
#1763=VECTOR('',#2915,1.);
#1764=VECTOR('',#2916,1.);
#1765=VECTOR('',#2919,1.);
#1766=VECTOR('',#2920,1.);
#1767=VECTOR('',#2923,1.);
#1768=VECTOR('',#2926,1.);
#1769=VECTOR('',#2927,1.);
#1770=VECTOR('',#2928,1.);
#1771=VECTOR('',#2931,1.);
#1772=VECTOR('',#2932,1.);
#1773=VECTOR('',#2935,1.);
#1774=VECTOR('',#2936,1.);
#1775=VECTOR('',#2943,1.);
#1776=VECTOR('',#2944,1.);
#1777=VECTOR('',#2945,1.);
#1778=VECTOR('',#2946,1.);
#1779=VECTOR('',#2947,1.);
#1780=VECTOR('',#2950,1.);
#1781=VECTOR('',#2953,1.);
#1782=VECTOR('',#2954,1.);
#1783=VECTOR('',#2957,1.);
#1784=VECTOR('',#2960,1.);
#1785=VECTOR('',#2961,1.);
#1786=VECTOR('',#2966,1.);
#1787=VECTOR('',#2977,1.);
#1788=VECTOR('',#2978,1.);
#1789=VECTOR('',#2981,1.);
#1790=VECTOR('',#2982,1.);
#1791=VECTOR('',#2987,1.);
#1792=VECTOR('',#2990,1.);
#1793=VECTOR('',#2991,1.);
#1794=VECTOR('',#2996,1.);
#1795=VECTOR('',#3001,1.);
#1796=VECTOR('',#3010,1.);
#1797=VECTOR('',#3013,1.);
#1798=VECTOR('',#3014,1.);
#1799=VECTOR('',#3015,1.);
#1800=VECTOR('',#3034,1.);
#1801=VECTOR('',#3035,1.);
#1802=VECTOR('',#3036,1.);
#1803=VECTOR('',#3037,1.);
#1804=VECTOR('',#3038,1.);
#1805=VECTOR('',#3039,1.);
#1806=VECTOR('',#3040,1.);
#1807=VECTOR('',#3041,1.);
#1808=VECTOR('',#3058,1.);
#1809=VECTOR('',#3059,1.);
#1810=VECTOR('',#3062,1.);
#1811=VECTOR('',#3067,1.);
#1812=VECTOR('',#3070,1.);
#1813=VECTOR('',#3071,1.);
#1814=VECTOR('',#3074,1.);
#1815=VECTOR('',#3079,1.);
#1816=VECTOR('',#3082,1.);
#1817=VECTOR('',#3083,1.);
#1818=VECTOR('',#3086,1.);
#1819=VECTOR('',#3091,1.);
#1820=VECTOR('',#3094,1.);
#1821=VECTOR('',#3095,1.);
#1822=VECTOR('',#3098,1.);
#1823=VECTOR('',#3103,1.);
#1824=VECTOR('',#3158,1.);
#1825=VECTOR('',#3159,1.);
#1826=VECTOR('',#3160,1.);
#1827=VECTOR('',#3161,1.);
#1828=VECTOR('',#3162,1.);
#1829=VECTOR('',#3165,1.);
#1830=VECTOR('',#3166,1.);
#1831=VECTOR('',#3167,1.);
#1832=VECTOR('',#3168,1.);
#1833=VECTOR('',#3177,1.);
#1834=VECTOR('',#3178,1.);
#1835=VECTOR('',#3179,1.);
#1836=VECTOR('',#3182,1.);
#1837=VECTOR('',#3183,1.);
#1838=VECTOR('',#3186,1.);
#1839=VECTOR('',#3187,1.);
#1840=VECTOR('',#3190,1.);
#1841=VECTOR('',#3195,1.);
#1842=VECTOR('',#3196,1.);
#1843=VECTOR('',#3199,1.);
#1844=VECTOR('',#3200,1.);
#1845=VECTOR('',#3203,1.);
#1846=VECTOR('',#3204,1.);
#1847=VECTOR('',#3207,1.);
#1848=VECTOR('',#3242,1.);
#1849=VECTOR('',#3243,1.);
#1850=VECTOR('',#3250,1.);
#1851=VECTOR('',#3251,1.);
#1852=EDGE_LOOP('',(#201,#202,#203,#204,#205,#206,#207,#208,#209,#210,#211,
#212,#213,#214,#215,#216,#217,#218,#219));
#1853=EDGE_LOOP('',(#220,#221,#222,#223,#224,#225,#226,#227));
#1854=EDGE_LOOP('',(#228,#229,#230,#231,#232,#233,#234,#235,#236,#237,#238,
#239,#240,#241,#242,#243));
#1855=EDGE_LOOP('',(#244));
#1856=EDGE_LOOP('',(#245,#246,#247,#248,#249,#250,#251,#252,#253));
#1857=EDGE_LOOP('',(#254,#255,#256,#257));
#1858=EDGE_LOOP('',(#258,#259,#260,#261));
#1859=EDGE_LOOP('',(#262));
#1860=EDGE_LOOP('',(#263,#264,#265,#266));
#1861=EDGE_LOOP('',(#267,#268,#269,#270));
#1862=EDGE_LOOP('',(#271,#272,#273,#274,#275,#276,#277));
#1863=EDGE_LOOP('',(#278,#279,#280,#281,#282,#283,#284));
#1864=EDGE_LOOP('',(#285,#286,#287,#288,#289,#290));
#1865=EDGE_LOOP('',(#291,#292,#293,#294,#295,#296,#297,#298,#299,#300));
#1866=EDGE_LOOP('',(#301));
#1867=EDGE_LOOP('',(#302,#303,#304,#305));
#1868=EDGE_LOOP('',(#306));
#1869=EDGE_LOOP('',(#307,#308,#309,#310));
#1870=EDGE_LOOP('',(#311,#312,#313,#314,#315,#316,#317));
#1871=EDGE_LOOP('',(#318,#319,#320,#321,#322,#323,#324));
#1872=EDGE_LOOP('',(#325,#326,#327,#328,#329,#330));
#1873=EDGE_LOOP('',(#331));
#1874=EDGE_LOOP('',(#332,#333,#334,#335));
#1875=EDGE_LOOP('',(#336,#337,#338,#339,#340,#341,#342,#343,#344));
#1876=EDGE_LOOP('',(#345,#346,#347,#348));
#1877=EDGE_LOOP('',(#349,#350,#351,#352));
#1878=EDGE_LOOP('',(#353,#354,#355,#356));
#1879=EDGE_LOOP('',(#357,#358,#359,#360));
#1880=EDGE_LOOP('',(#361));
#1881=EDGE_LOOP('',(#362));
#1882=EDGE_LOOP('',(#363,#364,#365,#366,#367,#368,#369,#370,#371,#372,#373,
#374));
#1883=EDGE_LOOP('',(#375,#376,#377,#378));
#1884=EDGE_LOOP('',(#379,#380,#381,#382,#383,#384));
#1885=EDGE_LOOP('',(#385,#386,#387,#388,#389,#390,#391,#392,#393,#394));
#1886=EDGE_LOOP('',(#395,#396,#397,#398));
#1887=EDGE_LOOP('',(#399,#400,#401,#402));
#1888=EDGE_LOOP('',(#403,#404,#405,#406));
#1889=EDGE_LOOP('',(#407));
#1890=EDGE_LOOP('',(#408,#409,#410,#411));
#1891=EDGE_LOOP('',(#412,#413,#414,#415));
#1892=EDGE_LOOP('',(#416,#417,#418,#419));
#1893=EDGE_LOOP('',(#420,#421,#422,#423));
#1894=EDGE_LOOP('',(#424,#425,#426,#427));
#1895=EDGE_LOOP('',(#428,#429,#430,#431));
#1896=EDGE_LOOP('',(#432));
#1897=EDGE_LOOP('',(#433));
#1898=EDGE_LOOP('',(#434,#435,#436,#437,#438,#439,#440,#441,#442,#443,#444,
#445));
#1899=EDGE_LOOP('',(#446,#447,#448,#449,#450,#451));
#1900=EDGE_LOOP('',(#452,#453,#454,#455,#456,#457,#458,#459));
#1901=EDGE_LOOP('',(#460,#461,#462,#463,#464,#465));
#1902=EDGE_LOOP('',(#466));
#1903=EDGE_LOOP('',(#467));
#1904=EDGE_LOOP('',(#468));
#1905=EDGE_LOOP('',(#469));
#1906=EDGE_LOOP('',(#470,#471,#472,#473));
#1907=EDGE_LOOP('',(#474,#475,#476,#477,#478,#479));
#1908=EDGE_LOOP('',(#480,#481,#482,#483,#484,#485,#486,#487));
#1909=EDGE_LOOP('',(#488,#489,#490,#491,#492,#493));
#1910=EDGE_LOOP('',(#494,#495,#496,#497));
#1911=EDGE_LOOP('',(#498));
#1912=EDGE_LOOP('',(#499));
#1913=EDGE_LOOP('',(#500));
#1914=EDGE_LOOP('',(#501,#502,#503,#504));
#1915=EDGE_LOOP('',(#505,#506,#507,#508,#509,#510));
#1916=EDGE_LOOP('',(#511,#512,#513,#514));
#1917=EDGE_LOOP('',(#515,#516,#517,#518));
#1918=EDGE_LOOP('',(#519,#520,#521,#522));
#1919=EDGE_LOOP('',(#523,#524,#525,#526));
#1920=EDGE_LOOP('',(#527,#528,#529,#530));
#1921=EDGE_LOOP('',(#531,#532,#533,#534));
#1922=EDGE_LOOP('',(#535,#536,#537,#538,#539,#540,#541,#542,#543,#544));
#1923=EDGE_LOOP('',(#545,#546,#547,#548));
#1924=EDGE_LOOP('',(#549,#550,#551,#552,#553,#554,#555,#556));
#1925=EDGE_LOOP('',(#557,#558,#559,#560,#561,#562,#563,#564));
#1926=EDGE_LOOP('',(#565));
#1927=EDGE_LOOP('',(#566));
#1928=EDGE_LOOP('',(#567));
#1929=EDGE_LOOP('',(#568));
#1930=EDGE_LOOP('',(#569));
#1931=EDGE_LOOP('',(#570));
#1932=EDGE_LOOP('',(#571));
#1933=EDGE_LOOP('',(#572,#573,#574,#575));
#1934=EDGE_LOOP('',(#576,#577,#578,#579));
#1935=EDGE_LOOP('',(#580,#581,#582,#583));
#1936=EDGE_LOOP('',(#584,#585,#586,#587));
#1937=EDGE_LOOP('',(#588,#589,#590,#591));
#1938=EDGE_LOOP('',(#592,#593,#594,#595));
#1939=EDGE_LOOP('',(#596,#597,#598,#599));
#1940=EDGE_LOOP('',(#600,#601,#602,#603));
#1941=EDGE_LOOP('',(#604,#605,#606,#607));
#1942=EDGE_LOOP('',(#608,#609,#610,#611));
#1943=EDGE_LOOP('',(#612,#613,#614,#615));
#1944=EDGE_LOOP('',(#616,#617,#618,#619));
#1945=EDGE_LOOP('',(#620,#621,#622,#623,#624));
#1946=EDGE_LOOP('',(#625,#626,#627,#628));
#1947=EDGE_LOOP('',(#629,#630,#631,#632,#633));
#1948=EDGE_LOOP('',(#634,#635,#636,#637,#638));
#1949=EDGE_LOOP('',(#639,#640,#641,#642));
#1950=EDGE_LOOP('',(#643,#644,#645,#646,#647));
#1951=EDGE_LOOP('',(#648,#649,#650,#651,#652));
#1952=EDGE_LOOP('',(#653,#654,#655,#656));
#1953=EDGE_LOOP('',(#657,#658,#659,#660,#661));
#1954=EDGE_LOOP('',(#662,#663,#664,#665,#666));
#1955=EDGE_LOOP('',(#667,#668,#669,#670));
#1956=EDGE_LOOP('',(#671,#672,#673,#674,#675,#676));
#1957=EDGE_LOOP('',(#677));
#1958=EDGE_LOOP('',(#678));
#1959=EDGE_LOOP('',(#679));
#1960=EDGE_LOOP('',(#680));
#1961=EDGE_LOOP('',(#681));
#1962=EDGE_LOOP('',(#682));
#1963=EDGE_LOOP('',(#683));
#1964=EDGE_LOOP('',(#684));
#1965=EDGE_LOOP('',(#685,#686,#687,#688,#689,#690));
#1966=EDGE_LOOP('',(#691,#692,#693,#694,#695,#696));
#1967=EDGE_LOOP('',(#697,#698,#699));
#1968=EDGE_LOOP('',(#700,#701,#702,#703));
#1969=EDGE_LOOP('',(#704,#705,#706,#707));
#1970=EDGE_LOOP('',(#708,#709,#710,#711));
#1971=EDGE_LOOP('',(#712,#713,#714,#715));
#1972=EDGE_LOOP('',(#716,#717,#718,#719));
#1973=EDGE_LOOP('',(#720,#721,#722,#723));
#1974=EDGE_LOOP('',(#724,#725,#726,#727));
#1975=EDGE_LOOP('',(#728,#729,#730,#731));
#1976=EDGE_LOOP('',(#732,#733,#734,#735));
#1977=EDGE_LOOP('',(#736,#737,#738,#739));
#1978=EDGE_LOOP('',(#740,#741,#742,#743));
#1979=EDGE_LOOP('',(#744,#745,#746,#747));
#1980=EDGE_LOOP('',(#748,#749,#750,#751));
#1981=EDGE_LOOP('',(#752,#753,#754,#755));
#1982=EDGE_LOOP('',(#756,#757,#758,#759));
#1983=EDGE_LOOP('',(#760,#761,#762,#763));
#1984=EDGE_LOOP('',(#764,#765,#766,#767));
#1985=EDGE_LOOP('',(#768,#769,#770,#771));
#1986=EDGE_LOOP('',(#772));
#1987=EDGE_LOOP('',(#773));
#1988=EDGE_LOOP('',(#774,#775,#776,#777,#778,#779));
#1989=EDGE_LOOP('',(#780));
#1990=EDGE_LOOP('',(#781,#782,#783,#784,#785,#786,#787,#788));
#1991=EDGE_LOOP('',(#789,#790,#791,#792));
#1992=EDGE_LOOP('',(#793,#794,#795,#796,#797));
#1993=EDGE_LOOP('',(#798,#799,#800));
#1994=EDGE_LOOP('',(#801,#802,#803,#804));
#1995=EDGE_LOOP('',(#805,#806,#807,#808,#809));
#1996=EDGE_LOOP('',(#810,#811,#812));
#1997=EDGE_LOOP('',(#813,#814,#815,#816));
#1998=EDGE_LOOP('',(#817,#818,#819,#820));
#1999=EDGE_LOOP('',(#821));
#2000=EDGE_LOOP('',(#822));
#2001=EDGE_LOOP('',(#823));
#2002=EDGE_LOOP('',(#824));
#2003=EDGE_LOOP('',(#825));
#2004=EDGE_LOOP('',(#826,#827,#828,#829));
#2005=EDGE_LOOP('',(#830));
#2006=EDGE_LOOP('',(#831,#832,#833,#834));
#2007=EDGE_LOOP('',(#835,#836,#837));
#2008=EDGE_LOOP('',(#838));
#2009=EDGE_LOOP('',(#839));
#2010=EDGE_LOOP('',(#840));
#2011=EDGE_LOOP('',(#841));
#2012=EDGE_LOOP('',(#842));
#2013=EDGE_LOOP('',(#843));
#2014=EDGE_LOOP('',(#844));
#2015=EDGE_LOOP('',(#845));
#2016=EDGE_LOOP('',(#846));
#2017=EDGE_LOOP('',(#847,#848));
#2018=EDGE_LOOP('',(#849));
#2019=EDGE_LOOP('',(#850,#851));
#2020=EDGE_LOOP('',(#852));
#2021=EDGE_LOOP('',(#853,#854));
#2022=EDGE_LOOP('',(#855));
#2023=EDGE_LOOP('',(#856));
#2024=EDGE_LOOP('',(#857,#858));
#2025=EDGE_LOOP('',(#859));
#2026=EDGE_LOOP('',(#860));
#2027=EDGE_LOOP('',(#861));
#2028=EDGE_LOOP('',(#862));
#2029=EDGE_LOOP('',(#863));
#2030=EDGE_LOOP('',(#864));
#2031=EDGE_LOOP('',(#865));
#2032=EDGE_LOOP('',(#866));
#2033=EDGE_LOOP('',(#867));
#2034=EDGE_LOOP('',(#868));
#2035=EDGE_LOOP('',(#869));
#2036=EDGE_LOOP('',(#870));
#2037=FACE_BOUND('',#1852,.T.);
#2038=FACE_BOUND('',#1853,.T.);
#2039=FACE_BOUND('',#1854,.T.);
#2040=FACE_BOUND('',#1855,.T.);
#2041=FACE_BOUND('',#1856,.T.);
#2042=FACE_BOUND('',#1857,.T.);
#2043=FACE_BOUND('',#1858,.T.);
#2044=FACE_BOUND('',#1859,.T.);
#2045=FACE_BOUND('',#1860,.T.);
#2046=FACE_BOUND('',#1861,.T.);
#2047=FACE_BOUND('',#1862,.T.);
#2048=FACE_BOUND('',#1863,.T.);
#2049=FACE_BOUND('',#1864,.T.);
#2050=FACE_BOUND('',#1865,.T.);
#2051=FACE_BOUND('',#1866,.T.);
#2052=FACE_BOUND('',#1867,.T.);
#2053=FACE_BOUND('',#1868,.T.);
#2054=FACE_BOUND('',#1869,.T.);
#2055=FACE_BOUND('',#1870,.T.);
#2056=FACE_BOUND('',#1871,.T.);
#2057=FACE_BOUND('',#1872,.T.);
#2058=FACE_BOUND('',#1873,.T.);
#2059=FACE_BOUND('',#1874,.T.);
#2060=FACE_BOUND('',#1875,.T.);
#2061=FACE_BOUND('',#1876,.T.);
#2062=FACE_BOUND('',#1877,.T.);
#2063=FACE_BOUND('',#1878,.T.);
#2064=FACE_BOUND('',#1879,.T.);
#2065=FACE_BOUND('',#1880,.T.);
#2066=FACE_BOUND('',#1881,.T.);
#2067=FACE_BOUND('',#1882,.T.);
#2068=FACE_BOUND('',#1883,.T.);
#2069=FACE_BOUND('',#1884,.T.);
#2070=FACE_BOUND('',#1885,.T.);
#2071=FACE_BOUND('',#1886,.T.);
#2072=FACE_BOUND('',#1887,.T.);
#2073=FACE_BOUND('',#1888,.T.);
#2074=FACE_BOUND('',#1889,.T.);
#2075=FACE_BOUND('',#1890,.T.);
#2076=FACE_BOUND('',#1891,.T.);
#2077=FACE_BOUND('',#1892,.T.);
#2078=FACE_BOUND('',#1893,.T.);
#2079=FACE_BOUND('',#1894,.T.);
#2080=FACE_BOUND('',#1895,.T.);
#2081=FACE_BOUND('',#1896,.T.);
#2082=FACE_BOUND('',#1897,.T.);
#2083=FACE_BOUND('',#1898,.T.);
#2084=FACE_BOUND('',#1899,.T.);
#2085=FACE_BOUND('',#1900,.T.);
#2086=FACE_BOUND('',#1901,.T.);
#2087=FACE_BOUND('',#1902,.T.);
#2088=FACE_BOUND('',#1903,.T.);
#2089=FACE_BOUND('',#1904,.T.);
#2090=FACE_BOUND('',#1905,.T.);
#2091=FACE_BOUND('',#1906,.T.);
#2092=FACE_BOUND('',#1907,.T.);
#2093=FACE_BOUND('',#1908,.T.);
#2094=FACE_BOUND('',#1909,.T.);
#2095=FACE_BOUND('',#1910,.T.);
#2096=FACE_BOUND('',#1911,.T.);
#2097=FACE_BOUND('',#1912,.T.);
#2098=FACE_BOUND('',#1913,.T.);
#2099=FACE_BOUND('',#1914,.T.);
#2100=FACE_BOUND('',#1915,.T.);
#2101=FACE_BOUND('',#1916,.T.);
#2102=FACE_BOUND('',#1917,.T.);
#2103=FACE_BOUND('',#1918,.T.);
#2104=FACE_BOUND('',#1919,.T.);
#2105=FACE_BOUND('',#1920,.T.);
#2106=FACE_BOUND('',#1921,.T.);
#2107=FACE_BOUND('',#1922,.T.);
#2108=FACE_BOUND('',#1923,.T.);
#2109=FACE_BOUND('',#1924,.T.);
#2110=FACE_BOUND('',#1925,.T.);
#2111=FACE_BOUND('',#1926,.T.);
#2112=FACE_BOUND('',#1927,.T.);
#2113=FACE_BOUND('',#1928,.T.);
#2114=FACE_BOUND('',#1929,.T.);
#2115=FACE_BOUND('',#1930,.T.);
#2116=FACE_BOUND('',#1931,.T.);
#2117=FACE_BOUND('',#1932,.T.);
#2118=FACE_BOUND('',#1933,.T.);
#2119=FACE_BOUND('',#1934,.T.);
#2120=FACE_BOUND('',#1935,.T.);
#2121=FACE_BOUND('',#1936,.T.);
#2122=FACE_BOUND('',#1937,.T.);
#2123=FACE_BOUND('',#1938,.T.);
#2124=FACE_BOUND('',#1939,.T.);
#2125=FACE_BOUND('',#1940,.T.);
#2126=FACE_BOUND('',#1941,.T.);
#2127=FACE_BOUND('',#1942,.T.);
#2128=FACE_BOUND('',#1943,.T.);
#2129=FACE_BOUND('',#1944,.T.);
#2130=FACE_BOUND('',#1945,.T.);
#2131=FACE_BOUND('',#1946,.T.);
#2132=FACE_BOUND('',#1947,.T.);
#2133=FACE_BOUND('',#1948,.T.);
#2134=FACE_BOUND('',#1949,.T.);
#2135=FACE_BOUND('',#1950,.T.);
#2136=FACE_BOUND('',#1951,.T.);
#2137=FACE_BOUND('',#1952,.T.);
#2138=FACE_BOUND('',#1953,.T.);
#2139=FACE_BOUND('',#1954,.T.);
#2140=FACE_BOUND('',#1955,.T.);
#2141=FACE_BOUND('',#1956,.T.);
#2142=FACE_BOUND('',#1957,.T.);
#2143=FACE_BOUND('',#1958,.T.);
#2144=FACE_BOUND('',#1959,.T.);
#2145=FACE_BOUND('',#1960,.T.);
#2146=FACE_BOUND('',#1961,.T.);
#2147=FACE_BOUND('',#1962,.T.);
#2148=FACE_BOUND('',#1963,.T.);
#2149=FACE_BOUND('',#1964,.T.);
#2150=FACE_BOUND('',#1965,.T.);
#2151=FACE_BOUND('',#1966,.T.);
#2152=FACE_BOUND('',#1967,.T.);
#2153=FACE_BOUND('',#1968,.T.);
#2154=FACE_BOUND('',#1969,.T.);
#2155=FACE_BOUND('',#1970,.T.);
#2156=FACE_BOUND('',#1971,.T.);
#2157=FACE_BOUND('',#1972,.T.);
#2158=FACE_BOUND('',#1973,.T.);
#2159=FACE_BOUND('',#1974,.T.);
#2160=FACE_BOUND('',#1975,.T.);
#2161=FACE_BOUND('',#1976,.T.);
#2162=FACE_BOUND('',#1977,.T.);
#2163=FACE_BOUND('',#1978,.T.);
#2164=FACE_BOUND('',#1979,.T.);
#2165=FACE_BOUND('',#1980,.T.);
#2166=FACE_BOUND('',#1981,.T.);
#2167=FACE_BOUND('',#1982,.T.);
#2168=FACE_BOUND('',#1983,.T.);
#2169=FACE_BOUND('',#1984,.T.);
#2170=FACE_BOUND('',#1985,.T.);
#2171=FACE_BOUND('',#1986,.T.);
#2172=FACE_BOUND('',#1987,.T.);
#2173=FACE_BOUND('',#1988,.T.);
#2174=FACE_BOUND('',#1989,.T.);
#2175=FACE_BOUND('',#1990,.T.);
#2176=FACE_BOUND('',#1991,.T.);
#2177=FACE_BOUND('',#1992,.T.);
#2178=FACE_BOUND('',#1993,.T.);
#2179=FACE_BOUND('',#1994,.T.);
#2180=FACE_BOUND('',#1995,.T.);
#2181=FACE_BOUND('',#1996,.T.);
#2182=FACE_BOUND('',#1997,.T.);
#2183=FACE_BOUND('',#1998,.T.);
#2184=FACE_BOUND('',#1999,.T.);
#2185=FACE_BOUND('',#2000,.T.);
#2186=FACE_BOUND('',#2001,.T.);
#2187=FACE_BOUND('',#2002,.T.);
#2188=FACE_BOUND('',#2003,.T.);
#2189=FACE_BOUND('',#2004,.T.);
#2190=FACE_BOUND('',#2005,.T.);
#2191=FACE_BOUND('',#2006,.T.);
#2192=FACE_BOUND('',#2007,.T.);
#2193=FACE_BOUND('',#2008,.T.);
#2194=FACE_BOUND('',#2009,.T.);
#2195=FACE_BOUND('',#2010,.T.);
#2196=FACE_BOUND('',#2011,.T.);
#2197=FACE_BOUND('',#2012,.T.);
#2198=FACE_BOUND('',#2013,.T.);
#2199=FACE_BOUND('',#2014,.T.);
#2200=FACE_BOUND('',#2015,.T.);
#2201=FACE_BOUND('',#2016,.T.);
#2202=FACE_BOUND('',#2017,.T.);
#2203=FACE_BOUND('',#2018,.T.);
#2204=FACE_BOUND('',#2019,.T.);
#2205=FACE_BOUND('',#2020,.T.);
#2206=FACE_BOUND('',#2021,.T.);
#2207=FACE_BOUND('',#2022,.T.);
#2208=FACE_BOUND('',#2023,.T.);
#2209=FACE_BOUND('',#2024,.T.);
#2210=FACE_BOUND('',#2025,.T.);
#2211=FACE_BOUND('',#2026,.T.);
#2212=FACE_BOUND('',#2027,.T.);
#2213=FACE_BOUND('',#2028,.T.);
#2214=FACE_BOUND('',#2029,.T.);
#2215=FACE_BOUND('',#2030,.T.);
#2216=FACE_BOUND('',#2031,.T.);
#2217=FACE_BOUND('',#2032,.T.);
#2218=FACE_BOUND('',#2033,.T.);
#2219=FACE_BOUND('',#2034,.T.);
#2220=FACE_BOUND('',#2035,.T.);
#2221=FACE_BOUND('',#2036,.T.);
#2222=PLANE('',#2444);
#2223=PLANE('',#2456);
#2224=PLANE('',#2459);
#2225=PLANE('',#2463);
#2226=PLANE('',#2465);
#2227=PLANE('',#2467);
#2228=PLANE('',#2469);
#2229=PLANE('',#2471);
#2230=PLANE('',#2479);
#2231=PLANE('',#2481);
#2232=PLANE('',#2483);
#2233=PLANE('',#2487);
#2234=PLANE('',#2489);
#2235=PLANE('',#2490);
#2236=PLANE('',#2491);
#2237=PLANE('',#2492);
#2238=PLANE('',#2493);
#2239=PLANE('',#2494);
#2240=PLANE('',#2495);
#2241=PLANE('',#2497);
#2242=PLANE('',#2498);
#2243=PLANE('',#2499);
#2244=PLANE('',#2500);
#2245=PLANE('',#2501);
#2246=PLANE('',#2503);
#2247=PLANE('',#2504);
#2248=PLANE('',#2505);
#2249=PLANE('',#2506);
#2250=PLANE('',#2507);
#2251=PLANE('',#2508);
#2252=PLANE('',#2513);
#2253=PLANE('',#2518);
#2254=PLANE('',#2524);
#2255=PLANE('',#2529);
#2256=PLANE('',#2530);
#2257=PLANE('',#2534);
#2258=PLANE('',#2536);
#2259=PLANE('',#2537);
#2260=PLANE('',#2538);
#2261=PLANE('',#2539);
#2262=PLANE('',#2540);
#2263=PLANE('',#2541);
#2264=PLANE('',#2542);
#2265=PLANE('',#2545);
#2266=PLANE('',#2548);
#2267=PLANE('',#2551);
#2268=PLANE('',#2554);
#2269=PLANE('',#2555);
#2270=PLANE('',#2558);
#2271=PLANE('',#2559);
#2272=PLANE('',#2562);
#2273=PLANE('',#2563);
#2274=PLANE('',#2566);
#2275=PLANE('',#2586);
#2276=PLANE('',#2590);
#2277=PLANE('',#2593);
#2278=PLANE('',#2594);
#2279=PLANE('',#2595);
#2280=PLANE('',#2596);
#2281=PLANE('',#2598);
#2282=PLANE('',#2599);
#2283=PLANE('',#2600);
#2284=PLANE('',#2601);
#2285=PLANE('',#2602);
#2286=PLANE('',#2604);
#2287=PLANE('',#2605);
#2288=PLANE('',#2606);
#2289=PLANE('',#2628);
#2290=PLANE('',#2650);
#2291=PLANE('',#2654);
#2292=PLANE('',#2658);
#2293=PLANE('',#2662);
#2294=ADVANCED_FACE('',(#2037,#2038,#2039),#2222,.F.);
#2295=ADVANCED_FACE('',(#2040,#2041),#2223,.T.);
#2296=ADVANCED_FACE('',(#2042),#2224,.T.);
#2297=ADVANCED_FACE('',(#2043),#54,.T.);
#2298=ADVANCED_FACE('',(#2044,#2045,#2046),#2225,.T.);
#2299=ADVANCED_FACE('',(#2047),#2226,.F.);
#2300=ADVANCED_FACE('',(#2048),#2227,.T.);
#2301=ADVANCED_FACE('',(#2049),#2228,.T.);
#2302=ADVANCED_FACE('',(#2050),#2229,.F.);
#2303=ADVANCED_FACE('',(#2051,#2052),#55,.F.);
#2304=ADVANCED_FACE('',(#2053,#2054),#56,.F.);
#2305=ADVANCED_FACE('',(#2055),#2230,.F.);
#2306=ADVANCED_FACE('',(#2056),#2231,.T.);
#2307=ADVANCED_FACE('',(#2057),#2232,.T.);
#2308=ADVANCED_FACE('',(#2058,#2059),#57,.F.);
#2309=ADVANCED_FACE('',(#2060),#2233,.T.);
#2310=ADVANCED_FACE('',(#2061),#2234,.F.);
#2311=ADVANCED_FACE('',(#2062),#2235,.F.);
#2312=ADVANCED_FACE('',(#2063),#2236,.F.);
#2313=ADVANCED_FACE('',(#2064),#2237,.T.);
#2314=ADVANCED_FACE('',(#2065,#2066,#2067),#2238,.F.);
#2315=ADVANCED_FACE('',(#2068),#2239,.F.);
#2316=ADVANCED_FACE('',(#2069),#2240,.F.);
#2317=ADVANCED_FACE('',(#2070),#2241,.T.);
#2318=ADVANCED_FACE('',(#2071),#2242,.F.);
#2319=ADVANCED_FACE('',(#2072),#2243,.T.);
#2320=ADVANCED_FACE('',(#2073),#2244,.F.);
#2321=ADVANCED_FACE('',(#2074,#2075),#2245,.F.);
#2322=ADVANCED_FACE('',(#2076),#2246,.T.);
#2323=ADVANCED_FACE('',(#2077),#2247,.T.);
#2324=ADVANCED_FACE('',(#2078),#2248,.F.);
#2325=ADVANCED_FACE('',(#2079),#2249,.F.);
#2326=ADVANCED_FACE('',(#2080),#2250,.T.);
#2327=ADVANCED_FACE('',(#2081,#2082,#2083),#2251,.F.);
#2328=ADVANCED_FACE('',(#2084),#58,.T.);
#2329=ADVANCED_FACE('',(#2085),#2252,.T.);
#2330=ADVANCED_FACE('',(#2086),#59,.T.);
#2331=ADVANCED_FACE('',(#2087,#2088,#2089,#2090,#2091),#2253,.T.);
#2332=ADVANCED_FACE('',(#2092),#60,.T.);
#2333=ADVANCED_FACE('',(#2093),#2254,.T.);
#2334=ADVANCED_FACE('',(#2094),#61,.T.);
#2335=ADVANCED_FACE('',(#2095),#2255,.F.);
#2336=ADVANCED_FACE('',(#2096,#2097,#2098,#2099),#2256,.T.);
#2337=ADVANCED_FACE('',(#2100),#2257,.F.);
#2338=ADVANCED_FACE('',(#2101),#2258,.F.);
#2339=ADVANCED_FACE('',(#2102),#2259,.F.);
#2340=ADVANCED_FACE('',(#2103),#2260,.F.);
#2341=ADVANCED_FACE('',(#2104),#2261,.F.);
#2342=ADVANCED_FACE('',(#2105),#2262,.F.);
#2343=ADVANCED_FACE('',(#2106),#2263,.F.);
#2344=ADVANCED_FACE('',(#2107,#2108,#2109,#2110,#2111),#2264,.F.);
#2345=ADVANCED_FACE('',(#2112),#2265,.F.);
#2346=ADVANCED_FACE('',(#2113,#2114),#62,.F.);
#2347=ADVANCED_FACE('',(#2115),#2266,.F.);
#2348=ADVANCED_FACE('',(#2116,#2117),#63,.F.);
#2349=ADVANCED_FACE('',(#2118),#2267,.F.);
#2350=ADVANCED_FACE('',(#2119),#64,.F.);
#2351=ADVANCED_FACE('',(#2120),#2268,.F.);
#2352=ADVANCED_FACE('',(#2121),#2269,.F.);
#2353=ADVANCED_FACE('',(#2122),#65,.F.);
#2354=ADVANCED_FACE('',(#2123),#2270,.F.);
#2355=ADVANCED_FACE('',(#2124),#2271,.F.);
#2356=ADVANCED_FACE('',(#2125),#66,.F.);
#2357=ADVANCED_FACE('',(#2126),#2272,.F.);
#2358=ADVANCED_FACE('',(#2127),#2273,.F.);
#2359=ADVANCED_FACE('',(#2128),#67,.F.);
#2360=ADVANCED_FACE('',(#2129),#2274,.F.);
#2361=ADVANCED_FACE('',(#2130),#68,.F.);
#2362=ADVANCED_FACE('',(#2131),#22,.F.);
#2363=ADVANCED_FACE('',(#2132),#69,.F.);
#2364=ADVANCED_FACE('',(#2133),#70,.F.);
#2365=ADVANCED_FACE('',(#2134),#23,.F.);
#2366=ADVANCED_FACE('',(#2135),#71,.F.);
#2367=ADVANCED_FACE('',(#2136),#72,.F.);
#2368=ADVANCED_FACE('',(#2137),#24,.F.);
#2369=ADVANCED_FACE('',(#2138),#73,.F.);
#2370=ADVANCED_FACE('',(#2139),#74,.F.);
#2371=ADVANCED_FACE('',(#2140),#25,.F.);
#2372=ADVANCED_FACE('',(#2141),#75,.F.);
#2373=ADVANCED_FACE('',(#2142,#2143),#76,.F.);
#2374=ADVANCED_FACE('',(#2144),#2275,.T.);
#2375=ADVANCED_FACE('',(#2145,#2146),#77,.F.);
#2376=ADVANCED_FACE('',(#2147),#2276,.T.);
#2377=ADVANCED_FACE('',(#2148,#2149),#78,.F.);
#2378=ADVANCED_FACE('',(#2150),#2277,.T.);
#2379=ADVANCED_FACE('',(#2151),#2278,.T.);
#2380=ADVANCED_FACE('',(#2152),#2279,.T.);
#2381=ADVANCED_FACE('',(#2153),#2280,.F.);
#2382=ADVANCED_FACE('',(#2154),#2281,.T.);
#2383=ADVANCED_FACE('',(#2155),#2282,.F.);
#2384=ADVANCED_FACE('',(#2156),#2283,.T.);
#2385=ADVANCED_FACE('',(#2157),#2284,.F.);
#2386=ADVANCED_FACE('',(#2158),#2285,.T.);
#2387=ADVANCED_FACE('',(#2159),#2286,.F.);
#2388=ADVANCED_FACE('',(#2160),#2287,.T.);
#2389=ADVANCED_FACE('',(#2161),#2288,.F.);
#2390=ADVANCED_FACE('',(#2162),#79,.T.);
#2391=ADVANCED_FACE('',(#2163),#80,.T.);
#2392=ADVANCED_FACE('',(#2164),#81,.T.);
#2393=ADVANCED_FACE('',(#2165),#82,.T.);
#2394=ADVANCED_FACE('',(#2166),#83,.T.);
#2395=ADVANCED_FACE('',(#2167),#84,.T.);
#2396=ADVANCED_FACE('',(#2168),#85,.T.);
#2397=ADVANCED_FACE('',(#2169),#86,.T.);
#2398=ADVANCED_FACE('',(#2170),#87,.F.);
#2399=ADVANCED_FACE('',(#2171,#2172),#88,.F.);
#2400=ADVANCED_FACE('',(#2173),#89,.T.);
#2401=ADVANCED_FACE('',(#2174,#2175),#2289,.F.);
#2402=ADVANCED_FACE('',(#2176),#90,.F.);
#2403=ADVANCED_FACE('',(#2177),#26,.F.);
#2404=ADVANCED_FACE('',(#2178),#27,.F.);
#2405=ADVANCED_FACE('',(#2179),#91,.F.);
#2406=ADVANCED_FACE('',(#2180),#28,.F.);
#2407=ADVANCED_FACE('',(#2181),#29,.F.);
#2408=ADVANCED_FACE('',(#2182),#92,.T.);
#2409=ADVANCED_FACE('',(#2183),#93,.T.);
#2410=ADVANCED_FACE('',(#2184,#2185),#94,.F.);
#2411=ADVANCED_FACE('',(#2186,#2187),#95,.F.);
#2412=ADVANCED_FACE('',(#2188,#2189),#96,.F.);
#2413=ADVANCED_FACE('',(#2190,#2191),#97,.F.);
#2414=ADVANCED_FACE('',(#2192),#2290,.T.);
#2415=ADVANCED_FACE('',(#2193,#2194),#98,.F.);
#2416=ADVANCED_FACE('',(#2195),#2291,.T.);
#2417=ADVANCED_FACE('',(#2196,#2197),#99,.F.);
#2418=ADVANCED_FACE('',(#2198),#2292,.T.);
#2419=ADVANCED_FACE('',(#2199,#2200),#100,.F.);
#2420=ADVANCED_FACE('',(#2201),#2293,.T.);
#2421=ADVANCED_FACE('',(#2202,#2203),#12,.F.);
#2422=ADVANCED_FACE('',(#2204,#2205),#13,.F.);
#2423=ADVANCED_FACE('',(#2206,#2207),#14,.F.);
#2424=ADVANCED_FACE('',(#2208,#2209),#15,.F.);
#2425=ADVANCED_FACE('',(#2210,#2211),#16,.F.);
#2426=ADVANCED_FACE('',(#2212,#2213),#17,.F.);
#2427=ADVANCED_FACE('',(#2214,#2215),#18,.F.);
#2428=ADVANCED_FACE('',(#2216,#2217),#19,.F.);
#2429=ADVANCED_FACE('',(#2218,#2219),#20,.F.);
#2430=ADVANCED_FACE('',(#2220,#2221),#21,.F.);
#2431=CLOSED_SHELL('',(#2294,#2295,#2296,#2297,#2298,#2299,#2300,#2301,
#2302,#2303,#2304,#2305,#2306,#2307,#2308,#2309,#2310,#2311,#2312,#2313,
#2314,#2315,#2316,#2317,#2318,#2319,#2320,#2321,#2322,#2323,#2324,#2325,
#2326,#2327,#2328,#2329,#2330,#2331,#2332,#2333,#2334,#2335,#2336,#2337,
#2338,#2339,#2340,#2341,#2342,#2343,#2344,#2345,#2346,#2347,#2348,#2349,
#2350,#2351,#2352,#2353,#2354,#2355,#2356,#2357,#2358,#2359,#2360,#2361,
#2362,#2363,#2364,#2365,#2366,#2367,#2368,#2369,#2370,#2371,#2372,#2373,
#2374,#2375,#2376,#2377,#2378,#2379,#2380,#2381,#2382,#2383,#2384,#2385,
#2386,#2387,#2388,#2389,#2390,#2391,#2392,#2393,#2394,#2395,#2396,#2397,
#2398,#2399,#2400,#2401,#2402,#2403,#2404,#2405,#2406,#2407,#2408,#2409,
#2410,#2411,#2412,#2413,#2414,#2415,#2416,#2417,#2418,#2419,#2420,#2421,
#2422,#2423,#2424,#2425,#2426,#2427,#2428,#2429,#2430));
#2432=STYLED_ITEM('',(#2433),#2440);
#2433=PRESENTATION_STYLE_ASSIGNMENT((#2434));
#2434=SURFACE_STYLE_USAGE(.BOTH.,#2435);
#2435=SURFACE_SIDE_STYLE('',(#2436));
#2436=SURFACE_STYLE_FILL_AREA(#2437);
#2437=FILL_AREA_STYLE('',(#2438));
#2438=FILL_AREA_STYLE_COLOUR('',#2439);
#2439=COLOUR_RGB('',0.615686274509804,0.811764705882353,0.929411764705882);
#2440=MANIFOLD_SOLID_BREP('Rear Bracket',#2431);
#2441=SHAPE_DEFINITION_REPRESENTATION(#4241,#2442);
#2442=SHAPE_REPRESENTATION('Rear Bracket',(#2443),#4236);
#2443=AXIS2_PLACEMENT_3D('',#3344,#2673,#2674);
#2444=AXIS2_PLACEMENT_3D('',#3345,#2675,#2676);
#2445=AXIS2_PLACEMENT_3D('',#3349,#2678,#2679);
#2446=AXIS2_PLACEMENT_3D('',#3353,#2681,#2682);
#2447=AXIS2_PLACEMENT_3D('',#3384,#2698,#2699);
#2448=AXIS2_PLACEMENT_3D('',#3389,#2701,#2702);
#2449=AXIS2_PLACEMENT_3D('',#3393,#2704,#2705);
#2450=AXIS2_PLACEMENT_3D('',#3397,#2707,#2708);
#2451=AXIS2_PLACEMENT_3D('',#3400,#2710,#2711);
#2452=AXIS2_PLACEMENT_3D('',#3403,#2712,#2713);
#2453=AXIS2_PLACEMENT_3D('',#3407,#2715,#2716);
#2454=AXIS2_PLACEMENT_3D('',#3427,#2726,#2727);
#2455=AXIS2_PLACEMENT_3D('',#3431,#2729,#2730);
#2456=AXIS2_PLACEMENT_3D('',#3432,#2731,#2732);
#2457=AXIS2_PLACEMENT_3D('',#3433,#2733,#2734);
#2458=AXIS2_PLACEMENT_3D('',#3441,#2738,#2739);
#2459=AXIS2_PLACEMENT_3D('',#3450,#2744,#2745);
#2460=AXIS2_PLACEMENT_3D('',#3454,#2747,#2748);
#2461=AXIS2_PLACEMENT_3D('',#3459,#2751,#2752);
#2462=AXIS2_PLACEMENT_3D('',#3467,#2754,#2755);
#2463=AXIS2_PLACEMENT_3D('',#3468,#2756,#2757);
#2464=AXIS2_PLACEMENT_3D('',#3469,#2758,#2759);
#2465=AXIS2_PLACEMENT_3D('',#3484,#2767,#2768);
#2466=AXIS2_PLACEMENT_3D('',#3498,#2775,#2776);
#2467=AXIS2_PLACEMENT_3D('',#3499,#2777,#2778);
#2468=AXIS2_PLACEMENT_3D('',#3507,#2782,#2783);
#2469=AXIS2_PLACEMENT_3D('',#3514,#2787,#2788);
#2470=AXIS2_PLACEMENT_3D('',#3523,#2793,#2794);
#2471=AXIS2_PLACEMENT_3D('',#3524,#2795,#2796);
#2472=AXIS2_PLACEMENT_3D('',#3527,#2798,#2799);
#2473=AXIS2_PLACEMENT_3D('',#3536,#2805,#2806);
#2474=AXIS2_PLACEMENT_3D('',#3537,#2807,#2808);
#2475=AXIS2_PLACEMENT_3D('',#3539,#2809,#2810);
#2476=AXIS2_PLACEMENT_3D('',#3558,#2811,#2812);
#2477=AXIS2_PLACEMENT_3D('',#3559,#2813,#2814);
#2478=AXIS2_PLACEMENT_3D('',#3561,#2815,#2816);
#2479=AXIS2_PLACEMENT_3D('',#3580,#2817,#2818);
#2480=AXIS2_PLACEMENT_3D('',#3593,#2825,#2826);
#2481=AXIS2_PLACEMENT_3D('',#3594,#2827,#2828);
#2482=AXIS2_PLACEMENT_3D('',#3599,#2831,#2832);
#2483=AXIS2_PLACEMENT_3D('',#3606,#2836,#2837);
#2484=AXIS2_PLACEMENT_3D('',#3614,#2842,#2843);
#2485=AXIS2_PLACEMENT_3D('',#3615,#2844,#2845);
#2486=AXIS2_PLACEMENT_3D('',#3616,#2846,#2847);
#2487=AXIS2_PLACEMENT_3D('',#3634,#2848,#2849);
#2488=AXIS2_PLACEMENT_3D('',#3635,#2850,#2851);
#2489=AXIS2_PLACEMENT_3D('',#3645,#2857,#2858);
#2490=AXIS2_PLACEMENT_3D('',#3649,#2861,#2862);
#2491=AXIS2_PLACEMENT_3D('',#3655,#2866,#2867);
#2492=AXIS2_PLACEMENT_3D('',#3659,#2870,#2871);
#2493=AXIS2_PLACEMENT_3D('',#3663,#2874,#2875);
#2494=AXIS2_PLACEMENT_3D('',#3670,#2881,#2882);
#2495=AXIS2_PLACEMENT_3D('',#3674,#2885,#2886);
#2496=AXIS2_PLACEMENT_3D('',#3682,#2891,#2892);
#2497=AXIS2_PLACEMENT_3D('',#3683,#2893,#2894);
#2498=AXIS2_PLACEMENT_3D('',#3689,#2900,#2901);
#2499=AXIS2_PLACEMENT_3D('',#3693,#2904,#2905);
#2500=AXIS2_PLACEMENT_3D('',#3695,#2907,#2908);
#2501=AXIS2_PLACEMENT_3D('',#3699,#2911,#2912);
#2502=AXIS2_PLACEMENT_3D('',#3700,#2913,#2914);
#2503=AXIS2_PLACEMENT_3D('',#3705,#2917,#2918);
#2504=AXIS2_PLACEMENT_3D('',#3709,#2921,#2922);
#2505=AXIS2_PLACEMENT_3D('',#3711,#2924,#2925);
#2506=AXIS2_PLACEMENT_3D('',#3717,#2929,#2930);
#2507=AXIS2_PLACEMENT_3D('',#3721,#2933,#2934);
#2508=AXIS2_PLACEMENT_3D('',#3725,#2937,#2938);
#2509=AXIS2_PLACEMENT_3D('',#3726,#2939,#2940);
#2510=AXIS2_PLACEMENT_3D('',#3728,#2941,#2942);
#2511=AXIS2_PLACEMENT_3D('',#3736,#2948,#2949);
#2512=AXIS2_PLACEMENT_3D('',#3748,#2951,#2952);
#2513=AXIS2_PLACEMENT_3D('',#3752,#2955,#2956);
#2514=AXIS2_PLACEMENT_3D('',#3755,#2958,#2959);
#2515=AXIS2_PLACEMENT_3D('',#3760,#2962,#2963);
#2516=AXIS2_PLACEMENT_3D('',#3761,#2964,#2965);
#2517=AXIS2_PLACEMENT_3D('',#3769,#2967,#2968);
#2518=AXIS2_PLACEMENT_3D('',#3770,#2969,#2970);
#2519=AXIS2_PLACEMENT_3D('',#3771,#2971,#2972);
#2520=AXIS2_PLACEMENT_3D('',#3773,#2973,#2974);
#2521=AXIS2_PLACEMENT_3D('',#3775,#2975,#2976);
#2522=AXIS2_PLACEMENT_3D('',#3780,#2979,#2980);
#2523=AXIS2_PLACEMENT_3D('',#3791,#2983,#2984);
#2524=AXIS2_PLACEMENT_3D('',#3792,#2985,#2986);
#2525=AXIS2_PLACEMENT_3D('',#3795,#2988,#2989);
#2526=AXIS2_PLACEMENT_3D('',#3800,#2992,#2993);
#2527=AXIS2_PLACEMENT_3D('',#3801,#2994,#2995);
#2528=AXIS2_PLACEMENT_3D('',#3809,#2997,#2998);
#2529=AXIS2_PLACEMENT_3D('',#3810,#2999,#3000);
#2530=AXIS2_PLACEMENT_3D('',#3812,#3002,#3003);
#2531=AXIS2_PLACEMENT_3D('',#3813,#3004,#3005);
#2532=AXIS2_PLACEMENT_3D('',#3815,#3006,#3007);
#2533=AXIS2_PLACEMENT_3D('',#3817,#3008,#3009);
#2534=AXIS2_PLACEMENT_3D('',#3820,#3011,#3012);
#2535=AXIS2_PLACEMENT_3D('',#3826,#3016,#3017);
#2536=AXIS2_PLACEMENT_3D('',#3827,#3018,#3019);
#2537=AXIS2_PLACEMENT_3D('',#3828,#3020,#3021);
#2538=AXIS2_PLACEMENT_3D('',#3829,#3022,#3023);
#2539=AXIS2_PLACEMENT_3D('',#3830,#3024,#3025);
#2540=AXIS2_PLACEMENT_3D('',#3831,#3026,#3027);
#2541=AXIS2_PLACEMENT_3D('',#3832,#3028,#3029);
#2542=AXIS2_PLACEMENT_3D('',#3833,#3030,#3031);
#2543=AXIS2_PLACEMENT_3D('',#3834,#3032,#3033);
#2544=AXIS2_PLACEMENT_3D('',#3873,#3042,#3043);
#2545=AXIS2_PLACEMENT_3D('',#3875,#3044,#3045);
#2546=AXIS2_PLACEMENT_3D('',#3876,#3046,#3047);
#2547=AXIS2_PLACEMENT_3D('',#3878,#3048,#3049);
#2548=AXIS2_PLACEMENT_3D('',#3879,#3050,#3051);
#2549=AXIS2_PLACEMENT_3D('',#3880,#3052,#3053);
#2550=AXIS2_PLACEMENT_3D('',#3882,#3054,#3055);
#2551=AXIS2_PLACEMENT_3D('',#3883,#3056,#3057);
#2552=AXIS2_PLACEMENT_3D('',#3887,#3060,#3061);
#2553=AXIS2_PLACEMENT_3D('',#3890,#3063,#3064);
#2554=AXIS2_PLACEMENT_3D('',#3891,#3065,#3066);
#2555=AXIS2_PLACEMENT_3D('',#3893,#3068,#3069);
#2556=AXIS2_PLACEMENT_3D('',#3897,#3072,#3073);
#2557=AXIS2_PLACEMENT_3D('',#3900,#3075,#3076);
#2558=AXIS2_PLACEMENT_3D('',#3901,#3077,#3078);
#2559=AXIS2_PLACEMENT_3D('',#3903,#3080,#3081);
#2560=AXIS2_PLACEMENT_3D('',#3907,#3084,#3085);
#2561=AXIS2_PLACEMENT_3D('',#3910,#3087,#3088);
#2562=AXIS2_PLACEMENT_3D('',#3911,#3089,#3090);
#2563=AXIS2_PLACEMENT_3D('',#3913,#3092,#3093);
#2564=AXIS2_PLACEMENT_3D('',#3917,#3096,#3097);
#2565=AXIS2_PLACEMENT_3D('',#3920,#3099,#3100);
#2566=AXIS2_PLACEMENT_3D('',#3921,#3101,#3102);
#2567=AXIS2_PLACEMENT_3D('',#3923,#3104,#3105);
#2568=AXIS2_PLACEMENT_3D('',#3924,#3106,#3107);
#2569=AXIS2_PLACEMENT_3D('',#3940,#3108,#3109);
#2570=AXIS2_PLACEMENT_3D('',#3941,#3110,#3111);
#2571=AXIS2_PLACEMENT_3D('',#3942,#3112,#3113);
#2572=AXIS2_PLACEMENT_3D('',#3949,#3114,#3115);
#2573=AXIS2_PLACEMENT_3D('',#3970,#3116,#3117);
#2574=AXIS2_PLACEMENT_3D('',#3971,#3118,#3119);
#2575=AXIS2_PLACEMENT_3D('',#3977,#3120,#3121);
#2576=AXIS2_PLACEMENT_3D('',#3978,#3122,#3123);
#2577=AXIS2_PLACEMENT_3D('',#3994,#3124,#3125);
#2578=AXIS2_PLACEMENT_3D('',#3995,#3126,#3127);
#2579=AXIS2_PLACEMENT_3D('',#3996,#3128,#3129);
#2580=AXIS2_PLACEMENT_3D('',#3997,#3130,#3131);
#2581=AXIS2_PLACEMENT_3D('',#4013,#3132,#3133);
#2582=AXIS2_PLACEMENT_3D('',#4014,#3134,#3135);
#2583=AXIS2_PLACEMENT_3D('',#4015,#3136,#3137);
#2584=AXIS2_PLACEMENT_3D('',#4016,#3138,#3139);
#2585=AXIS2_PLACEMENT_3D('',#4018,#3140,#3141);
#2586=AXIS2_PLACEMENT_3D('',#4020,#3142,#3143);
#2587=AXIS2_PLACEMENT_3D('',#4021,#3144,#3145);
#2588=AXIS2_PLACEMENT_3D('',#4022,#3146,#3147);
#2589=AXIS2_PLACEMENT_3D('',#4024,#3148,#3149);
#2590=AXIS2_PLACEMENT_3D('',#4026,#3150,#3151);
#2591=AXIS2_PLACEMENT_3D('',#4027,#3152,#3153);
#2592=AXIS2_PLACEMENT_3D('',#4028,#3154,#3155);
#2593=AXIS2_PLACEMENT_3D('',#4030,#3156,#3157);
#2594=AXIS2_PLACEMENT_3D('',#4040,#3163,#3164);
#2595=AXIS2_PLACEMENT_3D('',#4047,#3169,#3170);
#2596=AXIS2_PLACEMENT_3D('',#4048,#3171,#3172);
#2597=AXIS2_PLACEMENT_3D('',#4049,#3173,#3174);
#2598=AXIS2_PLACEMENT_3D('',#4050,#3175,#3176);
#2599=AXIS2_PLACEMENT_3D('',#4056,#3180,#3181);
#2600=AXIS2_PLACEMENT_3D('',#4060,#3184,#3185);
#2601=AXIS2_PLACEMENT_3D('',#4064,#3188,#3189);
#2602=AXIS2_PLACEMENT_3D('',#4066,#3191,#3192);
#2603=AXIS2_PLACEMENT_3D('',#4067,#3193,#3194);
#2604=AXIS2_PLACEMENT_3D('',#4072,#3197,#3198);
#2605=AXIS2_PLACEMENT_3D('',#4076,#3201,#3202);
#2606=AXIS2_PLACEMENT_3D('',#4080,#3205,#3206);
#2607=AXIS2_PLACEMENT_3D('',#4082,#3208,#3209);
#2608=AXIS2_PLACEMENT_3D('',#4083,#3210,#3211);
#2609=AXIS2_PLACEMENT_3D('',#4084,#3212,#3213);
#2610=AXIS2_PLACEMENT_3D('',#4085,#3214,#3215);
#2611=AXIS2_PLACEMENT_3D('',#4086,#3216,#3217);
#2612=AXIS2_PLACEMENT_3D('',#4087,#3218,#3219);
#2613=AXIS2_PLACEMENT_3D('',#4088,#3220,#3221);
#2614=AXIS2_PLACEMENT_3D('',#4093,#3222,#3223);
#2615=AXIS2_PLACEMENT_3D('',#4094,#3224,#3225);
#2616=AXIS2_PLACEMENT_3D('',#4095,#3226,#3227);
#2617=AXIS2_PLACEMENT_3D('',#4096,#3228,#3229);
#2618=AXIS2_PLACEMENT_3D('',#4097,#3230,#3231);
#2619=AXIS2_PLACEMENT_3D('',#4098,#3232,#3233);
#2620=AXIS2_PLACEMENT_3D('',#4099,#3234,#3235);
#2621=AXIS2_PLACEMENT_3D('',#4100,#3236,#3237);
#2622=AXIS2_PLACEMENT_3D('',#4101,#3238,#3239);
#2623=AXIS2_PLACEMENT_3D('',#4102,#3240,#3241);
#2624=AXIS2_PLACEMENT_3D('',#4107,#3244,#3245);
#2625=AXIS2_PLACEMENT_3D('',#4108,#3246,#3247);
#2626=AXIS2_PLACEMENT_3D('',#4110,#3248,#3249);
#2627=AXIS2_PLACEMENT_3D('',#4125,#3252,#3253);
#2628=AXIS2_PLACEMENT_3D('',#4126,#3254,#3255);
#2629=AXIS2_PLACEMENT_3D('',#4127,#3256,#3257);
#2630=AXIS2_PLACEMENT_3D('',#4128,#3258,#3259);
#2631=AXIS2_PLACEMENT_3D('',#4129,#3260,#3261);
#2632=AXIS2_PLACEMENT_3D('',#4130,#3262,#3263);
#2633=AXIS2_PLACEMENT_3D('',#4131,#3264,#3265);
#2634=AXIS2_PLACEMENT_3D('',#4132,#3266,#3267);
#2635=AXIS2_PLACEMENT_3D('',#4148,#3268,#3269);
#2636=AXIS2_PLACEMENT_3D('',#4161,#3270,#3271);
#2637=AXIS2_PLACEMENT_3D('',#4162,#3272,#3273);
#2638=AXIS2_PLACEMENT_3D('',#4178,#3274,#3275);
#2639=AXIS2_PLACEMENT_3D('',#4191,#3276,#3277);
#2640=AXIS2_PLACEMENT_3D('',#4192,#3278,#3279);
#2641=AXIS2_PLACEMENT_3D('',#4193,#3280,#3281);
#2642=AXIS2_PLACEMENT_3D('',#4194,#3282,#3283);
#2643=AXIS2_PLACEMENT_3D('',#4196,#3284,#3285);
#2644=AXIS2_PLACEMENT_3D('',#4197,#3286,#3287);
#2645=AXIS2_PLACEMENT_3D('',#4199,#3288,#3289);
#2646=AXIS2_PLACEMENT_3D('',#4200,#3290,#3291);
#2647=AXIS2_PLACEMENT_3D('',#4202,#3292,#3293);
#2648=AXIS2_PLACEMENT_3D('',#4203,#3294,#3295);
#2649=AXIS2_PLACEMENT_3D('',#4205,#3296,#3297);
#2650=AXIS2_PLACEMENT_3D('',#4206,#3298,#3299);
#2651=AXIS2_PLACEMENT_3D('',#4207,#3300,#3301);
#2652=AXIS2_PLACEMENT_3D('',#4208,#3302,#3303);
#2653=AXIS2_PLACEMENT_3D('',#4210,#3304,#3305);
#2654=AXIS2_PLACEMENT_3D('',#4212,#3306,#3307);
#2655=AXIS2_PLACEMENT_3D('',#4213,#3308,#3309);
#2656=AXIS2_PLACEMENT_3D('',#4214,#3310,#3311);
#2657=AXIS2_PLACEMENT_3D('',#4216,#3312,#3313);
#2658=AXIS2_PLACEMENT_3D('',#4218,#3314,#3315);
#2659=AXIS2_PLACEMENT_3D('',#4219,#3316,#3317);
#2660=AXIS2_PLACEMENT_3D('',#4220,#3318,#3319);
#2661=AXIS2_PLACEMENT_3D('',#4222,#3320,#3321);
#2662=AXIS2_PLACEMENT_3D('',#4224,#3322,#3323);
#2663=AXIS2_PLACEMENT_3D('',#4225,#3324,#3325);
#2664=AXIS2_PLACEMENT_3D('',#4226,#3326,#3327);
#2665=AXIS2_PLACEMENT_3D('',#4227,#3328,#3329);
#2666=AXIS2_PLACEMENT_3D('',#4228,#3330,#3331);
#2667=AXIS2_PLACEMENT_3D('',#4229,#3332,#3333);
#2668=AXIS2_PLACEMENT_3D('',#4230,#3334,#3335);
#2669=AXIS2_PLACEMENT_3D('',#4231,#3336,#3337);
#2670=AXIS2_PLACEMENT_3D('',#4232,#3338,#3339);
#2671=AXIS2_PLACEMENT_3D('',#4233,#3340,#3341);
#2672=AXIS2_PLACEMENT_3D('',#4234,#3342,#3343);
#2673=DIRECTION('',(0.,0.,1.));
#2674=DIRECTION('',(1.,0.,0.));
#2675=DIRECTION('',(0.,1.,0.));
#2676=DIRECTION('',(-1.,0.,0.));
#2677=DIRECTION('',(0.,0.,-1.));
#2678=DIRECTION('',(0.,1.,0.));
#2679=DIRECTION('',(-1.,0.,1.215709174539E-16));
#2680=DIRECTION('',(-1.,0.,1.215709174539E-16));
#2681=DIRECTION('',(0.,1.,0.));
#2682=DIRECTION('',(-1.,0.,1.215709174539E-16));
#2683=DIRECTION('',(0.,0.,-1.));
#2684=DIRECTION('',(0.,0.,-1.));
#2685=DIRECTION('',(-1.,0.,0.));
#2686=DIRECTION('',(0.,0.,1.));
#2687=DIRECTION('',(-1.,0.,1.49625744558646E-16));
#2688=DIRECTION('',(0.,0.,1.));
#2689=DIRECTION('',(-1.,0.,0.));
#2690=DIRECTION('',(0.,0.,-1.));
#2691=DIRECTION('',(1.,0.,0.));
#2692=DIRECTION('',(0.,0.,1.));
#2693=DIRECTION('',(-1.,0.,0.));
#2694=DIRECTION('',(3.76091810509877E-16,0.,1.));
#2695=DIRECTION('',(-1.,0.,0.));
#2696=DIRECTION('',(2.26761238689779E-16,0.,1.));
#2697=DIRECTION('',(1.,0.,0.));
#2698=DIRECTION('',(0.,1.,0.));
#2699=DIRECTION('',(0.,0.,1.));
#2700=DIRECTION('',(-1.,0.,-1.26759397106535E-16));
#2701=DIRECTION('',(0.,1.,0.));
#2702=DIRECTION('',(0.,0.,1.));
#2703=DIRECTION('',(0.,0.,-1.));
#2704=DIRECTION('',(0.,1.,0.));
#2705=DIRECTION('',(0.,0.,1.));
#2706=DIRECTION('',(1.,0.,0.));
#2707=DIRECTION('',(0.,1.,0.));
#2708=DIRECTION('',(0.,0.,1.));
#2709=DIRECTION('',(0.,0.,1.));
#2710=DIRECTION('',(0.,1.,0.));
#2711=DIRECTION('',(0.,0.,1.));
#2712=DIRECTION('',(0.,1.,0.));
#2713=DIRECTION('',(0.,0.,1.));
#2714=DIRECTION('',(-1.,0.,1.56227520864649E-16));
#2715=DIRECTION('',(0.,1.,0.));
#2716=DIRECTION('',(-1.,0.,1.56227520864649E-16));
#2717=DIRECTION('',(0.,0.,-1.));
#2718=DIRECTION('',(0.,0.,-1.));
#2719=DIRECTION('',(-1.,0.,1.0387565724412E-16));
#2720=DIRECTION('',(0.,0.,1.));
#2721=DIRECTION('',(-1.,0.,1.30922526488816E-16));
#2722=DIRECTION('',(0.,0.,1.));
#2723=DIRECTION('',(-1.,0.,1.3395548077041E-16));
#2724=DIRECTION('',(0.,0.,1.));
#2725=DIRECTION('',(0.,0.,-1.));
#2726=DIRECTION('',(0.,1.,0.));
#2727=DIRECTION('',(-1.,0.,1.56227520864649E-16));
#2728=DIRECTION('',(-1.,0.,1.56227520864649E-16));
#2729=DIRECTION('',(0.,1.,0.));
#2730=DIRECTION('',(0.,0.,1.));
#2731=DIRECTION('',(-1.56227520864649E-16,0.,-1.));
#2732=DIRECTION('',(-1.,0.,1.56227520864649E-16));
#2733=DIRECTION('',(-1.56227520864649E-16,0.,-1.));
#2734=DIRECTION('',(-1.,0.,1.56227520864649E-16));
#2735=DIRECTION('',(1.,0.,-1.56227520864649E-16));
#2736=DIRECTION('',(0.,-1.,0.));
#2737=DIRECTION('',(-0.593778690620203,-0.804628402783147,9.27645727778514E-17));
#2738=DIRECTION('',(-1.56227520864649E-16,0.,-1.));
#2739=DIRECTION('',(-1.,0.,1.56227520864649E-16));
#2740=DIRECTION('',(-1.,0.,1.56227520864649E-16));
#2741=DIRECTION('',(0.,1.,0.));
#2742=DIRECTION('',(1.,5.1055763401322E-33,-1.56227520864649E-16));
#2743=DIRECTION('',(0.,-1.,0.));
#2744=DIRECTION('',(-1.10469539411356E-16,0.707106781186547,-0.707106781186548));
#2745=DIRECTION('',(1.,0.,-1.56227520864649E-16));
#2746=DIRECTION('',(1.,1.23259516440783E-32,-1.56227520864649E-16));
#2747=DIRECTION('',(-1.10469539411356E-16,0.707106781186547,-0.707106781186548));
#2748=DIRECTION('',(1.10469539411356E-16,0.707106781186548,0.707106781186547));
#2749=DIRECTION('',(1.,0.,-1.56227520864649E-16));
#2750=DIRECTION('',(-0.577350269189626,-0.577350269189626,-0.577350269189625));
#2751=DIRECTION('',(1.,5.1055763401322E-33,-1.56227520864649E-16));
#2752=DIRECTION('',(-1.56227520864649E-16,0.,-1.));
#2753=DIRECTION('',(1.,5.1055763401322E-33,-1.56227520864649E-16));
#2754=DIRECTION('',(0.707106781186548,3.61018765197307E-33,-0.707106781186548));
#2755=DIRECTION('',(0.707106781186548,3.61018765197307E-33,0.707106781186548));
#2756=DIRECTION('',(0.,0.,-1.));
#2757=DIRECTION('',(-1.,0.,0.));
#2758=DIRECTION('',(0.,0.,-1.));
#2759=DIRECTION('',(-1.,0.,0.));
#2760=DIRECTION('',(0.,1.,0.));
#2761=DIRECTION('',(1.,0.,0.));
#2762=DIRECTION('',(0.,1.,0.));
#2763=DIRECTION('',(1.,6.46480798500675E-16,0.));
#2764=DIRECTION('',(0.,1.,0.));
#2765=DIRECTION('',(-1.,0.,0.));
#2766=DIRECTION('',(0.,1.,0.));
#2767=DIRECTION('',(1.,0.,0.));
#2768=DIRECTION('',(0.,0.,-1.));
#2769=DIRECTION('',(0.,1.,0.));
#2770=DIRECTION('',(0.,0.,1.));
#2771=DIRECTION('',(0.,-1.,0.));
#2772=DIRECTION('',(0.,0.,-1.));
#2773=DIRECTION('',(0.,1.,0.));
#2774=DIRECTION('',(0.,0.,-1.));
#2775=DIRECTION('',(1.,0.,0.));
#2776=DIRECTION('',(0.,0.,-1.));
#2777=DIRECTION('',(1.,0.,0.));
#2778=DIRECTION('',(0.,0.,-1.));
#2779=DIRECTION('',(0.,-1.,0.));
#2780=DIRECTION('',(0.,0.,1.));
#2781=DIRECTION('',(0.,1.,0.));
#2782=DIRECTION('',(1.,0.,0.));
#2783=DIRECTION('',(0.,0.,-1.));
#2784=DIRECTION('',(0.,0.,-1.));
#2785=DIRECTION('',(0.,1.,0.));
#2786=DIRECTION('',(0.,0.,-1.));
#2787=DIRECTION('',(0.,0.,-1.));
#2788=DIRECTION('',(-1.,0.,0.));
#2789=DIRECTION('',(0.593778690620203,0.804628402783146,0.));
#2790=DIRECTION('',(0.,1.,0.));
#2791=DIRECTION('',(-1.,0.,0.));
#2792=DIRECTION('',(1.,0.,0.));
#2793=DIRECTION('',(0.,0.,1.));
#2794=DIRECTION('',(1.,0.,0.));
#2795=DIRECTION('',(1.,0.,0.));
#2796=DIRECTION('',(0.,0.,-1.));
#2797=DIRECTION('',(0.,0.,1.));
#2798=DIRECTION('',(1.,0.,0.));
#2799=DIRECTION('',(0.,-1.,8.9713736096796E-17));
#2800=DIRECTION('',(0.,1.,0.));
#2801=DIRECTION('',(0.,0.,1.));
#2802=DIRECTION('',(0.,1.,0.));
#2803=DIRECTION('',(0.,1.,0.));
#2804=DIRECTION('',(0.,0.,-1.));
#2805=DIRECTION('',(0.,0.,1.));
#2806=DIRECTION('',(1.,0.,0.));
#2807=DIRECTION('',(-1.0387565724412E-16,0.,-1.));
#2808=DIRECTION('',(-1.,0.,1.0387565724412E-16));
#2809=DIRECTION('',(-1.215709174539E-16,0.,-1.));
#2810=DIRECTION('',(-1.,0.,1.215709174539E-16));
#2811=DIRECTION('',(0.,0.,1.));
#2812=DIRECTION('',(1.,0.,0.));
#2813=DIRECTION('',(-1.0387565724412E-16,0.,-1.));
#2814=DIRECTION('',(-1.,0.,1.0387565724412E-16));
#2815=DIRECTION('',(-1.215709174539E-16,0.,-1.));
#2816=DIRECTION('',(-1.,0.,1.215709174539E-16));
#2817=DIRECTION('',(1.,0.,0.));
#2818=DIRECTION('',(0.,0.,-1.));
#2819=DIRECTION('',(0.,1.,0.));
#2820=DIRECTION('',(0.,0.,1.));
#2821=DIRECTION('',(0.,-1.,0.));
#2822=DIRECTION('',(0.,0.,-1.));
#2823=DIRECTION('',(0.,1.,0.));
#2824=DIRECTION('',(0.,0.,-1.));
#2825=DIRECTION('',(1.,0.,0.));
#2826=DIRECTION('',(0.,0.,-1.));
#2827=DIRECTION('',(1.,0.,0.));
#2828=DIRECTION('',(0.,0.,-1.));
#2829=DIRECTION('',(0.,-1.,0.));
#2830=DIRECTION('',(0.,0.,1.));
#2831=DIRECTION('',(1.,0.,0.));
#2832=DIRECTION('',(0.,0.,-1.));
#2833=DIRECTION('',(0.,0.,-1.));
#2834=DIRECTION('',(0.,1.,0.));
#2835=DIRECTION('',(0.,0.,-1.));
#2836=DIRECTION('',(0.,0.,-1.));
#2837=DIRECTION('',(-1.,0.,0.));
#2838=DIRECTION('',(0.593778690620203,0.804628402783146,0.));
#2839=DIRECTION('',(0.,1.,0.));
#2840=DIRECTION('',(-1.,0.,0.));
#2841=DIRECTION('',(1.,0.,0.));
#2842=DIRECTION('',(0.,0.,1.));
#2843=DIRECTION('',(1.,0.,0.));
#2844=DIRECTION('',(0.,0.,1.));
#2845=DIRECTION('',(1.,0.,0.));
#2846=DIRECTION('',(0.,0.,1.));
#2847=DIRECTION('',(1.,0.,0.));
#2848=DIRECTION('',(-1.56227520864649E-16,0.,-1.));
#2849=DIRECTION('',(-1.,0.,1.56227520864649E-16));
#2850=DIRECTION('',(-1.56227520864649E-16,0.,-1.));
#2851=DIRECTION('',(-1.,0.,1.56227520864649E-16));
#2852=DIRECTION('',(-0.724556551146512,0.689215354000963,1.13195673711859E-16));
#2853=DIRECTION('',(0.,-1.,0.));
#2854=DIRECTION('',(1.,0.,-1.56227520864649E-16));
#2855=DIRECTION('',(0.,-1.,0.));
#2856=DIRECTION('',(-1.,0.,1.56227520864649E-16));
#2857=DIRECTION('',(-1.,0.,0.));
#2858=DIRECTION('',(0.,0.,1.));
#2859=DIRECTION('',(0.,0.,1.));
#2860=DIRECTION('',(0.,1.,0.));
#2861=DIRECTION('',(-1.,0.,0.));
#2862=DIRECTION('',(0.,0.,1.));
#2863=DIRECTION('',(0.,1.,0.));
#2864=DIRECTION('',(0.,0.,1.));
#2865=DIRECTION('',(0.,1.,0.));
#2866=DIRECTION('',(-1.30922526488816E-16,0.,-1.));
#2867=DIRECTION('',(-1.,0.,1.30922526488816E-16));
#2868=DIRECTION('',(0.,1.,0.));
#2869=DIRECTION('',(-1.,0.,1.30922526488816E-16));
#2870=DIRECTION('',(-1.,0.,0.));
#2871=DIRECTION('',(0.,0.,1.));
#2872=DIRECTION('',(0.,0.,1.));
#2873=DIRECTION('',(0.,1.,0.));
#2874=DIRECTION('',(-1.0387565724412E-16,0.,-1.));
#2875=DIRECTION('',(-1.,0.,1.0387565724412E-16));
#2876=DIRECTION('',(1.,6.16297582203916E-33,-1.0387565724412E-16));
#2877=DIRECTION('',(-1.,0.,1.0387565724412E-16));
#2878=DIRECTION('',(-1.,0.,1.30922526488816E-16));
#2879=DIRECTION('',(0.,1.,0.));
#2880=DIRECTION('',(-1.,0.,1.0387565724412E-16));
#2881=DIRECTION('',(1.,0.,0.));
#2882=DIRECTION('',(0.,0.,-1.));
#2883=DIRECTION('',(0.,0.,-1.));
#2884=DIRECTION('',(0.,1.,0.));
#2885=DIRECTION('',(0.,0.,1.));
#2886=DIRECTION('',(1.,0.,0.));
#2887=DIRECTION('',(1.,0.,0.));
#2888=DIRECTION('',(1.,0.,0.));
#2889=DIRECTION('',(0.,1.,0.));
#2890=DIRECTION('',(0.724556551146512,-0.689215354000963,0.));
#2891=DIRECTION('',(0.,0.,1.));
#2892=DIRECTION('',(1.,0.,0.));
#2893=DIRECTION('',(-1.215709174539E-16,0.,-1.));
#2894=DIRECTION('',(-1.,0.,1.215709174539E-16));
#2895=DIRECTION('',(1.,1.74315279842106E-32,-1.215709174539E-16));
#2896=DIRECTION('',(-1.,0.,1.215709174539E-16));
#2897=DIRECTION('',(-0.724556551146512,0.689215354000963,8.80850046701152E-17));
#2898=DIRECTION('',(-0.593778690620203,-0.804628402783147,7.21862201832737E-17));
#2899=DIRECTION('',(-1.,0.,1.215709174539E-16));
#2900=DIRECTION('',(0.,0.,1.));
#2901=DIRECTION('',(1.,0.,0.));
#2902=DIRECTION('',(0.,1.,0.));
#2903=DIRECTION('',(-1.,0.,0.));
#2904=DIRECTION('',(-1.,0.,2.26761238689779E-16));
#2905=DIRECTION('',(2.26761238689779E-16,0.,1.));
#2906=DIRECTION('',(-2.26761238689779E-16,0.,-1.));
#2907=DIRECTION('',(-1.,0.,3.76091810509877E-16));
#2908=DIRECTION('',(3.76091810509877E-16,0.,1.));
#2909=DIRECTION('',(0.,1.,0.));
#2910=DIRECTION('',(-3.76091810509877E-16,0.,-1.));
#2911=DIRECTION('',(0.,0.,-1.));
#2912=DIRECTION('',(-1.,0.,0.));
#2913=DIRECTION('',(0.,0.,-1.));
#2914=DIRECTION('',(-1.,0.,0.));
#2915=DIRECTION('',(0.,1.,0.));
#2916=DIRECTION('',(1.,0.,0.));
#2917=DIRECTION('',(-1.,0.,0.));
#2918=DIRECTION('',(0.,0.,1.));
#2919=DIRECTION('',(0.,1.,0.));
#2920=DIRECTION('',(0.,0.,-1.));
#2921=DIRECTION('',(0.,0.,1.));
#2922=DIRECTION('',(1.,0.,0.));
#2923=DIRECTION('',(-1.,0.,0.));
#2924=DIRECTION('',(-1.,0.,0.));
#2925=DIRECTION('',(0.,0.,1.));
#2926=DIRECTION('',(0.,1.,0.));
#2927=DIRECTION('',(0.,0.,1.));
#2928=DIRECTION('',(0.,1.,0.));
#2929=DIRECTION('',(-1.49625744558646E-16,0.,-1.));
#2930=DIRECTION('',(-1.,0.,1.49625744558646E-16));
#2931=DIRECTION('',(0.,1.,0.));
#2932=DIRECTION('',(-1.,0.,1.49625744558646E-16));
#2933=DIRECTION('',(-1.,0.,0.));
#2934=DIRECTION('',(0.,0.,1.));
#2935=DIRECTION('',(0.,0.,1.));
#2936=DIRECTION('',(0.,1.,0.));
#2937=DIRECTION('',(0.,0.,-1.));
#2938=DIRECTION('',(-1.,0.,0.));
#2939=DIRECTION('',(0.,0.,-1.));
#2940=DIRECTION('',(-1.,0.,0.));
#2941=DIRECTION('',(0.,0.,-1.));
#2942=DIRECTION('',(-1.,0.,0.));
#2943=DIRECTION('',(1.,0.,0.));
#2944=DIRECTION('',(-1.,0.,0.));
#2945=DIRECTION('',(-1.,0.,1.49625744558646E-16));
#2946=DIRECTION('',(0.,1.,0.));
#2947=DIRECTION('',(-1.,0.,0.));
#2948=DIRECTION('',(0.,1.,0.));
#2949=DIRECTION('',(0.,0.,1.));
#2950=DIRECTION('',(0.,1.,0.));
#2951=DIRECTION('',(0.,-1.,0.));
#2952=DIRECTION('',(0.,0.,-1.));
#2953=DIRECTION('',(0.,1.,0.));
#2954=DIRECTION('',(0.,1.,0.));
#2955=DIRECTION('',(-1.,0.,0.));
#2956=DIRECTION('',(0.,0.,1.));
#2957=DIRECTION('',(0.,1.,0.));
#2958=DIRECTION('',(-1.,0.,0.));
#2959=DIRECTION('',(0.,0.,1.));
#2960=DIRECTION('',(0.,1.,0.));
#2961=DIRECTION('',(0.,0.,-1.));
#2962=DIRECTION('',(-1.,0.,0.));
#2963=DIRECTION('',(0.,0.,1.));
#2964=DIRECTION('',(0.,1.,0.));
#2965=DIRECTION('',(0.,0.,1.));
#2966=DIRECTION('',(0.,1.,0.));
#2967=DIRECTION('',(0.,-1.,0.));
#2968=DIRECTION('',(0.,0.,-1.));
#2969=DIRECTION('',(0.,0.,1.));
#2970=DIRECTION('',(1.,0.,0.));
#2971=DIRECTION('',(0.,0.,1.));
#2972=DIRECTION('',(1.,0.,0.));
#2973=DIRECTION('',(0.,0.,1.));
#2974=DIRECTION('',(1.,0.,0.));
#2975=DIRECTION('',(0.,0.,1.));
#2976=DIRECTION('',(1.,0.,0.));
#2977=DIRECTION('',(0.,1.,0.));
#2978=DIRECTION('',(-1.,0.,0.));
#2979=DIRECTION('',(0.,1.,0.));
#2980=DIRECTION('',(0.,0.,1.));
#2981=DIRECTION('',(0.,1.,0.));
#2982=DIRECTION('',(0.,1.,0.));
#2983=DIRECTION('',(0.,-1.,0.));
#2984=DIRECTION('',(0.,0.,-1.));
#2985=DIRECTION('',(1.,0.,0.));
#2986=DIRECTION('',(0.,0.,-1.));
#2987=DIRECTION('',(0.,1.,0.));
#2988=DIRECTION('',(1.,0.,0.));
#2989=DIRECTION('',(0.,0.,-1.));
#2990=DIRECTION('',(0.,1.,0.));
#2991=DIRECTION('',(0.,0.,1.));
#2992=DIRECTION('',(1.,0.,0.));
#2993=DIRECTION('',(0.,0.,-1.));
#2994=DIRECTION('',(0.,1.,0.));
#2995=DIRECTION('',(0.,0.,1.));
#2996=DIRECTION('',(0.,1.,0.));
#2997=DIRECTION('',(0.,-1.,0.));
#2998=DIRECTION('',(0.,0.,-1.));
#2999=DIRECTION('',(1.,0.,0.));
#3000=DIRECTION('',(0.,0.,-1.));
#3001=DIRECTION('',(0.,0.,-1.));
#3002=DIRECTION('',(1.26759397106535E-16,0.,-1.));
#3003=DIRECTION('',(-1.,0.,-1.26759397106535E-16));
#3004=DIRECTION('',(1.26759397106535E-16,0.,-1.));
#3005=DIRECTION('',(-1.,0.,-1.26759397106535E-16));
#3006=DIRECTION('',(1.26759397106535E-16,0.,-1.));
#3007=DIRECTION('',(-1.,0.,-1.26759397106535E-16));
#3008=DIRECTION('',(1.26759397106535E-16,0.,-1.));
#3009=DIRECTION('',(-1.,0.,-1.26759397106535E-16));
#3010=DIRECTION('',(1.,0.,1.26759397106535E-16));
#3011=DIRECTION('',(0.,0.,1.));
#3012=DIRECTION('',(1.,0.,0.));
#3013=DIRECTION('',(1.,0.,0.));
#3014=DIRECTION('',(1.,0.,0.));
#3015=DIRECTION('',(0.724556551146512,-0.689215354000963,0.));
#3016=DIRECTION('',(0.,0.,1.));
#3017=DIRECTION('',(1.,0.,0.));
#3018=DIRECTION('',(0.,1.,0.));
#3019=DIRECTION('',(-1.,0.,0.));
#3020=DIRECTION('',(0.,1.,0.));
#3021=DIRECTION('',(-1.,0.,0.));
#3022=DIRECTION('',(0.,1.,0.));
#3023=DIRECTION('',(-1.,0.,0.));
#3024=DIRECTION('',(0.,1.,0.));
#3025=DIRECTION('',(-1.,0.,0.));
#3026=DIRECTION('',(0.,1.,0.));
#3027=DIRECTION('',(-1.,0.,0.));
#3028=DIRECTION('',(0.,1.,0.));
#3029=DIRECTION('',(-1.,0.,0.));
#3030=DIRECTION('',(0.,-1.,0.));
#3031=DIRECTION('',(1.,0.,0.));
#3032=DIRECTION('',(0.,1.,0.));
#3033=DIRECTION('',(0.,0.,1.));
#3034=DIRECTION('',(1.,0.,-1.56227520864649E-16));
#3035=DIRECTION('',(0.,0.,1.));
#3036=DIRECTION('',(-1.,0.,1.0387565724412E-16));
#3037=DIRECTION('',(0.,0.,-1.));
#3038=DIRECTION('',(0.,0.,1.));
#3039=DIRECTION('',(-1.,0.,0.));
#3040=DIRECTION('',(0.,0.,-1.));
#3041=DIRECTION('',(1.,0.,-1.215709174539E-16));
#3042=DIRECTION('',(0.,1.,0.));
#3043=DIRECTION('',(0.,0.,1.));
#3044=DIRECTION('',(0.,0.,-1.));
#3045=DIRECTION('',(-1.,0.,0.));
#3046=DIRECTION('',(0.,0.,-1.));
#3047=DIRECTION('',(-1.,0.,0.));
#3048=DIRECTION('',(0.,0.,1.));
#3049=DIRECTION('',(1.,0.,0.));
#3050=DIRECTION('',(0.,0.,-1.));
#3051=DIRECTION('',(-1.,0.,0.));
#3052=DIRECTION('',(0.,0.,-1.));
#3053=DIRECTION('',(-1.,0.,0.));
#3054=DIRECTION('',(0.,0.,1.));
#3055=DIRECTION('',(1.,0.,0.));
#3056=DIRECTION('',(-0.804628402783146,0.593778690620203,0.));
#3057=DIRECTION('',(-0.593778690620203,-0.804628402783147,0.));
#3058=DIRECTION('',(0.,0.,-1.));
#3059=DIRECTION('',(-0.593778690620203,-0.804628402783147,9.27645727778514E-17));
#3060=DIRECTION('',(0.,0.,-1.));
#3061=DIRECTION('',(-1.,0.,0.));
#3062=DIRECTION('',(0.,0.,-1.));
#3063=DIRECTION('',(1.96347268632144E-15,9.91270557701071E-16,1.));
#3064=DIRECTION('',(1.,0.,-1.96347268632144E-15));
#3065=DIRECTION('',(0.,1.,0.));
#3066=DIRECTION('',(0.,0.,1.));
#3067=DIRECTION('',(-1.,0.,1.56227520864649E-16));
#3068=DIRECTION('',(0.,1.,0.));
#3069=DIRECTION('',(0.,0.,1.));
#3070=DIRECTION('',(0.,0.,-1.));
#3071=DIRECTION('',(-1.,0.,1.56227520864649E-16));
#3072=DIRECTION('',(0.,0.,-1.));
#3073=DIRECTION('',(-1.,0.,0.));
#3074=DIRECTION('',(0.,0.,-1.));
#3075=DIRECTION('',(2.48035991119206E-15,-9.91270557701063E-16,1.));
#3076=DIRECTION('',(1.,0.,-2.48035991119206E-15));
#3077=DIRECTION('',(0.689215354000963,0.724556551146512,0.));
#3078=DIRECTION('',(-0.724556551146512,0.689215354000963,0.));
#3079=DIRECTION('',(-0.724556551146512,0.689215354000963,1.13195673711859E-16));
#3080=DIRECTION('',(0.,1.,0.));
#3081=DIRECTION('',(0.,0.,1.));
#3082=DIRECTION('',(0.,0.,-1.));
#3083=DIRECTION('',(-1.,0.,1.215709174539E-16));
#3084=DIRECTION('',(0.,0.,-1.));
#3085=DIRECTION('',(-1.,0.,0.));
#3086=DIRECTION('',(0.,0.,-1.));
#3087=DIRECTION('',(5.21050185817505E-16,-4.95635278850532E-16,1.));
#3088=DIRECTION('',(1.,0.,-5.21050185817505E-16));
#3089=DIRECTION('',(0.689215354000963,0.724556551146512,0.));
#3090=DIRECTION('',(-0.724556551146512,0.689215354000963,0.));
#3091=DIRECTION('',(-0.724556551146512,0.689215354000963,8.80850046701152E-17));
#3092=DIRECTION('',(-0.804628402783146,0.593778690620203,0.));
#3093=DIRECTION('',(-0.593778690620203,-0.804628402783147,0.));
#3094=DIRECTION('',(0.,0.,-1.));
#3095=DIRECTION('',(-0.593778690620203,-0.804628402783147,7.21862201832737E-17));
#3096=DIRECTION('',(0.,0.,-1.));
#3097=DIRECTION('',(-1.,0.,0.));
#3098=DIRECTION('',(0.,0.,-1.));
#3099=DIRECTION('',(1.96347268632144E-15,9.91270557701071E-16,1.));
#3100=DIRECTION('',(1.,0.,-1.96347268632144E-15));
#3101=DIRECTION('',(0.,1.,0.));
#3102=DIRECTION('',(0.,0.,1.));
#3103=DIRECTION('',(-1.,0.,1.215709174539E-16));
#3104=DIRECTION('',(-1.,0.,1.56227520864649E-16));
#3105=DIRECTION('',(1.56227520864649E-16,0.,1.));
#3106=DIRECTION('',(0.998014682833478,0.0629816866143875,-1.55917359685592E-16));
#3107=DIRECTION('',(-0.0629816866143875,0.998014682833478,0.));
#3108=DIRECTION('',(0.643276705497732,0.765633776791479,-1.00497524929889E-16));
#3109=DIRECTION('',(-0.765633776791479,0.643276705497732,0.));
#3110=DIRECTION('',(-0.593778690620203,-0.804628402783147,9.27645727778514E-17));
#3111=DIRECTION('',(0.804628402783146,-0.593778690620203,0.));
#3112=DIRECTION('',(-0.724556551146512,0.689215354000963,1.13195673711859E-16));
#3113=DIRECTION('',(-0.689215354000963,-0.724556551146512,0.));
#3114=DIRECTION('',(0.758041687115322,-0.652206102850438,-1.18426973490082E-16));
#3115=DIRECTION('',(0.652206102850438,0.758041687115322,0.));
#3116=DIRECTION('',(0.998754530499214,-0.0498937652146463,-1.56032944252228E-16));
#3117=DIRECTION('',(0.0498937652146463,0.998754530499214,0.));
#3118=DIRECTION('',(-1.,0.,1.56227520864649E-16));
#3119=DIRECTION('',(1.56227520864649E-16,0.,1.));
#3120=DIRECTION('',(-0.724556551146512,0.689215354000963,8.80850046701152E-17));
#3121=DIRECTION('',(-0.689215354000963,-0.724556551146512,0.));
#3122=DIRECTION('',(0.758041687115322,-0.652206102850438,-9.21558233709122E-17));
#3123=DIRECTION('',(0.652206102850438,0.758041687115322,0.));
#3124=DIRECTION('',(0.998754530499214,-0.0498937652146463,-1.21419504584029E-16));
#3125=DIRECTION('',(0.0498937652146463,0.998754530499214,0.));
#3126=DIRECTION('',(-1.,0.,1.215709174539E-16));
#3127=DIRECTION('',(1.215709174539E-16,0.,1.));
#3128=DIRECTION('',(-1.,0.,1.215709174539E-16));
#3129=DIRECTION('',(1.215709174539E-16,0.,1.));
#3130=DIRECTION('',(0.998014682833478,0.0629816866143875,-1.21329560624529E-16));
#3131=DIRECTION('',(-0.0629816866143875,0.998014682833478,0.));
#3132=DIRECTION('',(0.643276705497732,0.765633776791479,-7.82037392640818E-17));
#3133=DIRECTION('',(-0.765633776791479,0.643276705497732,0.));
#3134=DIRECTION('',(-0.593778690620203,-0.804628402783147,7.21862201832737E-17));
#3135=DIRECTION('',(0.804628402783146,-0.593778690620203,0.));
#3136=DIRECTION('',(1.26759397106535E-16,0.,-1.));
#3137=DIRECTION('',(-1.,0.,-1.26759397106535E-16));
#3138=DIRECTION('',(0.,0.,-1.));
#3139=DIRECTION('',(-1.,0.,0.));
#3140=DIRECTION('',(1.26759397106535E-16,0.,-1.));
#3141=DIRECTION('',(-1.,0.,-1.26759397106535E-16));
#3142=DIRECTION('',(1.26759397106535E-16,0.,-1.));
#3143=DIRECTION('',(1.,0.,1.26759397106535E-16));
#3144=DIRECTION('',(1.26759397106535E-16,0.,-1.));
#3145=DIRECTION('',(-1.,0.,-1.26759397106535E-16));
#3146=DIRECTION('',(0.,0.,-1.));
#3147=DIRECTION('',(-1.,0.,0.));
#3148=DIRECTION('',(1.26759397106535E-16,0.,-1.));
#3149=DIRECTION('',(-1.,0.,-1.26759397106535E-16));
#3150=DIRECTION('',(1.26759397106535E-16,0.,-1.));
#3151=DIRECTION('',(1.,0.,1.26759397106535E-16));
#3152=DIRECTION('',(1.26759397106535E-16,0.,-1.));
#3153=DIRECTION('',(-1.,0.,-1.26759397106535E-16));
#3154=DIRECTION('',(0.,0.,-1.));
#3155=DIRECTION('',(-1.,0.,0.));
#3156=DIRECTION('',(0.,-1.,0.));
#3157=DIRECTION('',(0.,0.,-1.));
#3158=DIRECTION('',(-1.,0.,0.));
#3159=DIRECTION('',(1.88556899562696E-16,0.,1.));
#3160=DIRECTION('',(1.88556899562696E-16,0.,1.));
#3161=DIRECTION('',(-1.,0.,1.88556899562696E-16));
#3162=DIRECTION('',(0.,0.,-1.));
#3163=DIRECTION('',(-1.81014623580188E-16,0.28,-0.96));
#3164=DIRECTION('',(0.,0.96,0.28));
#3165=DIRECTION('',(-1.,0.,0.));
#3166=DIRECTION('',(0.,0.96,0.28));
#3167=DIRECTION('',(-5.27959318775549E-17,-0.96,-0.28));
#3168=DIRECTION('',(-5.27959318775549E-17,-0.96,-0.28));
#3169=DIRECTION('',(-1.,0.,1.88556899562696E-16));
#3170=DIRECTION('',(0.,-1.,0.));
#3171=DIRECTION('',(-1.,0.,1.88556899562696E-16));
#3172=DIRECTION('',(0.,-1.,0.));
#3173=DIRECTION('',(-1.,0.,1.88556899562696E-16));
#3174=DIRECTION('',(1.88556899562696E-16,0.,1.));
#3175=DIRECTION('',(-8.59636201267233E-17,0.707106781186544,-0.707106781186551));
#3176=DIRECTION('',(1.,0.,-1.215709174539E-16));
#3177=DIRECTION('',(-0.57735026918963,-0.577350269189626,-0.577350269189621));
#3178=DIRECTION('',(1.,3.61018765197319E-33,-1.215709174539E-16));
#3179=DIRECTION('',(-0.577350269189625,0.577350269189629,0.577350269189623));
#3180=DIRECTION('',(0.707106781186545,-0.70710678118655,0.));
#3181=DIRECTION('',(0.,0.,-1.));
#3182=DIRECTION('',(-0.577350269189631,-0.577350269189627,0.577350269189619));
#3183=DIRECTION('',(0.,0.,-1.));
#3184=DIRECTION('',(0.70710678118655,0.707106781186545,0.));
#3185=DIRECTION('',(0.,0.,1.));
#3186=DIRECTION('',(0.,0.,1.));
#3187=DIRECTION('',(0.577350269189626,-0.57735026918963,0.577350269189622));
#3188=DIRECTION('',(0.,-0.707106781186543,-0.707106781186552));
#3189=DIRECTION('',(-1.,0.,0.));
#3190=DIRECTION('',(-1.,0.,0.));
#3191=DIRECTION('',(-1.10469539411356E-16,0.707106781186547,-0.707106781186548));
#3192=DIRECTION('',(1.,0.,-1.56227520864649E-16));
#3193=DIRECTION('',(-1.10469539411356E-16,0.707106781186547,-0.707106781186548));
#3194=DIRECTION('',(1.10469539411356E-16,0.707106781186548,0.707106781186547));
#3195=DIRECTION('',(1.,1.23259516440783E-32,-1.56227520864649E-16));
#3196=DIRECTION('',(-0.577350269189626,0.577350269189626,0.577350269189625));
#3197=DIRECTION('',(0.707106781186548,-0.707106781186548,0.));
#3198=DIRECTION('',(0.,0.,-1.));
#3199=DIRECTION('',(-0.577350269189626,-0.577350269189626,0.577350269189626));
#3200=DIRECTION('',(0.,0.,-1.));
#3201=DIRECTION('',(0.707106781186548,0.707106781186548,0.));
#3202=DIRECTION('',(0.,0.,1.));
#3203=DIRECTION('',(0.,0.,1.));
#3204=DIRECTION('',(0.577350269189626,-0.577350269189626,0.577350269189626));
#3205=DIRECTION('',(-7.34511816375269E-17,-0.707106781186548,-0.707106781186547));
#3206=DIRECTION('',(-1.,0.,1.0387565724412E-16));
#3207=DIRECTION('',(-1.,0.,1.0387565724412E-16));
#3208=DIRECTION('',(-1.,-6.16297582203916E-33,1.0387565724412E-16));
#3209=DIRECTION('',(1.0387565724412E-16,0.,1.));
#3210=DIRECTION('',(-0.707106781186548,-4.35788199605262E-33,-0.707106781186548));
#3211=DIRECTION('',(0.707106781186548,4.35788199605262E-33,-0.707106781186548));
#3212=DIRECTION('',(-0.707106781186548,-4.35788199605262E-33,0.707106781186548));
#3213=DIRECTION('',(-0.707106781186548,-4.35788199605262E-33,-0.707106781186548));
#3214=DIRECTION('',(0.,0.,1.));
#3215=DIRECTION('',(1.,0.,0.));
#3216=DIRECTION('',(0.707106781186548,3.61018765197307E-33,0.707106781186548));
#3217=DIRECTION('',(0.707106781186548,3.61018765197307E-33,-0.707106781186548));
#3218=DIRECTION('',(0.,0.,-1.));
#3219=DIRECTION('',(-1.,0.,0.));
#3220=DIRECTION('',(1.,5.1055763401322E-33,-1.56227520864649E-16));
#3221=DIRECTION('',(-1.56227520864649E-16,0.,-1.));
#3222=DIRECTION('',(0.,0.,1.));
#3223=DIRECTION('',(1.,0.,0.));
#3224=DIRECTION('',(-0.707106781186548,0.,0.707106781186548));
#3225=DIRECTION('',(0.707106781186548,0.,0.707106781186548));
#3226=DIRECTION('',(0.707106781186548,1.23259516440784E-32,0.707106781186548));
#3227=DIRECTION('',(0.707106781186548,1.23259516440784E-32,-0.707106781186548));
#3228=DIRECTION('',(1.,1.74315279842106E-32,-1.215709174539E-16));
#3229=DIRECTION('',(-1.215709174539E-16,0.,-1.));
#3230=DIRECTION('',(0.707106781186548,1.23259516440784E-32,-0.707106781186548));
#3231=DIRECTION('',(-0.707106781186548,-1.23259516440784E-32,-0.707106781186548));
#3232=DIRECTION('',(-1.,0.,0.));
#3233=DIRECTION('',(0.,0.,1.));
#3234=DIRECTION('',(-0.707106781186548,0.,-0.707106781186548));
#3235=DIRECTION('',(0.707106781186548,0.,-0.707106781186548));
#3236=DIRECTION('',(0.,0.,-1.));
#3237=DIRECTION('',(-1.,0.,0.));
#3238=DIRECTION('',(0.,1.,0.));
#3239=DIRECTION('',(0.,0.,1.));
#3240=DIRECTION('',(0.,1.,0.));
#3241=DIRECTION('',(0.,0.,1.));
#3242=DIRECTION('',(0.,1.,0.));
#3243=DIRECTION('',(0.,1.,0.));
#3244=DIRECTION('',(0.,1.,0.));
#3245=DIRECTION('',(0.,0.,1.));
#3246=DIRECTION('',(0.,1.,0.));
#3247=DIRECTION('',(0.,0.,1.));
#3248=DIRECTION('',(0.,1.,0.));
#3249=DIRECTION('',(0.,0.,1.));
#3250=DIRECTION('',(0.,1.,0.));
#3251=DIRECTION('',(0.,1.,0.));
#3252=DIRECTION('',(0.,1.,0.));
#3253=DIRECTION('',(0.,0.,1.));
#3254=DIRECTION('',(0.,1.,0.));
#3255=DIRECTION('',(-1.,0.,0.));
#3256=DIRECTION('',(0.,1.,0.));
#3257=DIRECTION('',(0.,0.,1.));
#3258=DIRECTION('',(0.,1.,0.));
#3259=DIRECTION('',(0.,0.,1.));
#3260=DIRECTION('',(0.,1.,0.));
#3261=DIRECTION('',(0.,0.,1.));
#3262=DIRECTION('',(0.,1.,0.));
#3263=DIRECTION('',(0.,0.,1.));
#3264=DIRECTION('',(0.,1.,0.));
#3265=DIRECTION('',(0.,0.,1.));
#3266=DIRECTION('',(0.,-1.,0.));
#3267=DIRECTION('',(0.,0.,-1.));
#3268=DIRECTION('',(0.012484770048163,-0.707051670854698,-0.707051670854701));
#3269=DIRECTION('',(0.,0.707106781186549,-0.707106781186546));
#3270=DIRECTION('',(0.,1.,0.));
#3271=DIRECTION('',(0.,0.,1.));
#3272=DIRECTION('',(0.,-1.,0.));
#3273=DIRECTION('',(0.,0.,-1.));
#3274=DIRECTION('',(-0.0124847700481626,-0.707051670854698,-0.707051670854701));
#3275=DIRECTION('',(0.,0.707106781186549,-0.707106781186546));
#3276=DIRECTION('',(0.,1.,0.));
#3277=DIRECTION('',(0.,0.,1.));
#3278=DIRECTION('',(0.,1.,0.));
#3279=DIRECTION('',(0.,0.,1.));
#3280=DIRECTION('',(-1.26759397106535E-16,0.,1.));
#3281=DIRECTION('',(1.,0.,1.26759397106535E-16));
#3282=DIRECTION('',(0.,0.,1.));
#3283=DIRECTION('',(1.,0.,0.));
#3284=DIRECTION('',(-1.26759397106535E-16,0.,1.));
#3285=DIRECTION('',(1.,0.,1.26759397106535E-16));
#3286=DIRECTION('',(0.,0.,1.));
#3287=DIRECTION('',(1.,0.,0.));
#3288=DIRECTION('',(0.,0.,1.));
#3289=DIRECTION('',(1.,0.,0.));
#3290=DIRECTION('',(0.,0.,1.));
#3291=DIRECTION('',(1.,0.,0.));
#3292=DIRECTION('',(-1.,0.,0.));
#3293=DIRECTION('',(0.,0.,1.));
#3294=DIRECTION('',(-1.,0.,0.));
#3295=DIRECTION('',(0.,0.,1.));
#3296=DIRECTION('',(-1.,0.,0.));
#3297=DIRECTION('',(0.,0.,1.));
#3298=DIRECTION('',(-1.,0.,0.));
#3299=DIRECTION('',(0.,-1.,0.));
#3300=DIRECTION('',(-1.,0.,0.));
#3301=DIRECTION('',(0.,0.,1.));
#3302=DIRECTION('',(-1.,0.,0.));
#3303=DIRECTION('',(0.,0.,1.));
#3304=DIRECTION('',(-1.,0.,0.));
#3305=DIRECTION('',(0.,0.,1.));
#3306=DIRECTION('',(-1.,0.,0.));
#3307=DIRECTION('',(0.,-1.,0.));
#3308=DIRECTION('',(1.,0.,0.));
#3309=DIRECTION('',(0.,0.,-1.));
#3310=DIRECTION('',(1.,0.,0.));
#3311=DIRECTION('',(0.,0.,-1.));
#3312=DIRECTION('',(1.,0.,0.));
#3313=DIRECTION('',(0.,0.,-1.));
#3314=DIRECTION('',(1.,0.,0.));
#3315=DIRECTION('',(0.,1.,0.));
#3316=DIRECTION('',(1.,0.,0.));
#3317=DIRECTION('',(0.,0.,-1.));
#3318=DIRECTION('',(1.,0.,0.));
#3319=DIRECTION('',(0.,0.,-1.));
#3320=DIRECTION('',(1.,0.,0.));
#3321=DIRECTION('',(0.,0.,-1.));
#3322=DIRECTION('',(1.,0.,0.));
#3323=DIRECTION('',(0.,1.,0.));
#3324=DIRECTION('',(1.,0.,0.));
#3325=DIRECTION('',(0.,0.,-1.));
#3326=DIRECTION('',(1.,0.,0.));
#3327=DIRECTION('',(0.,0.,-1.));
#3328=DIRECTION('',(-1.,0.,0.));
#3329=DIRECTION('',(0.,0.,1.));
#3330=DIRECTION('',(-1.,0.,0.));
#3331=DIRECTION('',(0.,0.,1.));
#3332=DIRECTION('',(0.,0.,1.));
#3333=DIRECTION('',(1.,0.,0.));
#3334=DIRECTION('',(0.,0.,1.));
#3335=DIRECTION('',(1.,0.,0.));
#3336=DIRECTION('',(0.,0.,1.));
#3337=DIRECTION('',(1.,0.,0.));
#3338=DIRECTION('',(0.,0.,-1.));
#3339=DIRECTION('',(-1.,0.,0.));
#3340=DIRECTION('',(0.,0.,-1.));
#3341=DIRECTION('',(-1.,0.,0.));
#3342=DIRECTION('',(0.,0.,-1.));
#3343=DIRECTION('',(-1.,0.,0.));
#3344=CARTESIAN_POINT('',(0.,0.,0.));
#3345=CARTESIAN_POINT('',(-0.0185387906963541,0.143735243524657,-2.08166817117217E-17));
#3346=CARTESIAN_POINT('',(-0.0596387906959904,0.143735243524657,-0.01219));
#3347=CARTESIAN_POINT('',(-0.0596387906959904,0.143735243524657,0.0054));
#3348=CARTESIAN_POINT('',(-0.0596387906959904,0.143735243524657,-0.00893173409595502));
#3349=CARTESIAN_POINT('',(-0.0547675518158261,0.143735243524657,-0.00973));
#3350=CARTESIAN_POINT('',(-0.0547675518158261,0.143735243524657,-0.00573));
#3351=CARTESIAN_POINT('',(-0.000413790695990353,0.143735243524657,-0.00573));
#3352=CARTESIAN_POINT('',(0.0568575080707454,0.143735243524657,-0.00573));
#3353=CARTESIAN_POINT('',(0.0568575080707454,0.143735243524657,-0.00973));
#3354=CARTESIAN_POINT('',(0.0626612093040096,0.143735243524657,-0.00973));
#3355=CARTESIAN_POINT('',(0.0626612093040096,0.143735243524657,-0.005728));
#3356=CARTESIAN_POINT('',(0.0626612093040096,0.143735243524657,-0.02978));
#3357=CARTESIAN_POINT('',(0.0626612093040097,0.143735243524657,-0.030855));
#3358=CARTESIAN_POINT('',(0.0626612093040097,0.143735243524657,-0.03193));
#3359=CARTESIAN_POINT('',(0.0543112093040096,0.143735243524657,-0.03193));
#3360=CARTESIAN_POINT('',(0.0459612093040096,0.143735243524657,-0.03193));
#3361=CARTESIAN_POINT('',(0.0459612093040096,0.143735243524657,-0.03343));
#3362=CARTESIAN_POINT('',(0.0459612093040096,0.143735243524657,-0.03493));
#3363=CARTESIAN_POINT('',(-0.00041379069599036,0.143735243524657,-0.03493));
#3364=CARTESIAN_POINT('',(-0.0467887906959903,0.143735243524657,-0.03493));
#3365=CARTESIAN_POINT('',(-0.0467887906959903,0.143735243524657,-0.03343));
#3366=CARTESIAN_POINT('',(-0.0467887906959904,0.143735243524657,-0.03193));
#3367=CARTESIAN_POINT('',(-0.0532137906959904,0.143735243524657,-0.03193));
#3368=CARTESIAN_POINT('',(-0.0596387906959904,0.143735243524657,-0.03193));
#3369=CARTESIAN_POINT('',(-0.0596387906959904,0.143735243524657,-0.033365));
#3370=CARTESIAN_POINT('',(-0.0596387906959904,0.143735243524657,-0.0348));
#3371=CARTESIAN_POINT('',(-0.0602637906959904,0.143735243524657,-0.0348));
#3372=CARTESIAN_POINT('',(-0.0608887906959904,0.143735243524657,-0.0348));
#3373=CARTESIAN_POINT('',(-0.0608887906959904,0.143735243524657,-0.0363));
#3374=CARTESIAN_POINT('',(-0.0608887906959904,0.143735243524657,-0.0378));
#3375=CARTESIAN_POINT('',(-0.0803637906959904,0.143735243524657,-0.0378));
#3376=CARTESIAN_POINT('',(-0.0998387906959904,0.143735243524657,-0.0378));
#3377=CARTESIAN_POINT('',(-0.0998387906959904,0.143735243524657,-0.0009));
#3378=CARTESIAN_POINT('',(-0.0998387906959903,0.143735243524657,0.036));
#3379=CARTESIAN_POINT('',(-0.0803637906959904,0.143735243524657,0.036));
#3380=CARTESIAN_POINT('',(-0.0608887906959903,0.143735243524657,0.036));
#3381=CARTESIAN_POINT('',(-0.0608887906959904,0.143735243524657,0.0207));
#3382=CARTESIAN_POINT('',(-0.0608887906959904,0.143735243524657,0.0054));
#3383=CARTESIAN_POINT('',(-0.0602637906959904,0.143735243524657,0.0054));
#3384=CARTESIAN_POINT('',(-0.100649790696718,0.143735243524657,-0.040411));
#3385=CARTESIAN_POINT('',(-0.100649790696718,0.143735243524657,-0.0411));
#3386=CARTESIAN_POINT('',(-0.101338790696718,0.143735243524657,-0.040411));
#3387=CARTESIAN_POINT('',(-0.0185387906963541,0.143735243524657,-0.0411));
#3388=CARTESIAN_POINT('',(0.0635722093040097,0.143735243524657,-0.0411));
#3389=CARTESIAN_POINT('',(0.0635722093040097,0.143735243524657,-0.040411));
#3390=CARTESIAN_POINT('',(0.0642612093040096,0.143735243524657,-0.040411));
#3391=CARTESIAN_POINT('',(0.0642612093040097,0.143735243524657,0.000349999999999989));
#3392=CARTESIAN_POINT('',(0.0642612093040097,0.143735243524657,0.041111));
#3393=CARTESIAN_POINT('',(0.0635722093040097,0.143735243524657,0.041111));
#3394=CARTESIAN_POINT('',(0.0635722093040097,0.143735243524657,0.0418));
#3395=CARTESIAN_POINT('',(-0.0185387906963541,0.143735243524657,0.0418));
#3396=CARTESIAN_POINT('',(-0.100649790696718,0.143735243524657,0.0418));
#3397=CARTESIAN_POINT('',(-0.100649790696718,0.143735243524657,0.041111));
#3398=CARTESIAN_POINT('',(-0.101338790696718,0.143735243524657,0.041111));
#3399=CARTESIAN_POINT('',(-0.101338790696718,0.143735243524657,0.000349999999999969));
#3400=CARTESIAN_POINT('',(0.00596120930400963,0.143735243524657,0.03102));
#3401=CARTESIAN_POINT('',(0.0129612093040096,0.143735243524657,0.03627));
#3402=CARTESIAN_POINT('',(-0.00103879069599038,0.143735243524657,0.03627));
#3403=CARTESIAN_POINT('',(0.0169612093040096,0.143735243524657,0.03927));
#3404=CARTESIAN_POINT('',(0.0169612093040096,0.143735243524657,0.03427));
#3405=CARTESIAN_POINT('',(-0.0245811352665769,0.143735243524657,0.03427));
#3406=CARTESIAN_POINT('',(0.0568575080707454,0.143735243524657,0.03427));
#3407=CARTESIAN_POINT('',(0.0568575080707454,0.143735243524657,0.03027));
#3408=CARTESIAN_POINT('',(0.0626612093040096,0.143735243524657,0.03027));
#3409=CARTESIAN_POINT('',(0.0626612093040096,0.143735243524657,0.034272));
#3410=CARTESIAN_POINT('',(0.0626612093040096,0.143735243524657,0.01022));
#3411=CARTESIAN_POINT('',(0.0626612093040096,0.143735243524657,0.009145));
#3412=CARTESIAN_POINT('',(0.0626612093040096,0.143735243524657,0.00807));
#3413=CARTESIAN_POINT('',(0.0543112093040096,0.143735243524657,0.00807));
#3414=CARTESIAN_POINT('',(0.0459612093040096,0.143735243524657,0.00807));
#3415=CARTESIAN_POINT('',(0.0459612093040096,0.143735243524657,0.00657));
#3416=CARTESIAN_POINT('',(0.0459612093040096,0.143735243524657,0.00507));
#3417=CARTESIAN_POINT('',(-0.00041379069599036,0.143735243524657,0.00507));
#3418=CARTESIAN_POINT('',(-0.0467887906959903,0.143735243524657,0.00507));
#3419=CARTESIAN_POINT('',(-0.0467887906959903,0.143735243524657,0.00657));
#3420=CARTESIAN_POINT('',(-0.0467887906959903,0.143735243524657,0.00807));
#3421=CARTESIAN_POINT('',(-0.0532637906959903,0.143735243524657,0.00807));
#3422=CARTESIAN_POINT('',(-0.0597387906959903,0.143735243524657,0.00807));
#3423=CARTESIAN_POINT('',(-0.0597387906959903,0.143735243524657,0.009145));
#3424=CARTESIAN_POINT('',(-0.0597387906959903,0.143735243524657,0.01022));
#3425=CARTESIAN_POINT('',(-0.0597387906959903,0.143735243524657,0.034272));
#3426=CARTESIAN_POINT('',(-0.0597387906959903,0.143735243524657,0.03027));
#3427=CARTESIAN_POINT('',(-0.0547675518158261,0.143735243524657,0.03027));
#3428=CARTESIAN_POINT('',(-0.0547675518158261,0.143735243524657,0.03427));
#3429=CARTESIAN_POINT('',(-0.0245811352665769,0.143735243524657,0.03427));
#3430=CARTESIAN_POINT('',(-0.00503879069599039,0.143735243524657,0.03427));
#3431=CARTESIAN_POINT('',(-0.00503879069599038,0.143735243524657,0.03927));
#3432=CARTESIAN_POINT('',(-0.0245811352665769,0.143735243524657,0.03427));
#3433=CARTESIAN_POINT('',(-0.0185387906963541,0.150835243524657,0.03427));
#3434=CARTESIAN_POINT('',(-0.0202887906963541,0.150835243524657,0.03427));
#3435=CARTESIAN_POINT('',(-0.0245811352665769,0.156585243524657,0.03427));
#3436=CARTESIAN_POINT('',(-0.00853016744217981,0.156585243524657,0.03427));
#3437=CARTESIAN_POINT('',(-0.00503879069599039,0.156585243524657,0.03427));
#3438=CARTESIAN_POINT('',(-0.00503879069599038,0.143735243524657,0.03427));
#3439=CARTESIAN_POINT('',(-0.0441246323458939,0.1581574439662,0.03427));
#3440=CARTESIAN_POINT('',(-0.0503970291206814,0.149657730725821,0.03427));
#3441=CARTESIAN_POINT('',(-0.0500387906959904,0.150985243524658,0.03427));
#3442=CARTESIAN_POINT('',(-0.0487579218502454,0.150485243524658,0.03427));
#3443=CARTESIAN_POINT('',(-0.0245811352665769,0.150485243524658,0.03427));
#3444=CARTESIAN_POINT('',(-0.0467887906959903,0.150485243524658,0.03427));
#3445=CARTESIAN_POINT('',(-0.0467887906959903,0.143735243524657,0.03427));
#3446=CARTESIAN_POINT('',(-0.0467887906959903,0.158799709618724,0.03427));
#3447=CARTESIAN_POINT('',(-0.0245811352665769,0.158799709618724,0.03427));
#3448=CARTESIAN_POINT('',(-0.00853016744217981,0.158799709618724,0.03427));
#3449=CARTESIAN_POINT('',(-0.00853016744217981,0.156585243524657,0.03427));
#3450=CARTESIAN_POINT('',(-0.0809701205488314,0.160835243524658,0.03527));
#3451=CARTESIAN_POINT('',(-0.0809701205488314,0.160567476571691,0.0350022330470336));
#3452=CARTESIAN_POINT('',(0.0466934423510433,0.160567476571691,0.0350022330470336));
#3453=CARTESIAN_POINT('',(0.0207089104082829,0.160567476571691,0.0350022330470336));
#3454=CARTESIAN_POINT('',(0.00596120930400963,0.160827884211776,0.0352626406871193));
#3455=CARTESIAN_POINT('',(0.0207112074680947,0.160835243524658,0.03527));
#3456=CARTESIAN_POINT('',(-0.0809701205488314,0.160835243524658,0.03527));
#3457=CARTESIAN_POINT('',(0.0469612093040096,0.160835243524658,0.03527));
#3458=CARTESIAN_POINT('',(0.00431743268639588,0.118191466907044,-0.00737377661761365));
#3459=CARTESIAN_POINT('',(-0.0245811352665769,0.158799709618724,0.03677));
#3460=CARTESIAN_POINT('',(-0.0245811352665769,0.158799709618724,0.03427));
#3461=CARTESIAN_POINT('',(0.020452586050199,0.158799709618724,0.03427));
#3462=CARTESIAN_POINT('',(0.0459612093040096,0.158799709618724,0.03427));
#3463=CARTESIAN_POINT('',(0.020452586050199,0.158799709618724,0.03427));
#3464=CARTESIAN_POINT('',(0.020452586050199,0.159467841355233,0.03427));
#3465=CARTESIAN_POINT('',(0.0206805925992302,0.160095792362747,0.0345305488380893));
#3466=CARTESIAN_POINT('',(0.0207089104082829,0.160567476571691,0.0350022330470336));
#3467=CARTESIAN_POINT('',(0.0484612093040096,0.158799709618724,0.03677));
#3468=CARTESIAN_POINT('',(-0.0803637906959904,0.143735243524657,0.036));
#3469=CARTESIAN_POINT('',(-0.0881389906967178,0.150835243524657,0.036));
#3470=CARTESIAN_POINT('',(-0.0898889906967178,0.150835243524657,0.036));
#3471=CARTESIAN_POINT('',(-0.0998387906959903,0.143735243524657,0.036));
#3472=CARTESIAN_POINT('',(-0.0998387906959903,0.160835243524658,0.036));
#3473=CARTESIAN_POINT('',(-0.0803637906959904,0.160835243524658,0.036));
#3474=CARTESIAN_POINT('',(-0.0608887906959903,0.160835243524658,0.036));
#3475=CARTESIAN_POINT('',(-0.0608887906959903,0.143735243524657,0.036));
#3476=CARTESIAN_POINT('',(-0.0803637906959904,0.143905243524657,0.036));
#3477=CARTESIAN_POINT('',(-0.0934887906959903,0.143905243524657,0.036));
#3478=CARTESIAN_POINT('',(-0.0904887906959903,0.143905243524657,0.036));
#3479=CARTESIAN_POINT('',(-0.0904887906959903,0.143735243524657,0.036));
#3480=CARTESIAN_POINT('',(-0.0904887906959903,0.150555243524657,0.036));
#3481=CARTESIAN_POINT('',(-0.0803637906959904,0.150555243524657,0.036));
#3482=CARTESIAN_POINT('',(-0.0934887906959903,0.150555243524657,0.036));
#3483=CARTESIAN_POINT('',(-0.0934887906959903,0.143735243524657,0.036));
#3484=CARTESIAN_POINT('',(0.0459612093040096,0.143735243524657,-0.017755));
#3485=CARTESIAN_POINT('',(0.0459612093040096,0.143735243524657,-0.00573));
#3486=CARTESIAN_POINT('',(0.0459612093040096,0.150485243524658,-0.00573));
#3487=CARTESIAN_POINT('',(0.0459612093040096,0.158799709618724,-0.00573));
#3488=CARTESIAN_POINT('',(0.0459612093040096,0.158799709618724,-0.03193));
#3489=CARTESIAN_POINT('',(0.0459612093040096,0.158799709618724,-0.03193));
#3490=CARTESIAN_POINT('',(0.0459612093040096,0.160837243524658,-0.03193));
#3491=CARTESIAN_POINT('',(0.0459612093040096,0.158735243524658,-0.03193));
#3492=CARTESIAN_POINT('',(0.0459612093040096,0.158735243524658,-0.02988));
#3493=CARTESIAN_POINT('',(0.0459612093040096,0.158735243524658,-0.02978));
#3494=CARTESIAN_POINT('',(0.0459612093040096,0.143735243524657,-0.02978));
#3495=CARTESIAN_POINT('',(0.0459612093040096,0.154485243524658,-0.02978));
#3496=CARTESIAN_POINT('',(0.0459612093040096,0.154485243524658,-0.005728));
#3497=CARTESIAN_POINT('',(0.0459612093040096,0.154485243524658,-0.00973));
#3498=CARTESIAN_POINT('',(0.0459612093040096,0.150485243524658,-0.00973));
#3499=CARTESIAN_POINT('',(-0.0467887906959903,0.143735243524657,-0.017755));
#3500=CARTESIAN_POINT('',(-0.0467887906959904,0.160837243524658,-0.03193));
#3501=CARTESIAN_POINT('',(-0.0467887906959904,0.158799709618724,-0.03193));
#3502=CARTESIAN_POINT('',(-0.0467887906959904,0.158735243524658,-0.03193));
#3503=CARTESIAN_POINT('',(-0.0467887906959903,0.158799709618724,-0.017755));
#3504=CARTESIAN_POINT('',(-0.0467887906959903,0.158799709618724,-0.00573));
#3505=CARTESIAN_POINT('',(-0.0467887906959903,0.143735243524657,-0.00573));
#3506=CARTESIAN_POINT('',(-0.0467887906959903,0.150485243524658,-0.00573));
#3507=CARTESIAN_POINT('',(-0.0467887906959903,0.150485243524658,-0.00973));
#3508=CARTESIAN_POINT('',(-0.0467887906959903,0.154485243524658,-0.00973));
#3509=CARTESIAN_POINT('',(-0.0467887906959903,0.154485243524658,-0.005728));
#3510=CARTESIAN_POINT('',(-0.0467887906959903,0.154485243524658,-0.02978));
#3511=CARTESIAN_POINT('',(-0.0467887906959903,0.143735243524657,-0.02978));
#3512=CARTESIAN_POINT('',(-0.0467887906959903,0.158735243524658,-0.02978));
#3513=CARTESIAN_POINT('',(-0.0467887906959903,0.158735243524658,-0.030855));
#3514=CARTESIAN_POINT('',(-0.0532137906959904,0.143735243524657,-0.02978));
#3515=CARTESIAN_POINT('',(-0.0562968904008609,0.148399356233243,-0.02978));
#3516=CARTESIAN_POINT('',(-0.0596387906959904,0.143870753339256,-0.02978));
#3517=CARTESIAN_POINT('',(-0.0528549901057314,0.153063468941828,-0.02978));
#3518=CARTESIAN_POINT('',(-0.0596387906959904,0.143735243524657,-0.02978));
#3519=CARTESIAN_POINT('',(-0.0596387906959904,0.158735243524658,-0.02978));
#3520=CARTESIAN_POINT('',(-0.0532137906959904,0.158735243524658,-0.02978));
#3521=CARTESIAN_POINT('',(-0.0484137906959904,0.154485243524658,-0.02978));
#3522=CARTESIAN_POINT('',(-0.0500387906959904,0.154485243524658,-0.02978));
#3523=CARTESIAN_POINT('',(-0.0500387906959905,0.150985243524658,-0.02978));
#3524=CARTESIAN_POINT('',(-0.0596387906959904,0.143735243524657,-0.033365));
#3525=CARTESIAN_POINT('',(-0.0596387906959904,0.143870753339256,-0.033365));
#3526=CARTESIAN_POINT('',(-0.0596387906959904,0.143870753339256,-0.00973));
#3527=CARTESIAN_POINT('',(-0.0596387906959904,0.137134236749511,-0.00973));
#3528=CARTESIAN_POINT('',(-0.0596387906959904,0.143735243524657,0.0054));
#3529=CARTESIAN_POINT('',(-0.0596387906959904,0.160835243524658,0.0054));
#3530=CARTESIAN_POINT('',(-0.0596387906959904,0.160835243524658,-0.030855));
#3531=CARTESIAN_POINT('',(-0.0596387906959904,0.160835243524658,-0.0348));
#3532=CARTESIAN_POINT('',(-0.0596387906959904,0.143735243524657,-0.0348));
#3533=CARTESIAN_POINT('',(-0.0596387906959904,0.143735243524657,-0.03193));
#3534=CARTESIAN_POINT('',(-0.0596387906959904,0.158735243524658,-0.03193));
#3535=CARTESIAN_POINT('',(-0.0596387906959904,0.158735243524658,-0.030855));
#3536=CARTESIAN_POINT('',(-0.0500387906959904,0.150985243524658,-0.34619458294376));
#3537=CARTESIAN_POINT('',(-0.0500387906959904,0.150985243524658,0.00807));
#3538=CARTESIAN_POINT('',(-0.0514137906959904,0.150985243524658,0.00807));
#3539=CARTESIAN_POINT('',(-0.0500387906959904,0.150985243524658,-0.00573));
#3540=CARTESIAN_POINT('',(-0.0487579218502454,0.150485243524658,-0.00573));
#3541=CARTESIAN_POINT('',(-0.0503970291206814,0.149657730725821,-0.00573));
#3542=CARTESIAN_POINT('',(-0.0503970291206814,0.149657730725821,-0.00573));
#3543=CARTESIAN_POINT('',(-0.0508175718399342,0.149771217060109,-0.00573));
#3544=CARTESIAN_POINT('',(-0.0515036576546003,0.150405044429866,-0.00589395854478337));
#3545=CARTESIAN_POINT('',(-0.0514388980974461,0.151322028236497,-0.00617106944609374));
#3546=CARTESIAN_POINT('',(-0.0512197217526364,0.151689535253594,-0.00619318417860149));
#3547=CARTESIAN_POINT('',(-0.0512197217526364,0.151689535253594,-0.00619318417860147));
#3548=CARTESIAN_POINT('',(-0.0512197217526364,0.151689535253595,-0.00619318417860147));
#3549=CARTESIAN_POINT('',(-0.0509519425231584,0.152138537840765,-0.00622020290654031));
#3550=CARTESIAN_POINT('',(-0.0504177215177956,0.152404121358186,-0.00621984809118474));
#3551=CARTESIAN_POINT('',(-0.0499042721284102,0.152353647615186,-0.00619318417860147));
#3552=CARTESIAN_POINT('',(-0.0499042721284102,0.152353647615186,-0.00619318417860146));
#3553=CARTESIAN_POINT('',(-0.0499042721284102,0.152353647615187,-0.00619318417860146));
#3554=CARTESIAN_POINT('',(-0.049471027253286,0.152311058236496,-0.00617068536232809));
#3555=CARTESIAN_POINT('',(-0.0487036515918934,0.151820831181386,-0.00589358671382009));
#3556=CARTESIAN_POINT('',(-0.0486017235200504,0.150885382674466,-0.00573000000000001));
#3557=CARTESIAN_POINT('',(-0.0487579218502455,0.150485243524658,-0.00573));
#3558=CARTESIAN_POINT('',(0.0499612093040096,0.150985243524658,-0.34619458294376));
#3559=CARTESIAN_POINT('',(0.0499612093040096,0.150985243524658,0.00807));
#3560=CARTESIAN_POINT('',(0.0485862093040096,0.150985243524658,0.00807));
#3561=CARTESIAN_POINT('',(0.0499612093040096,0.150985243524658,-0.00573));
#3562=CARTESIAN_POINT('',(0.0505446635403531,0.149740170774135,-0.00573));
#3563=CARTESIAN_POINT('',(0.0486803404582647,0.150485243524658,-0.00573));
#3564=CARTESIAN_POINT('',(0.0486803404582647,0.150485243524658,-0.00573));
#3565=CARTESIAN_POINT('',(0.0485202027999638,0.150895474199754,-0.00573));
#3566=CARTESIAN_POINT('',(0.0486290552045652,0.151835138761693,-0.00589867444134747));
#3567=CARTESIAN_POINT('',(0.0494229383436641,0.152322613117788,-0.00617676058000714));
#3568=CARTESIAN_POINT('',(0.049854847021282,0.152356123557634,-0.00619449326090152));
#3569=CARTESIAN_POINT('',(0.049854847021282,0.152356123557634,-0.00619449326090152));
#3570=CARTESIAN_POINT('',(0.049854847021282,0.152356123557634,-0.00619449326090152));
#3571=CARTESIAN_POINT('',(0.0502769911463952,0.152388876396472,-0.00621182504294247));
#3572=CARTESIAN_POINT('',(0.0507030334189629,0.152216319212829,-0.00621162800850959));
#3573=CARTESIAN_POINT('',(0.0509831063599757,0.151905217115044,-0.0061944932609015));
#3574=CARTESIAN_POINT('',(0.0509831063599756,0.151905217115043,-0.00619449326090152));
#3575=CARTESIAN_POINT('',(0.0509831063599754,0.151905217115044,-0.00619449326090153));
#3576=CARTESIAN_POINT('',(0.0512777178124162,0.151577965790605,-0.00617646905312993));
#3577=CARTESIAN_POINT('',(0.0515119013617574,0.150684058045765,-0.00589805888555286));
#3578=CARTESIAN_POINT('',(0.0509381671808699,0.149924570734684,-0.00573000000000001));
#3579=CARTESIAN_POINT('',(0.050544663540353,0.149740170774135,-0.00573));
#3580=CARTESIAN_POINT('',(0.0459612093040096,0.143735243524657,0.022245));
#3581=CARTESIAN_POINT('',(0.0459612093040096,0.143735243524657,0.03427));
#3582=CARTESIAN_POINT('',(0.0459612093040096,0.150485243524658,0.03427));
#3583=CARTESIAN_POINT('',(0.0459612093040096,0.158799709618724,0.00807));
#3584=CARTESIAN_POINT('',(0.0459612093040096,0.158799709618724,0.00807));
#3585=CARTESIAN_POINT('',(0.0459612093040096,0.160837243524658,0.00807));
#3586=CARTESIAN_POINT('',(0.0459612093040096,0.158735243524658,0.00807));
#3587=CARTESIAN_POINT('',(0.0459612093040096,0.158735243524658,0.01012));
#3588=CARTESIAN_POINT('',(0.0459612093040096,0.158735243524658,0.01022));
#3589=CARTESIAN_POINT('',(0.0459612093040096,0.143735243524657,0.01022));
#3590=CARTESIAN_POINT('',(0.0459612093040096,0.154485243524658,0.01022));
#3591=CARTESIAN_POINT('',(0.0459612093040096,0.154485243524658,0.034272));
#3592=CARTESIAN_POINT('',(0.0459612093040096,0.154485243524658,0.03027));
#3593=CARTESIAN_POINT('',(0.0459612093040096,0.150485243524658,0.03027));
#3594=CARTESIAN_POINT('',(-0.0467887906959903,0.143735243524657,0.022245));
#3595=CARTESIAN_POINT('',(-0.0467887906959903,0.160837243524658,0.00807));
#3596=CARTESIAN_POINT('',(-0.0467887906959903,0.158799709618724,0.00807));
#3597=CARTESIAN_POINT('',(-0.0467887906959903,0.158735243524658,0.00807));
#3598=CARTESIAN_POINT('',(-0.0467887906959903,0.158799709618724,0.022245));
#3599=CARTESIAN_POINT('',(-0.0467887906959903,0.150485243524658,0.03027));
#3600=CARTESIAN_POINT('',(-0.0467887906959903,0.154485243524658,0.03027));
#3601=CARTESIAN_POINT('',(-0.0467887906959903,0.154485243524658,0.034272));
#3602=CARTESIAN_POINT('',(-0.0467887906959903,0.154485243524658,0.01022));
#3603=CARTESIAN_POINT('',(-0.0467887906959903,0.143735243524657,0.01022));
#3604=CARTESIAN_POINT('',(-0.0467887906959903,0.158735243524658,0.01022));
#3605=CARTESIAN_POINT('',(-0.0467887906959903,0.158735243524658,0.009145));
#3606=CARTESIAN_POINT('',(-0.0532637906959903,0.143735243524657,0.01022));
#3607=CARTESIAN_POINT('',(-0.0562968904008609,0.148399356233243,0.01022));
#3608=CARTESIAN_POINT('',(-0.0528549901057314,0.153063468941828,0.01022));
#3609=CARTESIAN_POINT('',(-0.0597387906959903,0.143735243524657,0.01022));
#3610=CARTESIAN_POINT('',(-0.0597387906959903,0.158735243524658,0.01022));
#3611=CARTESIAN_POINT('',(-0.0532637906959903,0.158735243524658,0.01022));
#3612=CARTESIAN_POINT('',(-0.0484137906959904,0.154485243524658,0.01022));
#3613=CARTESIAN_POINT('',(-0.0500387906959904,0.154485243524658,0.01022));
#3614=CARTESIAN_POINT('',(-0.0500387906959905,0.150985243524658,0.01022));
#3615=CARTESIAN_POINT('',(-0.0500387906959904,0.150985243524658,-0.34619458294376));
#3616=CARTESIAN_POINT('',(-0.0500387906959904,0.150985243524658,0.0418));
#3617=CARTESIAN_POINT('',(-0.0486637906959904,0.150985243524658,0.0418));
#3618=CARTESIAN_POINT('',(-0.0503970291206814,0.149657730725821,0.03427));
#3619=CARTESIAN_POINT('',(-0.0508175718399342,0.149771217060109,0.03427));
#3620=CARTESIAN_POINT('',(-0.0515036576546003,0.150405044429866,0.0341060414552166));
#3621=CARTESIAN_POINT('',(-0.0514388980974461,0.151322028236497,0.0338289305539063));
#3622=CARTESIAN_POINT('',(-0.0512197217526364,0.151689535253594,0.0338068158213985));
#3623=CARTESIAN_POINT('',(-0.0512197217526364,0.151689535253594,0.0338068158213986));
#3624=CARTESIAN_POINT('',(-0.0512197217526364,0.151689535253594,0.0338068158213986));
#3625=CARTESIAN_POINT('',(-0.0509519425231584,0.152138537840765,0.0337797970934597));
#3626=CARTESIAN_POINT('',(-0.0504177215177956,0.152404121358186,0.0337801519088153));
#3627=CARTESIAN_POINT('',(-0.0499042721284102,0.152353647615186,0.0338068158213985));
#3628=CARTESIAN_POINT('',(-0.0499042721284102,0.152353647615186,0.0338068158213986));
#3629=CARTESIAN_POINT('',(-0.0499042721284102,0.152353647615186,0.0338068158213986));
#3630=CARTESIAN_POINT('',(-0.049471027253286,0.152311058236496,0.0338293146376719));
#3631=CARTESIAN_POINT('',(-0.0487036515918934,0.151820831181386,0.0341064132861799));
#3632=CARTESIAN_POINT('',(-0.0486017235200504,0.150885382674466,0.03427));
#3633=CARTESIAN_POINT('',(-0.0487579218502454,0.150485243524658,0.03427));
#3634=CARTESIAN_POINT('',(-0.0245811352665769,0.143735243524657,0.03427));
#3635=CARTESIAN_POINT('',(0.0499612093040096,0.150985243524658,0.03427));
#3636=CARTESIAN_POINT('',(0.0508317199034389,0.149467115962072,0.03427));
#3637=CARTESIAN_POINT('',(0.0482841583208848,0.150485243524658,0.03427));
#3638=CARTESIAN_POINT('',(0.0141036702677853,0.184403706751772,0.03427));
#3639=CARTESIAN_POINT('',(0.0169612093040096,0.156585243524657,0.03427));
#3640=CARTESIAN_POINT('',(0.0169612093040096,0.156585243524657,0.03427));
#3641=CARTESIAN_POINT('',(-0.0245811352665769,0.156585243524657,0.03427));
#3642=CARTESIAN_POINT('',(0.020452586050199,0.156585243524657,0.03427));
#3643=CARTESIAN_POINT('',(0.020452586050199,0.158799709618724,0.03427));
#3644=CARTESIAN_POINT('',(-0.0245811352665769,0.150485243524658,0.03427));
#3645=CARTESIAN_POINT('',(-0.0597387906959903,0.143735243524657,0.009145));
#3646=CARTESIAN_POINT('',(-0.0597387906959903,0.158735243524658,0.009145));
#3647=CARTESIAN_POINT('',(-0.0597387906959903,0.158735243524658,0.00807));
#3648=CARTESIAN_POINT('',(-0.0597387906959903,0.143735243524657,0.00807));
#3649=CARTESIAN_POINT('',(-0.0467887906959903,0.143735243524657,0.00657));
#3650=CARTESIAN_POINT('',(-0.0467887906959903,0.143735243524657,0.00507));
#3651=CARTESIAN_POINT('',(-0.0467887906959903,0.153735243524658,0.00507));
#3652=CARTESIAN_POINT('',(-0.0467887906959903,0.153735243524658,0.00657));
#3653=CARTESIAN_POINT('',(-0.0467887906959903,0.153735243524658,0.00807));
#3654=CARTESIAN_POINT('',(-0.0467887906959903,0.143735243524657,0.00807));
#3655=CARTESIAN_POINT('',(-0.00041379069599036,0.143735243524657,0.00507));
#3656=CARTESIAN_POINT('',(0.0459612093040096,0.143735243524657,0.00507));
#3657=CARTESIAN_POINT('',(0.0459612093040096,0.153735243524658,0.00507));
#3658=CARTESIAN_POINT('',(-0.00041379069599036,0.153735243524658,0.00507));
#3659=CARTESIAN_POINT('',(0.0459612093040096,0.143735243524657,0.00657));
#3660=CARTESIAN_POINT('',(0.0459612093040096,0.153735243524658,0.00657));
#3661=CARTESIAN_POINT('',(0.0459612093040096,0.153735243524658,0.00807));
#3662=CARTESIAN_POINT('',(0.0459612093040096,0.143735243524657,0.00807));
#3663=CARTESIAN_POINT('',(0.0543112093040096,0.143735243524657,0.00807));
#3664=CARTESIAN_POINT('',(-0.0467887906959903,0.158799709618724,0.00807));
#3665=CARTESIAN_POINT('',(0.0543112093040096,0.158735243524658,0.00807));
#3666=CARTESIAN_POINT('',(-0.000413790695990353,0.153735243524658,0.00807));
#3667=CARTESIAN_POINT('',(0.0626612093040096,0.143735243524657,0.00807));
#3668=CARTESIAN_POINT('',(0.0626612093040096,0.158735243524658,0.00807));
#3669=CARTESIAN_POINT('',(0.0543112093040096,0.158735243524658,0.00807));
#3670=CARTESIAN_POINT('',(0.0626612093040096,0.143735243524657,0.009145));
#3671=CARTESIAN_POINT('',(0.0626612093040096,0.158735243524658,0.009145));
#3672=CARTESIAN_POINT('',(0.0626612093040096,0.158735243524658,0.01022));
#3673=CARTESIAN_POINT('',(0.0626612093040096,0.143735243524657,0.01022));
#3674=CARTESIAN_POINT('',(0.0543112093040096,0.143735243524657,-0.02978));
#3675=CARTESIAN_POINT('',(0.0479612093040096,0.154485243524658,-0.02978));
#3676=CARTESIAN_POINT('',(0.0499612093040096,0.154485243524658,-0.02978));
#3677=CARTESIAN_POINT('',(0.0543112093040096,0.158735243524658,-0.02978));
#3678=CARTESIAN_POINT('',(0.0626612093040097,0.158735243524658,-0.02978));
#3679=CARTESIAN_POINT('',(0.0626612093040097,0.143735243524657,-0.02978));
#3680=CARTESIAN_POINT('',(0.0575173361735113,0.148628217489164,-0.02978));
#3681=CARTESIAN_POINT('',(0.052373463043013,0.15352119145367,-0.02978));
#3682=CARTESIAN_POINT('',(0.0499612093040096,0.150985243524658,-0.02978));
#3683=CARTESIAN_POINT('',(-0.000413790695990353,0.143735243524657,-0.00573));
#3684=CARTESIAN_POINT('',(-0.000413790695990353,0.158799709618724,-0.00573));
#3685=CARTESIAN_POINT('',(-0.000413790695990353,0.150485243524658,-0.00573));
#3686=CARTESIAN_POINT('',(0.0267910958873325,0.172335126975769,-0.00573));
#3687=CARTESIAN_POINT('',(-0.0356038759438475,0.169703905168978,-0.00573));
#3688=CARTESIAN_POINT('',(-0.000413790695990353,0.150485243524658,-0.00573));
#3689=CARTESIAN_POINT('',(-0.0602637906959904,0.143735243524657,0.0054));
#3690=CARTESIAN_POINT('',(-0.0608887906959904,0.143735243524657,0.0054));
#3691=CARTESIAN_POINT('',(-0.0608887906959904,0.160835243524658,0.0054));
#3692=CARTESIAN_POINT('',(-0.0602637906959904,0.160835243524658,0.0054));
#3693=CARTESIAN_POINT('',(-0.0608887906959904,0.143735243524657,0.0207));
#3694=CARTESIAN_POINT('',(-0.0608887906959904,0.160835243524658,0.0207));
#3695=CARTESIAN_POINT('',(-0.0998387906959904,0.143735243524657,-0.0009));
#3696=CARTESIAN_POINT('',(-0.0998387906959904,0.143735243524657,-0.0378));
#3697=CARTESIAN_POINT('',(-0.0998387906959904,0.160835243524658,-0.0378));
#3698=CARTESIAN_POINT('',(-0.0998387906959904,0.160835243524658,-0.0009));
#3699=CARTESIAN_POINT('',(-0.0803637906959904,0.143735243524657,-0.0378));
#3700=CARTESIAN_POINT('',(-0.0881389906967178,0.150835243524657,-0.0378));
#3701=CARTESIAN_POINT('',(-0.0898889906967178,0.150835243524657,-0.0378));
#3702=CARTESIAN_POINT('',(-0.0608887906959904,0.143735243524657,-0.0378));
#3703=CARTESIAN_POINT('',(-0.0608887906959904,0.160835243524658,-0.0378));
#3704=CARTESIAN_POINT('',(-0.0803637906959904,0.160835243524658,-0.0378));
#3705=CARTESIAN_POINT('',(-0.0608887906959904,0.143735243524657,-0.0363));
#3706=CARTESIAN_POINT('',(-0.0608887906959904,0.143735243524657,-0.0348));
#3707=CARTESIAN_POINT('',(-0.0608887906959904,0.160835243524658,-0.0348));
#3708=CARTESIAN_POINT('',(-0.0608887906959904,0.160835243524658,-0.0363));
#3709=CARTESIAN_POINT('',(-0.0602637906959904,0.143735243524657,-0.0348));
#3710=CARTESIAN_POINT('',(-0.0602637906959904,0.160835243524658,-0.0348));
#3711=CARTESIAN_POINT('',(-0.0467887906959903,0.143735243524657,-0.03343));
#3712=CARTESIAN_POINT('',(-0.0467887906959903,0.143735243524657,-0.03493));
#3713=CARTESIAN_POINT('',(-0.0467887906959903,0.153735243524658,-0.03493));
#3714=CARTESIAN_POINT('',(-0.0467887906959903,0.153735243524658,-0.03343));
#3715=CARTESIAN_POINT('',(-0.0467887906959904,0.153735243524658,-0.03193));
#3716=CARTESIAN_POINT('',(-0.0467887906959904,0.143735243524657,-0.03193));
#3717=CARTESIAN_POINT('',(-0.00041379069599036,0.143735243524657,-0.03493));
#3718=CARTESIAN_POINT('',(0.0459612093040096,0.143735243524657,-0.03493));
#3719=CARTESIAN_POINT('',(0.0459612093040096,0.153735243524658,-0.03493));
#3720=CARTESIAN_POINT('',(-0.00041379069599036,0.153735243524658,-0.03493));
#3721=CARTESIAN_POINT('',(0.0459612093040096,0.143735243524657,-0.03343));
#3722=CARTESIAN_POINT('',(0.0459612093040096,0.153735243524658,-0.03343));
#3723=CARTESIAN_POINT('',(0.0459612093040096,0.153735243524658,-0.03193));
#3724=CARTESIAN_POINT('',(0.0459612093040096,0.143735243524657,-0.03193));
#3725=CARTESIAN_POINT('',(0.0543112093040096,0.143735243524657,-0.03193));
#3726=CARTESIAN_POINT('',(-0.0500387906959904,0.150985243524658,-0.03193));
#3727=CARTESIAN_POINT('',(-0.0514137906959904,0.150985243524658,-0.03193));
#3728=CARTESIAN_POINT('',(0.0499612093040096,0.150985243524658,-0.03193));
#3729=CARTESIAN_POINT('',(0.0485862093040096,0.150985243524658,-0.03193));
#3730=CARTESIAN_POINT('',(-0.0467887906959904,0.158799709618724,-0.03193));
#3731=CARTESIAN_POINT('',(0.0543112093040096,0.158735243524658,-0.03193));
#3732=CARTESIAN_POINT('',(-0.000413790695990367,0.153735243524658,-0.03193));
#3733=CARTESIAN_POINT('',(0.0626612093040097,0.143735243524657,-0.03193));
#3734=CARTESIAN_POINT('',(0.0626612093040097,0.158735243524658,-0.03193));
#3735=CARTESIAN_POINT('',(0.0543112093040096,0.158735243524658,-0.03193));
#3736=CARTESIAN_POINT('',(-0.100649790696718,0.143735243524657,-0.040411));
#3737=CARTESIAN_POINT('',(-0.101338790696718,0.149381187473468,-0.040411));
#3738=CARTESIAN_POINT('',(-0.101338790696718,0.149545995879845,-0.0406368630165688));
#3739=CARTESIAN_POINT('',(-0.101159855778083,0.15001871021219,-0.040906701188101));
#3740=CARTESIAN_POINT('',(-0.100981775810293,0.150837883593362,-0.0410136227843127));
#3741=CARTESIAN_POINT('',(-0.101159491495645,0.151648747821675,-0.040907487642925));
#3742=CARTESIAN_POINT('',(-0.101338790696718,0.152125100385436,-0.0406360281116092));
#3743=CARTESIAN_POINT('',(-0.101338790696718,0.152289299575846,-0.040411));
#3744=CARTESIAN_POINT('',(-0.101338790696718,0.149381187473468,-0.040411));
#3745=CARTESIAN_POINT('',(-0.101338790696718,0.152289299575846,-0.040411));
#3746=CARTESIAN_POINT('',(-0.101338790696718,0.143735243524657,-0.040411));
#3747=CARTESIAN_POINT('',(-0.101338790696718,0.160835243524658,-0.040411));
#3748=CARTESIAN_POINT('',(-0.100649790696718,0.160835243524658,-0.040411));
#3749=CARTESIAN_POINT('',(-0.100649790696718,0.160835243524658,-0.0411));
#3750=CARTESIAN_POINT('',(-0.100649790696718,0.143735243524657,-0.0411));
#3751=CARTESIAN_POINT('',(-0.101338790696718,0.143735243524657,-0.040411));
#3752=CARTESIAN_POINT('',(-0.101338790696718,0.143735243524657,0.000349999999999969));
#3753=CARTESIAN_POINT('',(-0.101338790696718,0.143735243524657,0.041111));
#3754=CARTESIAN_POINT('',(-0.101338790696718,0.149932592429272,0.041111));
#3755=CARTESIAN_POINT('',(-0.101338790696718,0.150835243524657,0.03905));
#3756=CARTESIAN_POINT('',(-0.101338790696718,0.151737894620043,0.041111));
#3757=CARTESIAN_POINT('',(-0.101338790696718,0.143735243524657,0.041111));
#3758=CARTESIAN_POINT('',(-0.101338790696718,0.160835243524658,0.041111));
#3759=CARTESIAN_POINT('',(-0.101338790696718,0.160835243524658,0.000349999999999969));
#3760=CARTESIAN_POINT('',(-0.101338790696718,0.150835243524657,-0.03935));
#3761=CARTESIAN_POINT('',(-0.100649790696718,0.143735243524657,0.041111));
#3762=CARTESIAN_POINT('',(-0.101338790696718,0.151737894620043,0.041111));
#3763=CARTESIAN_POINT('',(-0.101338790696718,0.151452452314975,0.0412360144635316));
#3764=CARTESIAN_POINT('',(-0.101293164806637,0.150836057190901,0.0413377142104685));
#3765=CARTESIAN_POINT('',(-0.101338790696718,0.150217711233562,0.0412358727806925));
#3766=CARTESIAN_POINT('',(-0.101338790696718,0.149932592429272,0.041111));
#3767=CARTESIAN_POINT('',(-0.100649790696718,0.143735243524657,0.0418));
#3768=CARTESIAN_POINT('',(-0.100649790696718,0.160835243524658,0.0418));
#3769=CARTESIAN_POINT('',(-0.100649790696718,0.160835243524658,0.041111));
#3770=CARTESIAN_POINT('',(-0.0185387906963541,0.143735243524657,0.0418));
#3771=CARTESIAN_POINT('',(0.0499612093040096,0.150985243524658,0.0418));
#3772=CARTESIAN_POINT('',(0.0522112093040096,0.150985243524658,0.0418));
#3773=CARTESIAN_POINT('',(-0.0185387906963541,0.150835243524657,0.0418));
#3774=CARTESIAN_POINT('',(-0.0162887906963541,0.150835243524657,0.0418));
#3775=CARTESIAN_POINT('',(-0.0881389906967178,0.150835243524657,0.0418));
#3776=CARTESIAN_POINT('',(-0.0858889906967178,0.150835243524657,0.0418));
#3777=CARTESIAN_POINT('',(0.0635722093040097,0.143735243524657,0.0418));
#3778=CARTESIAN_POINT('',(0.0635722093040097,0.160835243524658,0.0418));
#3779=CARTESIAN_POINT('',(-0.0185387906963541,0.160835243524658,0.0418));
#3780=CARTESIAN_POINT('',(0.0635722093040097,0.143735243524657,0.041111));
#3781=CARTESIAN_POINT('',(0.0642612093040097,0.143735243524657,0.041111));
#3782=CARTESIAN_POINT('',(0.0642612093040097,0.149932592429272,0.041111));
#3783=CARTESIAN_POINT('',(0.0642612093040097,0.149932592429272,0.041111));
#3784=CARTESIAN_POINT('',(0.0642612093040097,0.15021803473434,0.0412360144635316));
#3785=CARTESIAN_POINT('',(0.0642155834139294,0.150834429858414,0.0413377142104686));
#3786=CARTESIAN_POINT('',(0.0642612093040101,0.151452775815753,0.0412358727806924));
#3787=CARTESIAN_POINT('',(0.0642612093040101,0.151737894620043,0.041111));
#3788=CARTESIAN_POINT('',(0.0642612093040097,0.151737894620043,0.041111));
#3789=CARTESIAN_POINT('',(0.0642612093040097,0.143735243524657,0.041111));
#3790=CARTESIAN_POINT('',(0.0642612093040097,0.160835243524658,0.041111));
#3791=CARTESIAN_POINT('',(0.0635722093040097,0.160835243524658,0.041111));
#3792=CARTESIAN_POINT('',(0.0642612093040097,0.143735243524657,0.000349999999999989));
#3793=CARTESIAN_POINT('',(0.0642612093040096,0.143735243524657,-0.040411));
#3794=CARTESIAN_POINT('',(0.0642612093040096,0.149932592429272,-0.040411));
#3795=CARTESIAN_POINT('',(0.0642612093040097,0.150835243524657,-0.03835));
#3796=CARTESIAN_POINT('',(0.0642612093040096,0.151737894620043,-0.040411));
#3797=CARTESIAN_POINT('',(0.0642612093040096,0.143735243524657,-0.040411));
#3798=CARTESIAN_POINT('',(0.0642612093040096,0.160835243524658,-0.040411));
#3799=CARTESIAN_POINT('',(0.0642612093040097,0.160835243524658,0.000349999999999989));
#3800=CARTESIAN_POINT('',(0.0642612093040097,0.150835243524657,0.03905));
#3801=CARTESIAN_POINT('',(0.0635722093040097,0.143735243524657,-0.040411));
#3802=CARTESIAN_POINT('',(0.0642612093040097,0.151737894620043,-0.040411));
#3803=CARTESIAN_POINT('',(0.0642612093040097,0.151452452314975,-0.0405360144635316));
#3804=CARTESIAN_POINT('',(0.0642155834139293,0.150836057190901,-0.0406377142104686));
#3805=CARTESIAN_POINT('',(0.0642612093040101,0.150217711233562,-0.0405358727806925));
#3806=CARTESIAN_POINT('',(0.0642612093040101,0.149932592429272,-0.040411));
#3807=CARTESIAN_POINT('',(0.0635722093040097,0.143735243524657,-0.0411));
#3808=CARTESIAN_POINT('',(0.0635722093040097,0.160835243524658,-0.0411));
#3809=CARTESIAN_POINT('',(0.0635722093040097,0.160835243524658,-0.040411));
#3810=CARTESIAN_POINT('',(0.0626612093040097,0.143735243524657,-0.030855));
#3811=CARTESIAN_POINT('',(0.0626612093040097,0.158735243524658,-0.030855));
#3812=CARTESIAN_POINT('',(-0.0185387906963541,0.143735243524657,-0.0411));
#3813=CARTESIAN_POINT('',(-0.0185387906963541,0.150835243524657,-0.0411));
#3814=CARTESIAN_POINT('',(-0.0207887906963541,0.150835243524657,-0.0411));
#3815=CARTESIAN_POINT('',(0.0510614093040097,0.150835243524657,-0.0411));
#3816=CARTESIAN_POINT('',(0.0488114093040097,0.150835243524657,-0.0411));
#3817=CARTESIAN_POINT('',(-0.0881389906967178,0.150835243524657,-0.0411));
#3818=CARTESIAN_POINT('',(-0.0903889906967178,0.150835243524657,-0.0411));
#3819=CARTESIAN_POINT('',(-0.0185387906963541,0.160835243524658,-0.0411));
#3820=CARTESIAN_POINT('',(0.0543112093040096,0.143735243524657,0.01022));
#3821=CARTESIAN_POINT('',(0.0479612093040096,0.154485243524658,0.01022));
#3822=CARTESIAN_POINT('',(0.0499612093040096,0.154485243524658,0.01022));
#3823=CARTESIAN_POINT('',(0.0543112093040096,0.158735243524658,0.01022));
#3824=CARTESIAN_POINT('',(0.0575173361735113,0.148628217489164,0.01022));
#3825=CARTESIAN_POINT('',(0.052373463043013,0.15352119145367,0.01022));
#3826=CARTESIAN_POINT('',(0.0499612093040096,0.150985243524658,0.01022));
#3827=CARTESIAN_POINT('',(-0.0185387906963541,0.153735243524658,-2.08166817117217E-17));
#3828=CARTESIAN_POINT('',(-0.0185387906963541,0.153735243524658,-2.08166817117217E-17));
#3829=CARTESIAN_POINT('',(-0.0185387906963541,0.158735243524658,-2.08166817117217E-17));
#3830=CARTESIAN_POINT('',(-0.0185387906963541,0.158735243524658,-2.08166817117217E-17));
#3831=CARTESIAN_POINT('',(-0.0185387906963541,0.158735243524658,-2.08166817117217E-17));
#3832=CARTESIAN_POINT('',(-0.0185387906963541,0.158735243524658,-2.08166817117217E-17));
#3833=CARTESIAN_POINT('',(-0.0809701205488314,0.160835243524658,0.0436002));
#3834=CARTESIAN_POINT('',(0.00596120930400963,0.160835243524658,0.03102));
#3835=CARTESIAN_POINT('',(0.0145843384023585,0.160835243524658,0.0295353638313688));
#3836=CARTESIAN_POINT('',(-0.00266191979433923,0.160835243524658,0.0295353638313683));
#3837=CARTESIAN_POINT('',(-0.00266191979433923,0.160835243524658,0.0295353638313683));
#3838=CARTESIAN_POINT('',(-0.00285872812305303,0.160835243524658,0.0306784746230808));
#3839=CARTESIAN_POINT('',(-0.00387910517883968,0.160835243524658,0.0327999658786681));
#3840=CARTESIAN_POINT('',(-0.00572660111676163,0.160835243524658,0.0342486293630595));
#3841=CARTESIAN_POINT('',(-0.00675801172895218,0.160835243524658,0.0347702839957591));
#3842=CARTESIAN_POINT('',(-0.0067580117289523,0.160835243524658,0.0347702839957589));
#3843=CARTESIAN_POINT('',(-0.0067580117289523,0.160835243524658,0.0347702839957589));
#3844=CARTESIAN_POINT('',(-0.00739091587627631,0.160835243524658,0.0350903867527057));
#3845=CARTESIAN_POINT('',(-0.00808911868964591,0.160835243524658,0.0352700000000001));
#3846=CARTESIAN_POINT('',(-0.00878878886007548,0.160835243524658,0.0352700000000001));
#3847=CARTESIAN_POINT('',(-0.00878878886007548,0.160835243524658,0.03527));
#3848=CARTESIAN_POINT('',(-0.0809701205488314,0.160835243524658,0.03527));
#3849=CARTESIAN_POINT('',(-0.0477887906959903,0.160835243524658,0.03527));
#3850=CARTESIAN_POINT('',(-0.0477887906959903,0.160835243524658,0.0436002));
#3851=CARTESIAN_POINT('',(-0.0477887906959903,0.160835243524658,0.00707));
#3852=CARTESIAN_POINT('',(0.0459612093040096,0.160835243524658,0.00707));
#3853=CARTESIAN_POINT('',(0.0469612093040096,0.160835243524658,0.00707));
#3854=CARTESIAN_POINT('',(0.0469612093040096,0.160835243524658,0.03427));
#3855=CARTESIAN_POINT('',(0.0186804303369715,0.160835243524658,0.0347702839957589));
#3856=CARTESIAN_POINT('',(0.0193133344842956,0.160835243524658,0.0350903867527057));
#3857=CARTESIAN_POINT('',(0.0200115372976652,0.160835243524658,0.0352700000000001));
#3858=CARTESIAN_POINT('',(0.0207112074680947,0.160835243524658,0.0352700000000001));
#3859=CARTESIAN_POINT('',(0.0186804303369715,0.160835243524658,0.0347702839957589));
#3860=CARTESIAN_POINT('',(0.0145843384023585,0.160835243524658,0.0295353638313688));
#3861=CARTESIAN_POINT('',(0.0147811467310724,0.160835243524658,0.0306784746230811));
#3862=CARTESIAN_POINT('',(0.015801523786859,0.160835243524658,0.0327999658786681));
#3863=CARTESIAN_POINT('',(0.0176490197247809,0.160835243524658,0.0342486293630595));
#3864=CARTESIAN_POINT('',(0.0186804303369714,0.160835243524658,0.0347702839957591));
#3865=CARTESIAN_POINT('',(-0.0477887906959903,0.160835243524658,0.0436002));
#3866=CARTESIAN_POINT('',(-0.0477887906959903,0.160835243524658,-0.00473));
#3867=CARTESIAN_POINT('',(-0.0477887906959903,0.160835243524658,-0.03293));
#3868=CARTESIAN_POINT('',(0.0459612093040096,0.160835243524658,-0.03293));
#3869=CARTESIAN_POINT('',(0.0469612093040096,0.160835243524658,-0.03293));
#3870=CARTESIAN_POINT('',(0.0469612093040096,0.160835243524658,-0.00573));
#3871=CARTESIAN_POINT('',(0.0469612093040096,0.160835243524658,-0.00473));
#3872=CARTESIAN_POINT('',(-0.0809701205488314,0.160835243524658,-0.00473));
#3873=CARTESIAN_POINT('',(0.00596120930400963,0.160835243524658,0.03102));
#3874=CARTESIAN_POINT('',(0.00596120930400963,0.160835243524658,0.03702));
#3875=CARTESIAN_POINT('',(0.0543112093040096,0.143735243524657,-0.03493));
#3876=CARTESIAN_POINT('',(0.0499612093040096,0.150985243524658,-0.03493));
#3877=CARTESIAN_POINT('',(0.0485862093040096,0.150985243524658,-0.03493));
#3878=CARTESIAN_POINT('',(0.0499612093040096,0.150985243524658,-0.34619458294376));
#3879=CARTESIAN_POINT('',(0.0543112093040096,0.143735243524657,-0.03493));
#3880=CARTESIAN_POINT('',(-0.0500387906959904,0.150985243524658,-0.03493));
#3881=CARTESIAN_POINT('',(-0.0514137906959904,0.150985243524658,-0.03493));
#3882=CARTESIAN_POINT('',(-0.0500387906959904,0.150985243524658,-0.34619458294376));
#3883=CARTESIAN_POINT('',(-0.0562968904008609,0.148399356233243,0.034272));
#3884=CARTESIAN_POINT('',(-0.0528549901057314,0.153063468941828,0.034272));
#3885=CARTESIAN_POINT('',(-0.0528549901057314,0.153063468941828,0.03027));
#3886=CARTESIAN_POINT('',(-0.0562968904008609,0.148399356233243,0.03027));
#3887=CARTESIAN_POINT('',(-0.0500387906959905,0.150985243524658,0.034272));
#3888=CARTESIAN_POINT('',(-0.0500387906959904,0.154485243524658,0.034272));
#3889=CARTESIAN_POINT('',(-0.0500387906959904,0.154485243524658,0.03027));
#3890=CARTESIAN_POINT('',(-0.0500387906959904,0.150985243524658,0.03027));
#3891=CARTESIAN_POINT('',(-0.0484137906959904,0.154485243524658,0.034272));
#3892=CARTESIAN_POINT('',(-0.0484137906959904,0.154485243524658,0.03027));
#3893=CARTESIAN_POINT('',(0.0479612093040096,0.154485243524658,0.034272));
#3894=CARTESIAN_POINT('',(0.0499612093040096,0.154485243524658,0.034272));
#3895=CARTESIAN_POINT('',(0.0499612093040096,0.154485243524658,0.03027));
#3896=CARTESIAN_POINT('',(0.0479612093040096,0.154485243524658,0.03027));
#3897=CARTESIAN_POINT('',(0.0499612093040096,0.150985243524658,0.034272));
#3898=CARTESIAN_POINT('',(0.052373463043013,0.15352119145367,0.034272));
#3899=CARTESIAN_POINT('',(0.052373463043013,0.15352119145367,0.03027));
#3900=CARTESIAN_POINT('',(0.0499612093040097,0.150985243524658,0.03027));
#3901=CARTESIAN_POINT('',(0.0575173361735113,0.148628217489164,0.034272));
#3902=CARTESIAN_POINT('',(0.0575173361735113,0.148628217489164,0.03027));
#3903=CARTESIAN_POINT('',(0.0479612093040096,0.154485243524658,-0.005728));
#3904=CARTESIAN_POINT('',(0.0499612093040096,0.154485243524658,-0.005728));
#3905=CARTESIAN_POINT('',(0.0499612093040096,0.154485243524658,-0.00973));
#3906=CARTESIAN_POINT('',(0.0479612093040096,0.154485243524658,-0.00973));
#3907=CARTESIAN_POINT('',(0.0499612093040096,0.150985243524658,-0.005728));
#3908=CARTESIAN_POINT('',(0.052373463043013,0.15352119145367,-0.005728));
#3909=CARTESIAN_POINT('',(0.052373463043013,0.15352119145367,-0.00973));
#3910=CARTESIAN_POINT('',(0.0499612093040097,0.150985243524658,-0.00973));
#3911=CARTESIAN_POINT('',(0.0575173361735113,0.148628217489164,-0.005728));
#3912=CARTESIAN_POINT('',(0.0575173361735113,0.148628217489164,-0.00973));
#3913=CARTESIAN_POINT('',(-0.0562968904008609,0.148399356233243,-0.005728));
#3914=CARTESIAN_POINT('',(-0.0528549901057314,0.153063468941828,-0.005728));
#3915=CARTESIAN_POINT('',(-0.0528549901057314,0.153063468941828,-0.00973));
#3916=CARTESIAN_POINT('',(-0.0562968904008609,0.148399356233243,-0.00973));
#3917=CARTESIAN_POINT('',(-0.0500387906959905,0.150985243524658,-0.005728));
#3918=CARTESIAN_POINT('',(-0.0500387906959904,0.154485243524658,-0.005728));
#3919=CARTESIAN_POINT('',(-0.0500387906959904,0.154485243524658,-0.00973));
#3920=CARTESIAN_POINT('',(-0.0500387906959904,0.150985243524658,-0.00973));
#3921=CARTESIAN_POINT('',(-0.0484137906959904,0.154485243524658,-0.005728));
#3922=CARTESIAN_POINT('',(-0.0484137906959904,0.154485243524658,-0.00973));
#3923=CARTESIAN_POINT('',(-0.0484137906959904,0.150485243524658,0.03027));
#3924=CARTESIAN_POINT('',(-0.0497863628000979,0.150485243524658,0.03027));
#3925=CARTESIAN_POINT('',(-0.0499028169090473,0.152330588050272,0.0338189017430445));
#3926=CARTESIAN_POINT('',(-0.050581774319564,0.152060765747853,0.0339592029248493));
#3927=CARTESIAN_POINT('',(-0.0512020314499985,0.151674672064502,0.0338189017430445));
#3928=CARTESIAN_POINT('',(-0.0499435514688122,0.152976072332448,0.0334832652637259));
#3929=CARTESIAN_POINT('',(-0.0508862746800302,0.152663908992749,0.033708929417777));
#3930=CARTESIAN_POINT('',(-0.0516972191234376,0.152090723060155,0.0334832652637197));
#3931=CARTESIAN_POINT('',(-0.0500131008266303,0.154078159048816,0.0324513776136859));
#3932=CARTESIAN_POINT('',(-0.0515032832304552,0.153886057100126,0.0328443248310712));
#3933=CARTESIAN_POINT('',(-0.0525426924711241,0.152801080056236,0.0324513776136892));
#3934=CARTESIAN_POINT('',(-0.0500387906958977,0.154485243524658,0.0309975314705833));
#3935=CARTESIAN_POINT('',(-0.0518057859638453,0.15448524351795,0.0311597858597287));
#3936=CARTESIAN_POINT('',(-0.0528549901057842,0.153063468941757,0.0309975314705826));
#3937=CARTESIAN_POINT('',(-0.0500387906959905,0.154485243524658,0.03027));
#3938=CARTESIAN_POINT('',(-0.051805785967238,0.154485243524658,0.03027));
#3939=CARTESIAN_POINT('',(-0.0528549901057314,0.153063468941828,0.03027));
#3940=CARTESIAN_POINT('',(-0.0497863628000979,0.150485243524658,0.03027));
#3941=CARTESIAN_POINT('',(-0.0530783767897283,0.146024241470762,0.03027));
#3942=CARTESIAN_POINT('',(0.0547604747575075,0.145729991284578,0.03027));
#3943=CARTESIAN_POINT('',(0.0508317199034389,0.149467115962072,0.03427));
#3944=CARTESIAN_POINT('',(0.0513076289886918,0.149740007327256,0.03427));
#3945=CARTESIAN_POINT('',(0.0519332374688383,0.150716200218444,0.0340073958846756));
#3946=CARTESIAN_POINT('',(0.0516031473917596,0.151798187688209,0.0335971140456527));
#3947=CARTESIAN_POINT('',(0.0512292486271222,0.152191301680403,0.0335786783482622));
#3948=CARTESIAN_POINT('',(0.0512292486271223,0.152191301680403,0.0335786783482622));
#3949=CARTESIAN_POINT('',(0.0497613853685339,0.150485243524658,0.03027));
#3950=CARTESIAN_POINT('',(0.0512165962266603,0.15217659613418,0.033591758669526));
#3951=CARTESIAN_POINT('',(0.0505746571651345,0.152520214447096,0.0337215454546088));
#3952=CARTESIAN_POINT('',(0.0498727089954914,0.152713677804915,0.0335917586695265));
#3953=CARTESIAN_POINT('',(0.0515708574463508,0.152588344462585,0.0332278191050238));
#3954=CARTESIAN_POINT('',(0.050790247446174,0.153059665040236,0.0334059691655409));
#3955=CARTESIAN_POINT('',(0.0498998099778671,0.153256175025617,0.0332278191050277));
#3956=CARTESIAN_POINT('',(0.0521601817461096,0.153273300314072,0.0322290993911839));
#3957=CARTESIAN_POINT('',(0.0511907017550121,0.154061682911357,0.0324661094774432));
#3958=CARTESIAN_POINT('',(0.049944893285388,0.154158635630946,0.0322290993911828));
#3959=CARTESIAN_POINT('',(0.0523734630430589,0.153521191453627,0.0309232651483125));
#3960=CARTESIAN_POINT('',(0.0513599768507173,0.154485243520602,0.0310145616875691));
#3961=CARTESIAN_POINT('',(0.0499612093039442,0.154485243524658,0.0309232651483125));
#3962=CARTESIAN_POINT('',(0.052373463043013,0.15352119145367,0.03027));
#3963=CARTESIAN_POINT('',(0.0513599768523395,0.154485243524658,0.03027));
#3964=CARTESIAN_POINT('',(0.0499612093040097,0.154485243524658,0.03027));
#3965=CARTESIAN_POINT('',(0.0512292486271223,0.152191301680403,0.0335786783482622));
#3966=CARTESIAN_POINT('',(0.0508806357395316,0.152557830315778,0.0335614894128875));
#3967=CARTESIAN_POINT('',(0.0503788849342476,0.15275835445851,0.0335614893749358));
#3968=CARTESIAN_POINT('',(0.0498736769040947,0.152733053033433,0.0335786783482623));
#3969=CARTESIAN_POINT('',(0.0498736769040947,0.152733053033433,0.0335786783482623));
#3970=CARTESIAN_POINT('',(0.0497613853685339,0.150485243524658,0.03027));
#3971=CARTESIAN_POINT('',(0.0479612093040096,0.150485243524658,0.03027));
#3972=CARTESIAN_POINT('',(0.0498736769040947,0.152733053033433,0.0335786783482623));
#3973=CARTESIAN_POINT('',(0.0493316230306047,0.152705906324257,0.0335971209481753));
#3974=CARTESIAN_POINT('',(0.0483449910397445,0.152146492585007,0.0340085788098023));
#3975=CARTESIAN_POINT('',(0.0481273692715617,0.151011129983279,0.03427));
#3976=CARTESIAN_POINT('',(0.0482841583208848,0.150485243524658,0.03427));
#3977=CARTESIAN_POINT('',(0.0547604747575075,0.145729991284578,-0.00973));
#3978=CARTESIAN_POINT('',(0.0497613853685339,0.150485243524658,-0.00973));
#3979=CARTESIAN_POINT('',(0.0509680632784611,0.151887732944257,-0.00618239895930578));
#3980=CARTESIAN_POINT('',(0.0504277517655384,0.152152627352871,-0.00608840250457667));
#3981=CARTESIAN_POINT('',(0.0498536962255842,0.152333087364397,-0.00618239895930539));
#3982=CARTESIAN_POINT('',(0.0513891506247757,0.152377151490022,-0.00651827311514621));
#3983=CARTESIAN_POINT('',(0.0506750348183819,0.152771379686659,-0.00636854649733993));
#3984=CARTESIAN_POINT('',(0.04988590940648,0.152977918642438,-0.00651827311514534));
#3985=CARTESIAN_POINT('',(0.0521079807129943,0.153212628451242,-0.00755002704922216));
#3986=CARTESIAN_POINT('',(0.051149043708208,0.153957446032253,-0.00729892520107163));
#3987=CARTESIAN_POINT('',(0.0499408999064895,0.154078697681742,-0.00755002704922189));
#3988=CARTESIAN_POINT('',(0.052373463043064,0.153521191453622,-0.00900293811609301));
#3989=CARTESIAN_POINT('',(0.0513599768505341,0.154485243520144,-0.00890132817412188));
#3990=CARTESIAN_POINT('',(0.0499612093039368,0.154485243524658,-0.00900293811609277));
#3991=CARTESIAN_POINT('',(0.052373463043013,0.15352119145367,-0.00973000000000002));
#3992=CARTESIAN_POINT('',(0.0513599768523395,0.154485243524658,-0.00973000000000002));
#3993=CARTESIAN_POINT('',(0.0499612093040097,0.154485243524658,-0.00973000000000001));
#3994=CARTESIAN_POINT('',(0.0497613853685339,0.150485243524658,-0.00973));
#3995=CARTESIAN_POINT('',(0.0479612093040096,0.150485243524658,-0.00973));
#3996=CARTESIAN_POINT('',(-0.0484137906959904,0.150485243524658,-0.00973));
#3997=CARTESIAN_POINT('',(-0.0497863628000979,0.150485243524658,-0.00973));
#3998=CARTESIAN_POINT('',(-0.0499028169090473,0.152330588050272,-0.00618109825695547));
#3999=CARTESIAN_POINT('',(-0.050581774319564,0.152060765747853,-0.00604079707515068));
#4000=CARTESIAN_POINT('',(-0.0512020314499985,0.151674672064502,-0.00618109825695551));
#4001=CARTESIAN_POINT('',(-0.0499435514688122,0.152976072332447,-0.0065167347362739));
#4002=CARTESIAN_POINT('',(-0.0508862746800313,0.152663908992755,-0.0062910705822225));
#4003=CARTESIAN_POINT('',(-0.051697219123436,0.152090723060154,-0.00651673473627948));
#4004=CARTESIAN_POINT('',(-0.0500131008266303,0.154078159048816,-0.00754862238631219));
#4005=CARTESIAN_POINT('',(-0.0515032832304547,0.153886057100123,-0.00715567516892658));
#4006=CARTESIAN_POINT('',(-0.0525426924711249,0.152801080056236,-0.00754862238630936));
#4007=CARTESIAN_POINT('',(-0.0500387906958977,0.154485243524658,-0.00900246852942083));
#4008=CARTESIAN_POINT('',(-0.0518057859638453,0.15448524351795,-0.00884021414027642));
#4009=CARTESIAN_POINT('',(-0.0528549901057842,0.153063468941757,-0.00900246852942106));
#4010=CARTESIAN_POINT('',(-0.0500387906959905,0.154485243524658,-0.00973000000000002));
#4011=CARTESIAN_POINT('',(-0.051805785967238,0.154485243524658,-0.00973000000000002));
#4012=CARTESIAN_POINT('',(-0.0528549901057314,0.153063468941828,-0.00973000000000001));
#4013=CARTESIAN_POINT('',(-0.0497863628000979,0.150485243524658,-0.00973));
#4014=CARTESIAN_POINT('',(-0.0530783767897283,0.146024241470762,-0.00973));
#4015=CARTESIAN_POINT('',(-0.0185387906963541,0.150835243524657,-0.0361));
#4016=CARTESIAN_POINT('',(-0.0185387906963541,0.150835243524657,-0.0402339745962156));
#4017=CARTESIAN_POINT('',(-0.0202887906963541,0.150835243524657,-0.0402339745962156));
#4018=CARTESIAN_POINT('',(-0.0185387906963541,0.150835243524657,-0.0361));
#4019=CARTESIAN_POINT('',(-0.0202887906963541,0.150835243524657,-0.0361));
#4020=CARTESIAN_POINT('',(-0.0185387906963541,0.152285243524657,-0.0361));
#4021=CARTESIAN_POINT('',(0.0510614093040097,0.150835243524657,-0.0361));
#4022=CARTESIAN_POINT('',(0.0510614093040097,0.150835243524657,-0.0402339745962156));
#4023=CARTESIAN_POINT('',(0.0493114093040097,0.150835243524657,-0.0402339745962156));
#4024=CARTESIAN_POINT('',(0.0510614093040097,0.150835243524657,-0.0361));
#4025=CARTESIAN_POINT('',(0.0493114093040097,0.150835243524657,-0.0361));
#4026=CARTESIAN_POINT('',(-0.0185387906963541,0.152285243524657,-0.0361));
#4027=CARTESIAN_POINT('',(-0.0881389906967178,0.150835243524657,-0.0361));
#4028=CARTESIAN_POINT('',(-0.0881389906967178,0.150835243524657,-0.0402339745962156));
#4029=CARTESIAN_POINT('',(-0.0898889906967178,0.150835243524657,-0.0402339745962156));
#4030=CARTESIAN_POINT('',(-0.0904887906959903,0.150555243524657,0.0364197916666667));
#4031=CARTESIAN_POINT('',(-0.0933387906967178,0.150555243524657,0.0373225452249046));
#4032=CARTESIAN_POINT('',(-0.0934887906959903,0.150555243524657,0.0373225452249046));
#4033=CARTESIAN_POINT('',(-0.0933387906967178,0.150555243524657,0.0373225452249046));
#4034=CARTESIAN_POINT('',(-0.0934887906959903,0.150555243524657,0.0364197916666667));
#4035=CARTESIAN_POINT('',(-0.0904887906959903,0.150555243524657,0.0364197916666667));
#4036=CARTESIAN_POINT('',(-0.0904887906959903,0.150555243524657,0.0379395833333333));
#4037=CARTESIAN_POINT('',(-0.0904887906959903,0.150555243524657,0.0379395833333333));
#4038=CARTESIAN_POINT('',(-0.0933387906967178,0.150555243524657,0.0379395833333333));
#4039=CARTESIAN_POINT('',(-0.0933387906967178,0.150555243524657,0.0364197916666667));
#4040=CARTESIAN_POINT('',(-0.0904887906959903,0.147058814953229,0.0369197916666667));
#4041=CARTESIAN_POINT('',(-0.0933387906967178,0.149724863461813,0.0376973891483369));
#4042=CARTESIAN_POINT('',(-0.0933387906967178,0.149724863461813,0.0376973891483369));
#4043=CARTESIAN_POINT('',(-0.0934887906959903,0.149724863461813,0.0376973891483369));
#4044=CARTESIAN_POINT('',(-0.0933387906967178,0.147058814953229,0.0369197916666667));
#4045=CARTESIAN_POINT('',(-0.0904887906959903,0.147058814953229,0.0369197916666667));
#4046=CARTESIAN_POINT('',(-0.0934887906959903,0.147058814953229,0.0369197916666667));
#4047=CARTESIAN_POINT('',(-0.0904887906959903,0.147058814953229,0.0364197916666667));
#4048=CARTESIAN_POINT('',(-0.0934887906959903,0.147058814953229,0.0364197916666667));
#4049=CARTESIAN_POINT('',(-0.0934887906959903,0.150835243524657,0.03905));
#4050=CARTESIAN_POINT('',(-0.0809701205488314,0.160835243524658,-0.00473));
#4051=CARTESIAN_POINT('',(0.00431743268639527,0.118191466907043,-0.0473737766176137));
#4052=CARTESIAN_POINT('',(0.0466934423510433,0.160567476571691,-0.00499776695296638));
#4053=CARTESIAN_POINT('',(-0.0809701205488314,0.160567476571691,-0.00499776695296636));
#4054=CARTESIAN_POINT('',(-0.047521023743024,0.160567476571691,-0.00499776695296636));
#4055=CARTESIAN_POINT('',(-0.0638988573626569,0.176945310191324,0.0113800666666665));
#4056=CARTESIAN_POINT('',(0.0459612093040096,0.159835243524657,-0.017755));
#4057=CARTESIAN_POINT('',(0.048744542637343,0.162618576857991,-0.0347133333333334));
#4058=CARTESIAN_POINT('',(0.0466934423510433,0.160567476571691,-0.0326622330470336));
#4059=CARTESIAN_POINT('',(0.0466934423510433,0.160567476571691,-0.00573));
#4060=CARTESIAN_POINT('',(-0.0477887906959903,0.160835243524658,0.0436002));
#4061=CARTESIAN_POINT('',(-0.047521023743024,0.160567476571691,0.0436002));
#4062=CARTESIAN_POINT('',(-0.047521023743024,0.160567476571691,-0.0326622330470336));
#4063=CARTESIAN_POINT('',(-0.0130887906959903,0.126135243524657,0.00176999999999975));
#4064=CARTESIAN_POINT('',(0.0543112093040096,0.159835243524657,-0.03193));
#4065=CARTESIAN_POINT('',(0.0459612093040096,0.160567476571691,-0.0326622330470336));
#4066=CARTESIAN_POINT('',(-0.0809701205488314,0.160835243524658,0.03527));
#4067=CARTESIAN_POINT('',(0.00596120930400963,0.160827884211776,0.0352626406871193));
#4068=CARTESIAN_POINT('',(-0.00878649180026371,0.160567476571691,0.0350022330470336));
#4069=CARTESIAN_POINT('',(-0.0809701205488314,0.160567476571691,0.0350022330470336));
#4070=CARTESIAN_POINT('',(-0.047521023743024,0.160567476571691,0.0350022330470336));
#4071=CARTESIAN_POINT('',(-0.0505655240293237,0.163611976857991,0.0380467333333334));
#4072=CARTESIAN_POINT('',(0.0459612093040096,0.159835243524657,0.022245));
#4073=CARTESIAN_POINT('',(0.048744542637343,0.162618576857991,0.00528666666666666));
#4074=CARTESIAN_POINT('',(0.0466934423510433,0.160567476571691,0.00733776695296637));
#4075=CARTESIAN_POINT('',(0.0466934423510433,0.160567476571691,0.03427));
#4076=CARTESIAN_POINT('',(-0.0477887906959903,0.160835243524658,0.0436002));
#4077=CARTESIAN_POINT('',(-0.047521023743024,0.160567476571691,0.0436002));
#4078=CARTESIAN_POINT('',(-0.047521023743024,0.160567476571691,0.00733776695296638));
#4079=CARTESIAN_POINT('',(-0.0130887906959904,0.126135243524657,0.04177));
#4080=CARTESIAN_POINT('',(0.0543112093040096,0.159835243524657,0.00807));
#4081=CARTESIAN_POINT('',(0.0459612093040096,0.160567476571691,0.00733776695296637));
#4082=CARTESIAN_POINT('',(0.0543112093040096,0.158799709618724,0.00557));
#4083=CARTESIAN_POINT('',(0.0484612093040096,0.158799709618724,0.00557));
#4084=CARTESIAN_POINT('',(-0.0492887906959903,0.158799709618724,0.00557));
#4085=CARTESIAN_POINT('',(-0.0492887906959903,0.158799709618724,0.022245));
#4086=CARTESIAN_POINT('',(-0.0492887906959903,0.158799709618724,0.03677));
#4087=CARTESIAN_POINT('',(0.0484612093040096,0.158799709618724,0.022245));
#4088=CARTESIAN_POINT('',(-0.0245811352665769,0.158799709618724,0.03677));
#4089=CARTESIAN_POINT('',(-0.00878649180026371,0.160567476571691,0.0350022330470336));
#4090=CARTESIAN_POINT('',(-0.00875810789990833,0.16009469149284,0.0345294479681824));
#4091=CARTESIAN_POINT('',(-0.00853016744217982,0.159467535336474,0.03427));
#4092=CARTESIAN_POINT('',(-0.00853016744217982,0.158799709618724,0.03427));
#4093=CARTESIAN_POINT('',(-0.0492887906959903,0.158799709618724,-0.017755));
#4094=CARTESIAN_POINT('',(-0.0492887906959903,0.158799709618724,-0.03443));
#4095=CARTESIAN_POINT('',(-0.0492887906959903,0.158799709618724,-0.00323));
#4096=CARTESIAN_POINT('',(-0.000413790695990353,0.158799709618724,-0.00323));
#4097=CARTESIAN_POINT('',(0.0484612093040096,0.158799709618724,-0.00323));
#4098=CARTESIAN_POINT('',(0.0543112093040096,0.158799709618724,-0.03443));
#4099=CARTESIAN_POINT('',(0.0484612093040096,0.158799709618724,-0.03443));
#4100=CARTESIAN_POINT('',(0.0484612093040096,0.158799709618724,-0.017755));
#4101=CARTESIAN_POINT('',(0.00596120930400963,0.143733243524657,0.03102));
#4102=CARTESIAN_POINT('',(0.00596120930400963,0.156585243524657,0.03102));
#4103=CARTESIAN_POINT('',(-0.00103879069599038,0.156585243524657,0.03627));
#4104=CARTESIAN_POINT('',(0.0129612093040096,0.156585243524657,0.03627));
#4105=CARTESIAN_POINT('',(0.0129612093040096,0.143733243524657,0.03627));
#4106=CARTESIAN_POINT('',(-0.00103879069599038,0.143733243524657,0.03627));
#4107=CARTESIAN_POINT('',(0.00596120930400963,0.156585243524657,0.03102));
#4108=CARTESIAN_POINT('',(0.00596120930400963,0.156585243524657,0.03102));
#4109=CARTESIAN_POINT('',(0.00596120930400963,0.156585243524657,0.03702));
#4110=CARTESIAN_POINT('',(0.00596120930400963,0.156585243524657,0.03102));
#4111=CARTESIAN_POINT('',(-0.00263537012169598,0.156585243524657,0.0293886440677966));
#4112=CARTESIAN_POINT('',(-0.00263537012169598,0.156585243524657,0.0293886440677966));
#4113=CARTESIAN_POINT('',(-0.00263537012169598,0.158799709618724,0.0293886440677966));
#4114=CARTESIAN_POINT('',(-0.00263537012169598,0.158799709618724,0.0293886440677966));
#4115=CARTESIAN_POINT('',(-0.00263537012169598,0.159481873806816,0.0293886440677966));
#4116=CARTESIAN_POINT('',(-0.00264500698512064,0.160163875221502,0.0294371301089325));
#4117=CARTESIAN_POINT('',(-0.00266191979433922,0.160835243524658,0.0295353638313683));
#4118=CARTESIAN_POINT('',(0.0145843384023585,0.160835243524658,0.0295353638313684));
#4119=CARTESIAN_POINT('',(0.0145673748025453,0.160161859045782,0.0294368351047668));
#4120=CARTESIAN_POINT('',(0.0145577887297152,0.15948328863865,0.0293886440677966));
#4121=CARTESIAN_POINT('',(0.0145577887297152,0.158799709618724,0.0293886440677966));
#4122=CARTESIAN_POINT('',(0.0145577887297152,0.158799709618724,0.0293886440677966));
#4123=CARTESIAN_POINT('',(0.0145577887297152,0.156585243524657,0.0293886440677966));
#4124=CARTESIAN_POINT('',(0.0145577887297152,0.156585243524657,0.0293886440677966));
#4125=CARTESIAN_POINT('',(0.00596120930400963,0.156585243524657,0.03102));
#4126=CARTESIAN_POINT('',(-0.0185387906963541,0.156585243524657,0.000349999999999989));
#4127=CARTESIAN_POINT('',(0.020452586050199,0.156585243524657,0.02827));
#4128=CARTESIAN_POINT('',(0.0169612093040096,0.156585243524657,0.03927));
#4129=CARTESIAN_POINT('',(-0.00503879069599038,0.156585243524657,0.03927));
#4130=CARTESIAN_POINT('',(-0.00853016744217982,0.156585243524657,0.02827));
#4131=CARTESIAN_POINT('',(-0.00853016744217982,0.156585243524657,0.02827));
#4132=CARTESIAN_POINT('',(-0.00853016744217982,0.158799709618724,0.02827));
#4133=CARTESIAN_POINT('',(-0.00878649180026371,0.160567476571691,0.0350022330470335));
#4134=CARTESIAN_POINT('',(-0.0028613946552271,0.160619787794773,0.0350545442701153));
#4135=CARTESIAN_POINT('',(-0.00278742694428811,0.164810117258811,0.0308655208914746));
#4136=CARTESIAN_POINT('',(-0.00877246808602296,0.160333886392438,0.0347686428677808));
#4137=CARTESIAN_POINT('',(-0.00308115719416117,0.16054515125472,0.0349663490337691));
#4138=CARTESIAN_POINT('',(-0.00277910779489659,0.164015910647133,0.0303943813787181));
#4139=CARTESIAN_POINT('',(-0.00862514433541131,0.15978212021517,0.0344017938421875));
#4140=CARTESIAN_POINT('',(-0.00345141119504118,0.160166426825008,0.0345353786635414));
#4141=CARTESIAN_POINT('',(-0.00269171234492556,0.162139905647797,0.0296544655451756));
#4142=CARTESIAN_POINT('',(-0.00853016744232788,0.159130021724244,0.03427));
#4143=CARTESIAN_POINT('',(-0.00356169541466599,0.159254596583452,0.0342700000004798));
#4144=CARTESIAN_POINT('',(-0.00263537012179715,0.159922770777395,0.0293886440683297));
#4145=CARTESIAN_POINT('',(-0.00853016744217982,0.158799709618724,0.03427));
#4146=CARTESIAN_POINT('',(-0.00356169541491487,0.158799709618724,0.03427));
#4147=CARTESIAN_POINT('',(-0.00263537012169598,0.158799709618724,0.0293886440677966));
#4148=CARTESIAN_POINT('',(-0.00878649180026371,0.164810117258811,0.0307595923599144));
#4149=CARTESIAN_POINT('',(-0.00674557393514452,0.160838524201893,0.034767222938958));
#4150=CARTESIAN_POINT('',(-0.00773466774988875,0.160576762867121,0.0350115193424639));
#4151=CARTESIAN_POINT('',(-0.00878649180026371,0.160567476571691,0.0350022330470336));
#4152=CARTESIAN_POINT('',(-0.00674214026006047,0.160923458372813,0.0348496447361344));
#4153=CARTESIAN_POINT('',(-0.00773350680958767,0.160663415341078,0.0350981718164198));
#4154=CARTESIAN_POINT('',(-0.00878807742333309,0.160657275377465,0.0350920318528075));
#4155=CARTESIAN_POINT('',(-0.00673795197100712,0.161008314751535,0.0349319843223907));
#4156=CARTESIAN_POINT('',(-0.0077315570854853,0.160750025475019,0.0351847819503618));
#4157=CARTESIAN_POINT('',(-0.00878884284570933,0.160747088665564,0.0351818451409061));
#4158=CARTESIAN_POINT('',(-0.00673301340706222,0.161093076934519,0.0350142256718458));
#4159=CARTESIAN_POINT('',(-0.00772882117547442,0.16083657745331,0.0352713339286528));
#4160=CARTESIAN_POINT('',(-0.00878878793969754,0.160836901452541,0.0352716579278834));
#4161=CARTESIAN_POINT('',(0.020452586050199,0.156585243524657,0.02827));
#4162=CARTESIAN_POINT('',(0.020452586050199,0.158799709618724,0.02827));
#4163=CARTESIAN_POINT('',(0.020452586050199,0.158799709618724,0.03427));
#4164=CARTESIAN_POINT('',(0.0154841140229341,0.158799709618724,0.03427));
#4165=CARTESIAN_POINT('',(0.0145577887297152,0.158799709618724,0.0293886440677966));
#4166=CARTESIAN_POINT('',(0.0204525860507445,0.159130015067269,0.03427));
#4167=CARTESIAN_POINT('',(0.0154841140222925,0.159254587415892,0.0342700000013823));
#4168=CARTESIAN_POINT('',(0.0145577887300207,0.159922748143832,0.0293886440694063));
#4169=CARTESIAN_POINT('',(0.0205471833586063,0.159780231802922,0.0344009928331725));
#4170=CARTESIAN_POINT('',(0.0153745690463572,0.160164413333891,0.0345342940728665));
#4171=CARTESIAN_POINT('',(0.014613905775688,0.162133485045417,0.0296528499505768));
#4172=CARTESIAN_POINT('',(0.0206948902364151,0.160333945388141,0.0347687018634836));
#4173=CARTESIAN_POINT('',(0.0150035213664919,0.160545169743328,0.0349663708809895));
#4174=CARTESIAN_POINT('',(0.0147015285039923,0.164016111233842,0.0303945003692639));
#4175=CARTESIAN_POINT('',(0.0207089104082829,0.160567476571691,0.0350022330470335));
#4176=CARTESIAN_POINT('',(0.0147838132632463,0.160619787794773,0.0350545442701153));
#4177=CARTESIAN_POINT('',(0.0147098455523074,0.164810117258811,0.0308655208914746));
#4178=CARTESIAN_POINT('',(0.0207089104082829,0.164810117258811,0.0307595923599144));
#4179=CARTESIAN_POINT('',(0.0186554320150815,0.161093076934519,0.0350142256718458));
#4180=CARTESIAN_POINT('',(0.0196512397834937,0.16083657745331,0.0352713339286528));
#4181=CARTESIAN_POINT('',(0.0207112065477168,0.160836901452541,0.0352716579278834));
#4182=CARTESIAN_POINT('',(0.0186603705790261,0.16100831475154,0.0349319843223934));
#4183=CARTESIAN_POINT('',(0.0196539756935043,0.160750025475023,0.035184781950365));
#4184=CARTESIAN_POINT('',(0.0207112614537283,0.160747088665567,0.0351818451409097));
#4185=CARTESIAN_POINT('',(0.0186645588680793,0.160923458372811,0.0348496447361338));
#4186=CARTESIAN_POINT('',(0.0196559254176067,0.160663415341076,0.0350981718164193));
#4187=CARTESIAN_POINT('',(0.0207104960313524,0.160657275377465,0.0350920318528071));
#4188=CARTESIAN_POINT('',(0.0186679925431638,0.160838524201893,0.034767222938958));
#4189=CARTESIAN_POINT('',(0.019657086357908,0.160576762867121,0.0350115193424639));
#4190=CARTESIAN_POINT('',(0.020708910408283,0.160567476571691,0.0350022330470336));
#4191=CARTESIAN_POINT('',(0.0169612093040096,0.143733243524657,0.03927));
#4192=CARTESIAN_POINT('',(-0.00503879069599038,0.143733243524657,0.03927));
#4193=CARTESIAN_POINT('',(-0.0185387906963541,0.150835243524657,0.0338));
#4194=CARTESIAN_POINT('',(-0.0185387906963541,0.150835243524657,0.0409339745962156));
#4195=CARTESIAN_POINT('',(-0.0167887906963541,0.150835243524657,0.0409339745962156));
#4196=CARTESIAN_POINT('',(-0.0881389906967178,0.150835243524657,0.0338));
#4197=CARTESIAN_POINT('',(-0.0881389906967178,0.150835243524657,0.0409339745962156));
#4198=CARTESIAN_POINT('',(-0.0863889906967178,0.150835243524657,0.0409339745962156));
#4199=CARTESIAN_POINT('',(0.0499612093040096,0.150985243524658,0.0318));
#4200=CARTESIAN_POINT('',(0.0499612093040096,0.150985243524658,0.0409339745962156));
#4201=CARTESIAN_POINT('',(0.0517112093040096,0.150985243524658,0.0409339745962156));
#4202=CARTESIAN_POINT('',(-0.0933387906967178,0.150835243524657,0.03905));
#4203=CARTESIAN_POINT('',(-0.100472765292933,0.150835243524657,0.03905));
#4204=CARTESIAN_POINT('',(-0.100472765292933,0.150835243524657,0.0408));
#4205=CARTESIAN_POINT('',(-0.0933387906967178,0.150835243524657,0.03905));
#4206=CARTESIAN_POINT('',(-0.0933387906967178,0.152285243524657,0.000230499999999967));
#4207=CARTESIAN_POINT('',(-0.0933387906967178,0.150835243524657,-0.03935));
#4208=CARTESIAN_POINT('',(-0.100472765292933,0.150835243524657,-0.03935));
#4209=CARTESIAN_POINT('',(-0.100472765292933,0.150835243524657,-0.03805));
#4210=CARTESIAN_POINT('',(-0.0933387906967178,0.150835243524657,-0.03935));
#4211=CARTESIAN_POINT('',(-0.0933387906967178,0.150835243524657,-0.03805));
#4212=CARTESIAN_POINT('',(-0.0933387906967178,0.152285243524657,0.000230499999999967));
#4213=CARTESIAN_POINT('',(0.0562612093040097,0.150835243524657,-0.03835));
#4214=CARTESIAN_POINT('',(0.0633951839002252,0.150835243524657,-0.03835));
#4215=CARTESIAN_POINT('',(0.0633951839002252,0.150835243524657,-0.0401));
#4216=CARTESIAN_POINT('',(0.0562612093040097,0.150835243524657,-0.03835));
#4217=CARTESIAN_POINT('',(0.0562612093040097,0.150835243524657,-0.0401));
#4218=CARTESIAN_POINT('',(0.0562612093040097,0.152285243524657,0.000349999999999996));
#4219=CARTESIAN_POINT('',(0.0562612093040097,0.150835243524657,0.03905));
#4220=CARTESIAN_POINT('',(0.0633951839002252,0.150835243524657,0.03905));
#4221=CARTESIAN_POINT('',(0.0633951839002252,0.150835243524657,0.0373));
#4222=CARTESIAN_POINT('',(0.0562612093040097,0.150835243524657,0.03905));
#4223=CARTESIAN_POINT('',(0.0562612093040097,0.150835243524657,0.0373));
#4224=CARTESIAN_POINT('',(0.0562612093040097,0.152285243524657,0.000349999999999996));
#4225=CARTESIAN_POINT('',(0.0633951839002252,0.150835243524657,-0.03835));
#4226=CARTESIAN_POINT('',(0.0633951839002252,0.150835243524657,0.03905));
#4227=CARTESIAN_POINT('',(-0.100472765292933,0.150835243524657,0.03905));
#4228=CARTESIAN_POINT('',(-0.100472765292933,0.150835243524657,-0.03935));
#4229=CARTESIAN_POINT('',(0.0499612093040096,0.150985243524658,0.0409339745962156));
#4230=CARTESIAN_POINT('',(-0.0185387906963541,0.150835243524657,0.0418));
#4231=CARTESIAN_POINT('',(-0.0881389906967178,0.150835243524657,0.0418));
#4232=CARTESIAN_POINT('',(-0.0185387906963541,0.150835243524657,-0.0402339745962156));
#4233=CARTESIAN_POINT('',(0.0510614093040097,0.150835243524657,-0.0402339745962156));
#4234=CARTESIAN_POINT('',(-0.0881389906967178,0.150835243524657,-0.0402339745962156));
#4235=MECHANICAL_DESIGN_GEOMETRIC_PRESENTATION_REPRESENTATION('',(#2432),
#4236);
#4236=(
GEOMETRIC_REPRESENTATION_CONTEXT(3)
GLOBAL_UNCERTAINTY_ASSIGNED_CONTEXT((#4237))
GLOBAL_UNIT_ASSIGNED_CONTEXT((#4240,#4239,#4238))
REPRESENTATION_CONTEXT('Rear Bracket','TOP_LEVEL_ASSEMBLY_PART')
);
#4237=UNCERTAINTY_MEASURE_WITH_UNIT(LENGTH_MEASURE(2.E-5),#4240,
'DISTANCE_ACCURACY_VALUE','Maximum Tolerance applied to model');
#4238=(
NAMED_UNIT(*)
SI_UNIT($,.STERADIAN.)
SOLID_ANGLE_UNIT()
);
#4239=(
NAMED_UNIT(*)
PLANE_ANGLE_UNIT()
SI_UNIT($,.RADIAN.)
);
#4240=(
LENGTH_UNIT()
NAMED_UNIT(*)
SI_UNIT($,.METRE.)
);
#4241=PRODUCT_DEFINITION_SHAPE('','',#4242);
#4242=PRODUCT_DEFINITION('','',#4244,#4243);
#4243=PRODUCT_DEFINITION_CONTEXT('',#4250,'design');
#4244=PRODUCT_DEFINITION_FORMATION_WITH_SPECIFIED_SOURCE('','',#4246,
 .NOT_KNOWN.);
#4245=PRODUCT_RELATED_PRODUCT_CATEGORY('','',(#4246));
#4246=PRODUCT('Rear Bracket','Rear Bracket','Rear Bracket',(#4248));
#4247=PRODUCT_CATEGORY('','');
#4248=PRODUCT_CONTEXT('',#4250,'mechanical');
#4249=APPLICATION_PROTOCOL_DEFINITION('international standard',
'ap242_managed_model_based_3d_engineering',2011,#4250);
#4250=APPLICATION_CONTEXT('managed model based 3d engineering');
ENDSEC;
END-ISO-10303-21;
